q_id,year,marks,text,answer,exam_type,role,source
0aab37dcac-0,0,,How can the system distinguish between the pages that are in main memory from the pages that are on the disk?,,midsem,pool,os questions bank /Classified OS Questions bank 2.pdf
0aab37dcac-1,0,,Why seek() does not cause disk seek until read/write operation ?,,midsem,pool,os questions bank /Classified OS Questions bank 2.pdf
0aab37dcac-2,0,,"Explain best fit , first fir and worst fit method.",,midsem,pool,os questions bank /Classified OS Questions bank 2.pdf
0aab37dcac-3,0,,What is formula for disk access time?,,midsem,pool,os questions bank /Classified OS Questions bank 2.pdf
0aab37dcac-4,0,,Where does VAS reside is it present in the secondary memory or in the ram ?,,midsem,pool,os questions bank /Classified OS Questions bank 2.pdf
0aab37dcac-5,0,,What are the differences between storage method of files and directories?,,midsem,pool,os questions bank /Classified OS Questions bank 2.pdf
0aab37dcac-6,0,,"Consider a system with several running processes. The system is running a modern OS that uses virtual addresses and demand paging. It has been empirically observed that the memory access times in the system under various conditions are: t1 when the logical memory address is found in TLB cache, t2 when the address is not in TLB but does not cause a page fault, and t3 when the address results in a page fault. This memory access time includes all overheads like page fault servicing and logical-to-physical address translation. It has been observed that, on an average, 10% of the logical address accesses result in a page fault. Further, of the remaining virtual address accesses, two-thirds of them can be translated using the TLB cache, while one-third require walking the page tables. Using the information provided above, calculate the average expected memory access time in the system in terms of t1,t2, and t3.",,midsem,pool,os questions bank /Classified OS Questions bank 2.pdf
0aab37dcac-7,0,,Where is the memory for the variable x allocated within the memory image of the process?,,midsem,pool,os questions bank /Classified OS Questions bank 2.pdf
0aab37dcac-8,0,,Where is the memory for the 10 integer variables allocated within the memory image of the process?,,midsem,pool,os questions bank /Classified OS Questions bank 2.pdf
0aab37dcac-9,0,,What is the need for segmentation in OS? Does segmentation cause fragmentation?,,midsem,pool,os questions bank /Classified OS Questions bank 2.pdf
0aab37dcac-10,0,,Explain Thrashing in brief,,midsem,pool,os questions bank /Classified OS Questions bank 2.pdf
0aab37dcac-11,0,,What do you mean by page replacement algorithm? Enlist different page replacement algorithms.,,midsem,pool,os questions bank /Classified OS Questions bank 2.pdf
0aab37dcac-12,0,,What is fragmentation? Explain types of fragmentations with suitable example.,,midsem,pool,os questions bank /Classified OS Questions bank 2.pdf
0aab37dcac-13,0,,Compare contiguous and non contiguous memory allocation of page,,midsem,pool,os questions bank /Classified OS Questions bank 2.pdf
0aab37dcac-14,0,,What is virtual memory?,,midsem,pool,os questions bank /Classified OS Questions bank 2.pdf
0aab37dcac-15,0,,Explain Compaction in brief.,,midsem,pool,os questions bank /Classified OS Questions bank 2.pdf
0aab37dcac-16,0,,Explain Demand paging with example.,,midsem,pool,os questions bank /Classified OS Questions bank 2.pdf
0aab37dcac-17,0,,Differentiate internal and external fragmentation,,midsem,pool,os questions bank /Classified OS Questions bank 2.pdf
0aab37dcac-18,0,,Explain segmentation using suitable example in brief .,,midsem,pool,os questions bank /Classified OS Questions bank 2.pdf
0aab37dcac-19,0,,Explain non-contiguous memory allocation policies with suitable example. (Refer Section 6.7),,midsem,pool,os questions bank /Classified OS Questions bank 2.pdf
0aab37dcac-20,0,,Compare fixed and variable sized partitioning,,midsem,pool,os questions bank /Classified OS Questions bank 2.pdf
0aab37dcac-21,0,,Explain Paging with example.,,midsem,pool,os questions bank /Classified OS Questions bank 2.pdf
0aab37dcac-22,0,,What is external fragmentation?,,midsem,pool,os questions bank /Classified OS Questions bank 2.pdf
0aab37dcac-23,0,,List the page replacement algorithms and explain any one.,,midsem,pool,os questions bank /Classified OS Questions bank 2.pdf
0aab37dcac-24,0,,Explain the types of fragmentation and ways to reduce them.,,midsem,pool,os questions bank /Classified OS Questions bank 2.pdf
0aab37dcac-25,0,,Define and explain segmentation advantages,,midsem,pool,os questions bank /Classified OS Questions bank 2.pdf
0aab37dcac-26,0,,"Explain the techniques of managing memory using first fit, best fit and worst fit with suitable example.",,midsem,pool,os questions bank /Classified OS Questions bank 2.pdf
0aab37dcac-27,0,,Explain the concept of segmentation.,,midsem,pool,os questions bank /Classified OS Questions bank 2.pdf
0aab37dcac-28,0,,Explain variable size partitioning with its advantages and drawbacks.,,midsem,pool,os questions bank /Classified OS Questions bank 2.pdf
0aab37dcac-29,0,,What is swapping? Explain it with suitable example,,midsem,pool,os questions bank /Classified OS Questions bank 2.pdf
0aab37dcac-30,0,,What is the difference between paging and segmentation?,,midsem,pool,os questions bank /Classified OS Questions bank 2.pdf
0aab37dcac-31,0,,How many entries can appear in a maximum-sized directory? (Each entry is a pair of integers),,midsem,pool,os questions bank /Classified OS Questions bank 2.pdf
0aab37dcac-32,0,,List all directories stored on this disk (full path names) along with the names of the files stored in each directory.,,midsem,pool,os questions bank /Classified OS Questions bank 2.pdf
0aab37dcac-33,0,,"Modify the above data structures to add an empty directory called ""87"" to directory ""/""",,midsem,pool,os questions bank /Classified OS Questions bank 2.pdf
0aab37dcac-34,0,,"What is the stratergy behind First Fit Method, is it faster than Best Fit ?",,midsem,pool,os questions bank /Classified OS Questions bank 2.pdf
0aab37dcac-35,0,,The breaking of physical memory in ......... blocks are called segments.,,midsem,pool,os questions bank /Classified OS Questions bank 2.pdf
0aab37dcac-36,0,,The base address of segment is 1000 and the offset is 4bytes what will be the physical address?,,midsem,pool,os questions bank /Classified OS Questions bank 2.pdf
0aab37dcac-37,0,,Why segmentaion may have external fragmentation and why paging doesn't?,,midsem,pool,os questions bank /Classified OS Questions bank 2.pdf
0aab37dcac-38,0,,Find a place for 5kB in free segment using First-Fit.,,midsem,pool,os questions bank /Classified OS Questions bank 2.pdf
0aab37dcac-39,0,,Find a place for 16kB in free segment using Best-Fit.,,midsem,pool,os questions bank /Classified OS Questions bank 2.pdf
0aab37dcac-40,0,,Find a place for 7kB in free segment using First-Fit.,,midsem,pool,os questions bank /Classified OS Questions bank 2.pdf
0aab37dcac-41,0,,Find a place for 9kB in free segment using Worst-Fit.,,midsem,pool,os questions bank /Classified OS Questions bank 2.pdf
0aab37dcac-42,0,,Find a place for 11kB in free segment using Best-Fit.,,midsem,pool,os questions bank /Classified OS Questions bank 2.pdf
0aab37dcac-43,0,,Find a place for 4kB in free segment using Worst-Fit.,,midsem,pool,os questions bank /Classified OS Questions bank 2.pdf
0aab37dcac-44,0,,Given 20 milliseconds as the average page-fault service time and a memory access time is 75 nanosecond. What will be the Effective Access Time?,,midsem,pool,os questions bank /Classified OS Questions bank 2.pdf
0aab37dcac-45,0,,Which mapping is stored in Page Table?,,midsem,pool,os questions bank /Classified OS Questions bank 2.pdf
0aab37dcac-46,0,,With FIFO how many number of Page Faults will be there and what will be number of hits?,,midsem,pool,os questions bank /Classified OS Questions bank 2.pdf
0aab37dcac-47,0,,With LRU how many number of Page Faults will be there and what will be number of hits?,,midsem,pool,os questions bank /Classified OS Questions bank 2.pdf
0aab37dcac-48,0,,"What will be the number of page faults when the reference string is 7,5,1,2,4,7,5,2 and the number of frames are 5 when LRU is used?",,midsem,pool,os questions bank /Classified OS Questions bank 2.pdf
0aab37dcac-49,0,,"What will be the number of page faults when the reference string is 6,5,1,4,2,1,2 and the number of frames are 7 when FIFO is used?",,midsem,pool,os questions bank /Classified OS Questions bank 2.pdf
0aab37dcac-50,0,,State difference between Virtual Address and Physical Address.,,midsem,pool,os questions bank /Classified OS Questions bank 2.pdf
0aab37dcac-51,0,,"Given Page Size as 16 bytes, Offset Bits are 4 and Virtual Address requires 11 Bits, what are the number of pages?",,midsem,pool,os questions bank /Classified OS Questions bank 2.pdf
0aab37dcac-52,0,,"Given Page Size as 1 KB, Offset Bits are 5 and VPN requires 11 Bits, what are the number of pages?",,midsem,pool,os questions bank /Classified OS Questions bank 2.pdf
0aab37dcac-53,0,,"What will be the number of hits and miss when the reference string is 6,5,4,2,4,2,5 and the number of frames are 5 when FIFO is used?",,midsem,pool,os questions bank /Classified OS Questions bank 2.pdf
0aab37dcac-54,0,,When the Pages and Frames are used how the the address is used to find the page number and frame number ?,,midsem,pool,os questions bank /Classified OS Questions bank 2.pdf
0aab37dcac-55,0,,Compare contiguous and non-co,,midsem,pool,os questions bank /Classified OS Questions bank 2.pdf
0aab37dcac-56,0,,Explain in brief about virtual memory.,,midsem,pool,os questions bank /Classified OS Questions bank 2.pdf
0aab37dcac-57,0,,Explain paging with an example.,,midsem,pool,os questions bank /Classified OS Questions bank 2.pdf
0aab37dcac-58,0,,Write all page replacement policies and explain about them.,,midsem,pool,os questions bank /Classified OS Questions bank 2.pdf
0aab37dcac-59,0,,"Calculate the number of page faults by using FIFO for page sequence 2,3,2,1,5,2,4,5,3,2,5. The number of frames for this question are 3",,midsem,pool,os questions bank /Classified OS Questions bank 2.pdf
0aab37dcac-60,0,,What is the use of valid-invalid bits in Paging?,,midsem,pool,os questions bank /Classified OS Questions bank 2.pdf
0aab37dcac-61,0,,What is swapping and what is its purpose?,,midsem,pool,os questions bank /Classified OS Questions bank 2.pdf
0aab37dcac-62,0,,State all columns present in the page table.,,midsem,pool,os questions bank /Classified OS Questions bank 2.pdf
0aab37dcac-63,0,,Disadvantages of dynamic relocation.,,midsem,pool,os questions bank /Classified OS Questions bank 2.pdf
0aab37dcac-64,0,,"Which one of the following statements about FIFO scheduling is true?
- It is a preemptive scheduling policy
- It reduces average turnaround time
- It reduces average response time
- It suffers from the “convoy” problem
- It is different from the FCFS policy",,midsem,pool,os questions bank /Classified OS Questions bank 2.pdf
0aab37dcac-65,0,,"Which one of the following is true about this approach?
- It enables sharing of code between processes
- It translates addresses more slowly than most other approaches
- It provides protection between processes
- It prevents internal fragmentation",,midsem,pool,os questions bank /Classified OS Questions bank 2.pdf
0aab37dcac-66,0,,"When allocating a physical page to a process, DOS selects a random free physical page (instead of, for example, the first free one on a free list). This approach will:
- Make the page table larger..
- Make heap allocation fail more often.
- Make physical memory more fragmented externally.
- Slow down address translation.
- None of the above",,midsem,pool,os questions bank /Classified OS Questions bank 2.pdf
0aab37dcac-67,0,,"TLB is
- A memory to store page table entries
- A collection of base/bounds pairs to help segmentation work quickly
- An OS component to speed up translation
- A hardware feature that ensures fair use of memory
- An address-translation cache",,midsem,pool,os questions bank /Classified OS Questions bank 2.pdf
0aab37dcac-68,0,,"“Data is encoded on each surface in concentric circles of sectors; we call one such concentric circle a ______.”
- platter
- surface
- track
- sector
- block",,midsem,pool,os questions bank /Classified OS Questions bank 2.pdf
0aab37dcac-69,0,,What is a base register for?,,midsem,pool,os questions bank /Classified OS Questions bank 2.pdf
0aab37dcac-70,0,,"What type of address is in the base register: physical, or virtual?",,midsem,pool,os questions bank /Classified OS Questions bank 2.pdf
0aab37dcac-71,0,,What is a bounds register for?,,midsem,pool,os questions bank /Classified OS Questions bank 2.pdf
0aab37dcac-72,0,,Why do we need more than one base/bounds register pair?,,midsem,pool,os questions bank /Classified OS Questions bank 2.pdf
0aab37dcac-73,0,,The main reason to have a multi-level page table is to speed up address translation. (True/False),,midsem,pool,os questions bank /Classified OS Questions bank 2.pdf
0aab37dcac-74,0,,The main reason to have a hardware TLB is to speed up address translation. (True/False),,midsem,pool,os questions bank /Classified OS Questions bank 2.pdf
0aab37dcac-75,0,,Using a multi-level page table increases TLB hit time. (True/False),,midsem,pool,os questions bank /Classified OS Questions bank 2.pdf
0aab37dcac-76,0,,"As the amount of addressable physical memory grows, the size of each page-table entry (PTE) must grow as well. (True/False)",,midsem,pool,os questions bank /Classified OS Questions bank 2.pdf
0aab37dcac-77,0,,"As the size of the virtual address space grows, the amount of space occupied by a linear page table also grows. (True/False)",,midsem,pool,os questions bank /Classified OS Questions bank 2.pdf
0aab37dcac-78,0,,"In a 2-level multi-level page table, each page directory entry should have a valid bit. (True/False)",,midsem,pool,os questions bank /Classified OS Questions bank 2.pdf
0aab37dcac-79,0,,Name and describe two advantages that segmentation has over simple dynamic relocation.,,midsem,pool,os questions bank /Classified OS Questions bank 2.pdf
0aab37dcac-80,0,,"In a traditional single-threaded process, what are the stack and heap used for?",,midsem,pool,os questions bank /Classified OS Questions bank 2.pdf
0aab37dcac-81,0,,"What are conditions:
- TLB Hit
- TLB Miss
- Page Fault",,midsem,pool,os questions bank /Classified OS Questions bank 2.pdf
0aab37dcac-82,0,,State whether one level page table is sufficient for virtual to physical translation. Provide a valid reason for the same.,,midsem,pool,os questions bank /Classified OS Questions bank 2.pdf
0aab37dcac-83,0,,"Given six memory partitions of 300 KB, 600 KB, 350 KB, 200 KB, 750 KB, and 125 KB (in order), how would the first-fit, best-fit, and worst-fit algorithms place processes of size 115 KB, 500 KB, 358 KB, 200 KB, and 375 KB (in order).",,midsem,pool,os questions bank /Classified OS Questions bank 2.pdf
0aab37dcac-84,0,,How many bits are there in the logical address?,,midsem,pool,os questions bank /Classified OS Questions bank 2.pdf
0aab37dcac-85,0,,How many bits are there in the physical address?,,midsem,pool,os questions bank /Classified OS Questions bank 2.pdf
0aab37dcac-86,0,,Explain Belady’s Anomaly and also state the reasons behind Belady’s Anomaly?,,midsem,pool,os questions bank /Classified OS Questions bank 2.pdf
0aab37dcac-87,0,,Race conditions are possible in many computer systems. Consider a banking system that maintains an account balance with two functions: deposit(amount) and withdraw(amount). These two functions are passed the amount that is to be deposited or withdrawn. Describe how a race condition is possible and what might be done to prevent the race condition from occurring.,,midsem,pool,os questions bank /Classified OS Questions bank 2.pdf
0aab37dcac-88,0,,"Given that the time to service a page fault is on the average 10 milliseconds, while a memory access takes 1 microsecond. Then a 99.99% hit ratio results in average memory access time of",,midsem,pool,os questions bank /Classified OS Questions bank 2.pdf
0aab37dcac-89,0,,"Consider a counting semaphore S is initialized to 7. Then, 20 P operations and 15 V operations are performed on S. What is the final value of S?",,midsem,pool,os questions bank /Classified OS Questions bank 2.pdf
0aab37dcac-90,0,,"Give a simple example of a page reference sequence where the first page selected for replacement will be different for the clock and LRU page replacement algorithms. Assume that a process is allocated frames, and the reference string contains page numbers from the set 0,1,2,3",,midsem,pool,os questions bank /Classified OS Questions bank 2.pdf
0aab37dcac-91,0,,How does dynamic loading aid in better memory space utilization?,,midsem,pool,os questions bank /Classified OS Questions bank 2.pdf
0aab37dcac-92,0,,What is Cycle Stealing?,,midsem,pool,os questions bank /Classified OS Questions bank 2.pdf
0aab37dcac-93,0,,What is the principle of locality. How is locality exploited with memory virtualisation.,,midsem,pool,os questions bank /Classified OS Questions bank 2.pdf
0aab37dcac-94,0,,How does trap differ from interrupts?,,midsem,pool,os questions bank /Classified OS Questions bank 2.pdf
0aab37dcac-95,0,,Consider memory mapping using single level page table. Assuming that the required pages are in the memory. Which case is more feasible: A) Memory reference time => 150 ns with a 20 ns overhead on hit. Assuming a 90% TLB hit and 10% TLB miss. B) Memory reference time => 100 ns with a 40 ns overhead on hit. Assuming a 30% TLB hit and 70% TLB miss.,,midsem,pool,os questions bank /Classified OS Questions bank 2.pdf
0aab37dcac-96,0,,"What is the purpose of valid, protection, dirty bits?",,midsem,pool,os questions bank /Classified OS Questions bank 2.pdf
0aab37dcac-97,0,,What happens as you increase the no of pages that are allocated in each address space?,,midsem,pool,os questions bank /Classified OS Questions bank 2.pdf
0aab37dcac-98,0,,Explain why Trashing occurs and how to avoid it?,,midsem,pool,os questions bank /Classified OS Questions bank 2.pdf
0aab37dcac-99,0,,"In paging, what happens if linear page table becomes too big? What can be the solutions possible to avoid this?",,midsem,pool,os questions bank /Classified OS Questions bank 2.pdf
0aab37dcac-100,0,,"Consider the Pages referenced by the CPU in the order are 6, 7, 8, 9, 6, 7, 1, 6, 7, 8, 9, 1. Do consider that there are 3 frames and perform replacement using FIFO, LRU, Optimal page replacement. Which replacement policy works fine here in this case?",,midsem,pool,os questions bank /Classified OS Questions bank 2.pdf
0aab37dcac-101,0,,"DESIGNING A MULTI-LEVEL PAGE TABLE: Given a VAS of ‘v’ bit address, where size of physical memory is ‘m’ bytes, and a page size of ‘s’ bytes, calculate the number of levels required in a multi-level page table required to hold the mapping of pages. (consider additional ‘x’ bits required to store other information in a PTE - like valid bit, dirty bit, etc.)",,midsem,pool,os questions bank /Classified OS Questions bank 2.pdf
0aab37dcac-102,0,,When will the page faults occur? What is the procedure for handling the page fault?,,midsem,pool,os questions bank /Classified OS Questions bank 2.pdf
0aab37dcac-103,0,,During defragmentation do we need to block all running processes to serve memory requests?,,midsem,pool,os questions bank /Classified OS Questions bank 2.pdf
0aab37dcac-104,0,,"How many page faults would occur for the FIFO page replacement algorithm, assuming three frames per page? reference string 1 2 3 4 2 1 5 6 2 1 2 3 7 6 3 2 1 2 3",,midsem,pool,os questions bank /Classified OS Questions bank 2.pdf
0aab37dcac-105,0,,What are the pros and cons of choosing a small page size?,,midsem,pool,os questions bank /Classified OS Questions bank 2.pdf
0aab37dcac-106,0,,What are the pros and cons of choosing a large page size?,,midsem,pool,os questions bank /Classified OS Questions bank 2.pdf
0aab37dcac-107,0,,"Explain the FIFO, optimal and LRU page replacement algorithm, using following string using 3 frames. 7 0 1 2 0 3 0 4 2 3 1 0 3 1 2 4 1 2",,midsem,pool,os questions bank /Classified OS Questions bank 2.pdf
0aab37dcac-108,0,,What is the basic approach of page replacement?,,midsem,pool,os questions bank /Classified OS Questions bank 2.pdf
0aab37dcac-109,0,,What is Belady’s anomaly? In which algorithm does it occur?,,midsem,pool,os questions bank /Classified OS Questions bank 2.pdf
0aab37dcac-110,0,,Count and demonstrate the number of page faults with number of frames 3 with the following strings 7 0 1 2 3 0 4 2 3 5 6 2 1 0 1 7 1,,midsem,pool,os questions bank /Classified OS Questions bank 2.pdf
0aab37dcac-111,0,,Explain with a suitable example how external fragmentation problem is avoided and internal fragmentation appears in paging?,,midsem,pool,os questions bank /Classified OS Questions bank 2.pdf
0aab37dcac-112,0,,What is basic method of segmentation?,,midsem,pool,os questions bank /Classified OS Questions bank 2.pdf
0aab37dcac-113,0,,"Is it possible for an address to be generate neither of the exceptions you listed in question 29, but still generate a page fault? If so, how? If not, why not?",,midsem,pool,os questions bank /Classified OS Questions bank 2.pdf
0aab37dcac-114,0,,difference between paging and segmentation?,,midsem,pool,os questions bank /Classified OS Questions bank 2.pdf
0aab37dcac-115,0,,Difference between coarse segmentation and fine grained segmentation?,,midsem,pool,os questions bank /Classified OS Questions bank 2.pdf
0aab37dcac-116,0,,"Consider a simple system running a single process. The size of physical frames and logical pages is 16 bytes. The RAM can hold 3 physical frames. The virtual addresses of the process are 6 bits in size. The program generates the following 20 virtual address references as it runs on the CPU: 0, 1, 20, 2, 20, 21, 32, 31, 0, 60, 0, 0, 16, 1, 17, 18, 32, 31, 0, 61. (Note: the 6-bit addresses are shown in decimal here.) Assume that the physical frames in RAM are initially empty and do not map to any logical page. (a) Translate the virtual addresses above to logical page numbers referenced by the process. That is, write down the reference string of 20 page numbers corresponding to the virtual address accesses above. Assume pages are numbered starting from 0, 1, ... (b) Calculate the number of page faults generated by the accesses above, assuming a FIFO page replacement algorithm. You must also correctly point out which page accesses in the reference string shown by you in part (a) are responsible for the page faults. (c) Repeat (b) above for the LRU page replacement algorithm. (d) What would be the lowest number of page faults achievable in this example, assuming an optimal page replacement algorithm were to be used? Repeat (b) above for the optimal algorithm.",,midsem,pool,os questions bank /Classified OS Questions bank 2.pdf
0aab37dcac-117,0,,"Consider a system where each process has a virtual address space of 2 v bytes. The physical address space of the system is 2 p bytes, and the page size is 2 k bytes. The size of each page table entry is 2 e bytes. The system uses hierarchical paging with l levels of page tables, where the page table entries in the last level point to the actual physical pages of the process. Assume l ≥ 2. Let v0 denote the number of (most significant) bits of the virtual address that are used as an index into the outermost page table during address translation. (a) What is the number of logical pages of a process? (b) What is the number of physical frames in the system? (c) What is the number of PTEs that can be stored in a page? (d) How many pages are required to store the innermost PTEs? (e) Derive an expression for l in terms of v, p, k, and e. (f) Derive an expression for v0 in terms of l, v, p, k, and e. (f) Derive an expression for v0 in terms of l, v, p, k, and e.",,midsem,pool,os questions bank /Classified OS Questions bank 2.pdf
0aab37dcac-118,0,,"Consider a system with 8-bit virtual and physical addresses, and 16 byte pages. A process in this system has 4 logical pages, which are mapped to 3 physical pages in the following manner: logical page 0 maps to physical page 6, 1 maps to 3, 2 maps to 11, and logical page 5 is not mapped to any physical page yet. All the other pages in the virtual address space of the process are marked invalid in the page table. The MMU is given a pointer to this page table for address translation. Further, the MMU has a small TLB cache that stores two entries, for logical pages 0 and 2. For each virtual address shown below, describe what happens when that address is accessed by the CPU. Specifically, you must answer what happens at the TLB (hit or miss?), MMU (which page table entry is accessed?), OS (is there a trap of any kind?), and the physical memory (which physical address is accessed?). You may write the translated physical address in binary format. (Note that it is not implied that the accesses below happen one after the other; you must solve each part of the question independently using the information provided above. (a) Virtual address 7 (b) Virtual address 20 (c) Virtual address 70 (d) Virtual address 80",,midsem,pool,os questions bank /Classified OS Questions bank 2.pdf
0aab37dcac-119,0,,"In a demand paging system, it is intuitively expected that increasi",,midsem,pool,os questions bank /Classified OS Questions bank 2.pdf
0aab37dcac-120,0,,"Consider two page replacement policies studied in class: FIFO and LRU. For each of these two policies, you must state if the policy can suffer from Belady’s anomaly (yes/no). Further, if you answer yes, you must provide an example of the occurrence of the anomaly, where increasing the number of physical frames actually leads to an increase in the number of page faults. If you answer no, you must provide an explanation of why you think the anomaly can never occur with this policy.",,midsem,pool,os questions bank /Classified OS Questions bank 2.pdf
0aab37dcac-121,0,0.0,"Given a system with four page frames, the following table indicates page, load time, last reference time. Which pages will replace by using FIFO and LRU  respectively , when a new page will come?",,midsem,pool,os questions bank /Classified OS Questions bank 2.pdf
0aab37dcac-122,0,0.0,"Consider  a paging system uses 1 level page table residing in  M/M and a TLB M/M Access time 100 ns. TLB lookup takes 20 ns . Each page transfer takes 500 ns to /from disk.TLB hit ratio 95% , page fault  rate=10%. Assume that  for 20 %  of total  page fault ,a  dirty page has to be written back to disk before required page is read in from disk . TLB   upde time is negligible. Find the average memory access time?",,midsem,pool,os questions bank /Classified OS Questions bank 2.pdf
0aab37dcac-123,0,0.0,"Consider a process running on a system with a 52-bit CPU (i.e., virtual addresses are 48 bits in size). The system has a physical memory of 8GB. The page size in the system is 4KB, and the size of a page table entry is 4 bytes. The OS uses hierarchical paging. Which of the following statements is/are true?",,midsem,pool,os questions bank /Classified OS Questions bank 2.pdf
0aab37dcac-124,0,0.0,"Consider a system with paging-based memory management, whose architecture allows for a 4GB virtual address space for processes. The size of logical pages and physical frames is 4KB. The system has 8GB of physical RAM. The system allows a maximum of 1K (=1024) processes to runconcurrently. Assuming the OS uses hierarchical paging, calculate the maximum memory space required to store the page tables of all processes in the system.",,midsem,pool,os questions bank /Classified OS Questions bank 2.pdf
0aab37dcac-125,0,0.0,"A system has 32 bit Virtual adress and 8KB page size.main memory is 128 MB..the size of page table, when page table ,when pt entry has 1 valid bit 1 modified bit and frame bits is_____(MB)p.s what is frame bits..is it the frame entry size?",,midsem,pool,os questions bank /Classified OS Questions bank 2.pdf
0aab37dcac-126,0,0.0,what are the problem with paging in os and does it necessary in OS?,,midsem,pool,os questions bank /Classified OS Questions bank 2.pdf
0aab37dcac-127,0,0.0,what are the types in paging? And is there in any disadvantes in paging?,,midsem,pool,os questions bank /Classified OS Questions bank 2.pdf
0aab37dcac-128,0,0.0,"Consider the following page reference string: 7,2,3,1,2,5,3,4,6,7,7,1,0,5, 4,6,2,3,0,1. Assume demand paging with 3 frames, how many page faults would occur for the following replacement algorithms? i. LRU replacement 18 page faults ii. FIFO replacement 17 page faults iii. Optimal replacement 13 page faults",,midsem,pool,os questions bank /Classified OS Questions bank 2.pdf
0aab37dcac-129,0,0.0,Consider a computer system with a 32-bit logical address and 4-KB page size. The system supports up to 512-MB of physical memory. i. How many entries will be there in a conventional single-level page table and inverted page table?,,midsem,pool,os questions bank /Classified OS Questions bank 2.pdf
0aab37dcac-130,0,0.0,"Consider a user program of logical address of size 6 pages and page size is 4 bytes. The physical address contains 300 frames. The user program consists of 22 instructions a, b, c, . . . u, v . Each instruction takes 1 byte. Assume at that time the free frames are 7, 26, 52, 20, 55, 6, 18, 21, 70, and 90. Find the following? A) Draw the logical and physical maps and page tables? B) Allocate each page in the corresponding frame? C) Find the physical addresses for the instructions m, d, v, r? D) Calculate the fragmentation if exist?",,midsem,pool,os questions bank /Classified OS Questions bank 2.pdf
0aab37dcac-131,0,0.0,"Use the three initially empty frames in the following page reference. Using the FIFO technique, locate the page errors, where the page reference sequence: 7,0,1, 2,0,3,0,4,2,3,0,3,2,1,2,0,1,7,0,1?",,midsem,pool,os questions bank /Classified OS Questions bank 2.pdf
0aab37dcac-132,0,0.0,How does the system tell the difference between pages in main memory and pages on the disk?,,midsem,pool,os questions bank /Classified OS Questions bank 2.pdf
0aab37dcac-133,0,0.0,"Let us assume , a machine with a 32-bit virtual address space and 64 MB physical memory. What is the approximate size of the page table if the page size is 4KB? (We assume single level paging)",,midsem,pool,os questions bank /Classified OS Questions bank 2.pdf
0aab37dcac-134,0,0.0,Why is paging used?,,midsem,pool,os questions bank /Classified OS Questions bank 2.pdf
0aab37dcac-135,0,0.0,"Consider the following Page reference string 1,2,3,4,2,3,4,5,6,7,3,2,4.The number of page frames=4, calculate the page faults and the hit ratio for First In First Out Page replacement algorithm",,midsem,pool,os questions bank /Classified OS Questions bank 2.pdf
0aab37dcac-136,0,0.0,"Consider page sequence 2,3,2,1,5,2,4,5,3,2,5,2 and discuss working of following page replace",,midsem,pool,os questions bank /Classified OS Questions bank 2.pdf
0aab37dcac-137,0,,Q36. How logical address is converted into physical address by memory management unit? Explain it with example.,,midsem,pool,os questions bank /Classified OS Questions bank 2.pdf
0aab37dcac-138,0,,Problem-37,,midsem,pool,os questions bank /Classified OS Questions bank 2.pdf
0aab37dcac-139,0,,Problem-38,,midsem,pool,os questions bank /Classified OS Questions bank 2.pdf
0aab37dcac-140,0,4.0,A) Draw the logical and physical maps and page tables?,,midsem,pool,os questions bank /Classified OS Questions bank 2.pdf
0aab37dcac-141,0,4.0,B) Allocate each page in the corresponding frame?,,midsem,pool,os questions bank /Classified OS Questions bank 2.pdf
0aab37dcac-142,0,4.0,"C) Find the physical addresses for the instructions m, d, v, r?",,midsem,pool,os questions bank /Classified OS Questions bank 2.pdf
0aab37dcac-143,0,4.0,D) Calculate the fragmentation if exist?,,midsem,pool,os questions bank /Classified OS Questions bank 2.pdf
0aab37dcac-144,0,,Problem-39,,midsem,pool,os questions bank /Classified OS Questions bank 2.pdf
0aab37dcac-145,0,,Problem-40,,midsem,pool,os questions bank /Classified OS Questions bank 2.pdf
0aab37dcac-146,0,,"Q41: A system has 32 bit Virtual address and 8KB page size.main memory is 128 MB..the size of page table, when page table ,when pt entry has 1 valid bit 1 modified bit and frame bits is",,midsem,pool,os questions bank /Classified OS Questions bank 2.pdf
0aab37dcac-147,0,,"Q42: A processor uses 36 bit physical addresses and 32 bit virtual addresses, with a page frame size of 4 Kbytes. Each page table entry is of size 4 bytes. A three level page table is used for virtual to physical address translation, where the virtual address is used as follows",,midsem,pool,os questions bank /Classified OS Questions bank 2.pdf
0aab37dcac-148,0,,Q43:Explain demand paging?,,midsem,pool,os questions bank /Classified OS Questions bank 2.pdf
0aab37dcac-149,0,,Q44: List the steps needed to handle page fault.,,midsem,pool,os questions bank /Classified OS Questions bank 2.pdf
0aab37dcac-150,0,,"Q45: Consider a program consists of five segments: S0 = 600, S1 = 14 KB, S2= 100 KB, S3 =580 KB, and S4 = 96 KB. Assume at that time, the available free space partitions of memory are 1200–1805, 50 – 150, 220-234, and 2500-3180. Find the following: 1. Draw logical to physical maps and segment table? 2. Allocate space for each segment in memory? 3. Calculate the external fragmentation and the internal fragmentation? 4. What are the addresses in physical memory for the following logical addresses: 0.580, (b) 1.17 (c) 2.66 (d) 3.82 (e) 4.20?",,midsem,pool,os questions bank /Classified OS Questions bank 2.pdf
0aab37dcac-151,0,,Q46) Let us consider a 32-bit machine and subdivide the virtual address into 4 pieces as follows: 8-bit 4-bit 8-bit 12-bit,,midsem,pool,os questions bank /Classified OS Questions bank 2.pdf
0aab37dcac-152,0,,1. What is the page size in such a system?,,midsem,pool,os questions bank /Classified OS Questions bank 2.pdf
0aab37dcac-153,0,,2. How much memory is consumed by the page table and wasted by internal fragmentation for a process that has 64K of memory starting at address 0?,,midsem,pool,os questions bank /Classified OS Questions bank 2.pdf
0aab37dcac-154,0,,"3. How much memory is consumed by the page table and wasted by internal fragmentation for a process that has a code segment of 48K starting at address 0x1000000, a data segment of 600K starting at address 0x80000000 and a stack segment of 64K starting at address 0xf0000000 and growing upward (towards higher addresses)?",,midsem,pool,os questions bank /Classified OS Questions bank 2.pdf
0aab37dcac-155,0,,Q47) Consider a two level paging scheme. The page size is 4 KB and page table entry size is 4 bytes. The size of outer page table is 4 KB. Give the division of virtual address space.,,midsem,pool,os questions bank /Classified OS Questions bank 2.pdf
0aab37dcac-156,0,,Q48) Consider a three level paging scheme. The page size is 4 KB and page table entry size is 4 bytes. The size of outermost page table is 4 KB. Give the division of virtual address space.,,midsem,pool,os questions bank /Classified OS Questions bank 2.pdf
0aab37dcac-157,0,,"Calculate the number of address bits, if the memory has a size of 16 GB. Assume the memory is 4-byte addressable.",,midsem,pool,os questions bank /Classified OS Questions bank 2.pdf
0aab37dcac-158,0,,"State the major difference between External and Internal Fragmenetaion, give examples in which these type of Fragmentaion is shown.",,midsem,pool,os questions bank /Classified OS Questions bank 2.pdf
0aab37dcac-159,0,,What is fragmentation? Explain types of fragmentations with suitable examples.,,midsem,pool,os questions bank /Classified OS Questions bank 2.pdf
0aab37dcac-160,0,,Explain segmentation with example,,midsem,pool,os questions bank /Classified OS Questions bank 2.pdf
0aab37dcac-161,0,,What are the problems in paging that lead to segmentation and what are still persisting even if we use segmentation?,,midsem,pool,os questions bank /Classified OS Questions bank 2.pdf
0aab37dcac-162,0,,"CAR DEALERSHIP A typical car dealership sells and orders cars based on their stock. Once a delaership runs out of cars, it is time to order some cars from the inventory of the car manufacturer, which itself churns out a specific number of cars (a figure predefined based on some supply-demand statistics by a bunch of “has-been” MBA graduates). Your job is to implement a rough algorithm that will oversee this. To keep things simple, we will sell only a generic car model across ‘x’ dealerships...a weird car brand some might say! Given: n = dealership stock m = inventory capacity Solution: int dealers = x; sem_t fullStock[x] = {n} // array of sem init to max cars in stock sem_t emptyStock[x] = {0} sem_t fullInventory = {m} // sem init to max inventory size sem_t emptyInventory num_cars[x] = {n}; tot_cars = m; buyCars(int c, int d) // c = number of cars customer wants to buy // d = car dealership number { for(i = 0; i < c; i++) { sem_wait(&fullStock[d]); sem_wait(&buyerMutex); purchase(); // complete the purchase of a car num_cars[x]--; sem_post(&buyerMutex); sem_post(&emptyStock[d]); } } dealer(int d) { while(1) { sem_wait(&emptyStock[d]); sem_wait(&buyerMutex); if(d_cars[d] == 0) getCars(d); sem_post(&buyerMutex) // we post on sem fullStock n times to make sure the semantics of our sem (range n) is not violated for(i = 0; i < n; i++) { sem_post(&fullStock[d]); } } } getCars(int d) { for(i = 0; i < n; i++) { sem_wait(&fullInventory); sem_wait(&sellerMutex); tot_cars --; num_cars[d] ++; sem_post(&sellerMutex); sem_post(&emptyInventory); } } manufacturer() { while(1) { sem_wait(&emptyInventory); sem_wait(&sellerMutex); if (tot_cars == 0) tot_cars += m; // add m cars to inventory sem_post(&sellerMutex); // we post on sem fullInventory m times to make sure the semantics of our sem (range m) is not violated for(i = 0; i < m; i++) { sem_post(&fullInventory); } } }",,midsem,pool,os questions bank /Classified OS Questions bank 2.pdf
0aab37dcac-163,0,,What is the low level code logic behind the Test and Set atomic implementation Using hardware support?,,midsem,pool,os questions bank /Classified OS Questions bank 2.pdf
0aab37dcac-164,0,,How is the lock held by the next thread when unpark(tid) system call is used ?,,midsem,pool,os questions bank /Classified OS Questions bank 2.pdf
0aab37dcac-165,0,,Write implementation of spin lock using compare and swap instruction.,,midsem,pool,os questions bank /Classified OS Questions bank 2.pdf
0aab37dcac-166,0,,What is the solution for race condition.,,midsem,pool,os questions bank /Classified OS Questions bank 2.pdf
0aab37dcac-167,0,,What are critical regions? Explain semaphores with example,,midsem,pool,os questions bank /Classified OS Questions bank 2.pdf
0aab37dcac-168,0,,Explain spin locks in the context of semaphore .what is solution for race condition?,,midsem,pool,os questions bank /Classified OS Questions bank 2.pdf
0aab37dcac-169,0,,. Semophore itself is a critical section problem .how this can we manage in uniprocessor and multiprocessor condition?,,midsem,pool,os questions bank /Classified OS Questions bank 2.pdf
0aab37dcac-170,0,,Describe the classical synchronization problem and solutions for readers writers problem.,,midsem,pool,os questions bank /Classified OS Questions bank 2.pdf
0aab37dcac-171,0,,What is race condition ? why hardware solution of critical section synchronization problem needed?,,midsem,pool,os questions bank /Classified OS Questions bank 2.pdf
0aab37dcac-172,0,,What is solution for race condition?,,midsem,pool,os questions bank /Classified OS Questions bank 2.pdf
0aab37dcac-173,0,,Explain producer consumer problem.,,midsem,pool,os questions bank /Classified OS Questions bank 2.pdf
0aab37dcac-174,0,,Write on Condition Variables.,,midsem,pool,os questions bank /Classified OS Questions bank 2.pdf
0aab37dcac-175,0,,"While handling a large data structure in a critical section , using a local is efficient or there is any other mechanism to be followed to avoid data race conditions?",,midsem,pool,os questions bank /Classified OS Questions bank 2.pdf
0aab37dcac-176,0,,"What happens if a consumer thread in a waiting queue does not respond to the wake signal given by producer thread , is that thread or next thread gets removed from that waiting queue or not?",,midsem,pool,os questions bank /Classified OS Questions bank 2.pdf
0aab37dcac-177,0,,What happens if we get into the situation of data race in the lock mechanism itself?,,midsem,pool,os questions bank /Classified OS Questions bank 2.pdf
0aab37dcac-178,0,,"Consider the following scenario. A town has a very popular restaurant. The restaurant can hold N diners. The number of people in the town who wish to eat at the restaurant, and are waiting outside its doors, is much larger than N. The restaurant runs its service in the following manner. Whenever it is ready for service, it opens its front door and waits for diners to come in. Once N diners enter, it closes its front door and proceeds to serve these diners. Once service finishes, the backdoor is opened and the diners are let out through the backdoor. Once all diners have exited, another batch of N diners is admitted again through the front door. This process continues indefinitey. The restaurant does not mind if the same diner is part of multiple batches. We model the diners and the restaurant as threads in a multithreaded program. The threads must be synchronized as follows. A diner cannot enter until the restaurant has opened its front door to let people in. The restaurant cannot start service until N diners have come in. The diners cannot exit until the back door is open. The restaurant cannot close the backdoor and prepare for the next batch until all the diners of the previous batch have left. Below is given unsynchronized pseudocode for the diner and restaurant threads. Your task is complete the code such that the threads work as desired. Please write down the complete synchronized code of each thread in your solution. You are given the following variables (semaphores and initial values, integers) to use in your solution. The names of the variables must give you a clue about their possible usage. You must not use any other variable in your solution. sem (init to 0): entering_diners, exiting_diners, enter_done, exit_done sem (init to 1): mutex_enter, mutex_exit Integer counters (init to 0): count_enter, count_exit All changes to the counters and other variables must be done by you in your solution. None of the actions performed by the unsynchronized code below will modify any of the variables above. (a) Unsynchronized code for the restaurant thread is given below. Add suitable synchronization in your solution in between these actions of the restaurant. openFrontDoor() closeFrontDoor() serveFood() openBackDoor() closeBackDoor()",,midsem,pool,os questions bank /Classified OS Questions bank 2.pdf
0aab37dcac-179,0,,(b) Unsynchronized code for the diner thread is given below. Add suitable synchronization in your solution around these actions of the diner. enterRestaurant() eat() exitRestaurant(),,midsem,pool,os questions bank /Classified OS Questions bank 2.pdf
0aab37dcac-180,0,,Consider two processes P1 and P2  executing their respective codes. Initial value of global variables P1 and P2 inside are “False”. P1 While(TR,,midsem,pool,os questions bank /Classified OS Questions bank 2.pdf
0aab37dcac-181,0,,Consider the below statements: 1.Mutual Exclusion is satisfied . 2.Mutual Exclusion is not satisfied 3.It is possible for deadlock. Which of the above are True?,,midsem,pool,os questions bank /Classified OS Questions bank 2.pdf
0aab37dcac-182,0,,"A shared  variable x, initialized to zero is operated by four processes W,X,Y,Z. Process W and X increment x by one , while process Y,Z decrement  x by two. Each process before  reading perform ‘wait’ on a semaphore  ‘S’ and signal on ‘S’ after store if semaphore  ‘S’ is initialized to two. Find what is the maximum possible value of  x after all processes complete execution ?",,midsem,pool,os questions bank /Classified OS Questions bank 2.pdf
0aab37dcac-183,0,,"Suppose we want to synchronize two processes P and Q  using binary semaphores  S,T. Process P While(1) { W             Print ‘0’             Print ‘0’              X } Process Q While(1) { Y             Print ‘1’             Print ‘1’              Z } Output String should be like: ‘001100110011’ Which option is correct?",,midsem,pool,os questions bank /Classified OS Questions bank 2.pdf
0aab37dcac-184,0,,What is the role of critical section in process synchronization?,,midsem,pool,os questions bank /Classified OS Questions bank 2.pdf
0aab37dcac-185,0,,What are the operations available in semaphores?Which kind of problem can be solved using semaphores?,,midsem,pool,os questions bank /Classified OS Questions bank 2.pdf
0aab37dcac-186,0,,"The atomic fetch-and-set x, y instruction retrieves the previous value of x from y and unconditionally sets the memory location x to 1 without allowing any other access during the process. Take into account the following binary semaphore implementation of the P and V functions. AcquireLock(L){ while (Fetch_And_Add(L,1)) L = 1; } ReleaseLock(L){ L = 0; }This implementation",,midsem,pool,os questions bank /Classified OS Questions bank 2.pdf
0aab37dcac-187,0,,"The atomic fetch-and-set x, y instruction fetches the previous value of x from y and unconditionally sets the memory location x to 1 without allowing any other access during the process. Take into account the following binary semaphore implementation of the P and V functions. void P (binary_semaphore *s) { unsigned y; unsigned *x = &(s->value); do { fetch-and-set x, y; } while (y); } void V (binary_semaphore *s) { S->value = 0; } The implementation may not work if context switching is disabled in P.Explain?",,midsem,pool,os questions bank /Classified OS Questions bank 2.pdf
0aab37dcac-188,0,,"Assume P1 is one of n processes. Pn can reserve and release one resource unit at a time from a pool of m identical ones that they share. The maximum resource requirement of process Pi is Si, where Si > 0. Which of the following is a necessary condition to prevent deadlock from happening?",,midsem,pool,os questions bank /Classified OS Questions bank 2.pdf
0aab37dcac-189,0,,What conditions must be met in order to solve the critical-section problem?,,midsem,pool,os questions bank /Classified OS Questions bank 2.pdf
0aab37dcac-190,0,,The P and V operations on counting semaphores are defined as  P(s): s = s-1; if s < 0 then wait; V(s) : s = s-1; if s <= 0 then wakeup a process waiting on s; Assume that Pb and Vb the wait and signal operations on binary semaphores are provided. Two binary semaphores Xb and Yb are used to implement the semaphore operations P(s) and V(s) as follows: P(s): Pb (Xb); S = s - 1; if(s < 0){ Vb(Xb); Pb(Yb); } Else Vb (Xb); V(s): Pb (Xb); S = s + 1; if(s <= 0) Vb(Yb); Vb(Xb); The initial values of Xb and Yb are respectively?,,midsem,pool,os questions bank /Classified OS Questions bank 2.pdf
0aab37dcac-191,0,,"A critical section of code must be accessed by two processes, P1 and P2. Think about the processes' use of the following synchronization construct: /* P1 */ while(true){ want s1=true; while(wants2 == true){ /* Critical Section */ wants1 = false; } /* Reminder Section */ } /* P2 */ while(true){ want s2=true; while(wants1 == true){ /* Critical Section */ Wants2 = false; } /* Reminder Section */ } Here wants1 and wants2 are shared variables, which are initialized to false. Which one of the following statements is TRUE about the above construct?",,midsem,pool,os questions bank /Classified OS Questions bank 2.pdf
0aab37dcac-192,0,,what is Process Synchronization and what is the need for it?,,midsem,pool,os questions bank /Classified OS Questions bank 2.pdf
0aab37dcac-193,0,,Q27 Consider two processes P1 and P2 are executing concurrently. Both the processes share a common variable named “count” having initial value = 5. Process P1 tries to increment the value of count. Process P2 tries to decrement the value of count. What are the possible values of count?,,midsem,pool,os questions bank /Classified OS Questions bank 2.pdf
0aab37dcac-194,0,,Q28 The following two functions P1 and P2 that share a variable B with an initial value of 2 execute concurrently- P1(){ C=B-1; B=2*C; } P2(){ D=2*B; B=D-1; } What are the distinct values of B?,,midsem,pool,os questions bank /Classified OS Questions bank 2.pdf
0aab37dcac-195,0,,"Q29 In the following code, pthread_mutex_t lock = PTHREAD_MUTEX_INITIALIZER; pthread_cond_t init = PTHREAD_COND_INITIALIZER; Pthread_mutex_lock(&lock); while (initialized == 0) Pthread_cond_wait(&init, &lock); Pthread_mutex_unlock(&lock); The code text to see whether the variable initialized has been set to 0, then calls the wait routine to sleep until the other thread wakes it up. The following is the awaking code, Pthread_mutex_lock(&lock); initialized = 1; Pthread_cond_signal(&init); Pthread_mutex_unlock(&lock); You might have noticed that the wait call takes a lock as its second input, but the signal call only takes a condition. Explain.",,midsem,pool,os questions bank /Classified OS Questions bank 2.pdf
0aab37dcac-196,0,,Q30 Disabling interrupts was one of the earlier methods proposed for the implementation of locks. Discuss the flaws in this approach.,,midsem,pool,os questions bank /Classified OS Questions bank 2.pdf
0aab37dcac-197,0,,Q31 What are the main conditions that an efficient lock is expected to fulfill?,,midsem,pool,os questions bank /Classified OS Questions bank 2.pdf
0aab37dcac-198,0,,Q32 Why can the producer-consumer problem be solved by mutex,,midsem,pool,os questions bank /Classified OS Questions bank 2.pdf
0aab37dcac-199,0,,Q33 What happens if there is a race condition on the lock itself?,,midsem,pool,os questions bank /Classified OS Questions bank 2.pdf
0aab37dcac-200,0,,Q34 What happens if data race happen in lock mechanism itself?,,midsem,pool,os questions bank /Classified OS Questions bank 2.pdf
0aab37dcac-201,0,,Q35 What happens if consumer thread doesn’t respond to wake signal by producer thread?,,midsem,pool,os questions bank /Classified OS Questions bank 2.pdf
0aab37dcac-202,0,,"Q36 Consider the methods used by processes P1 and P2 for accessing their critical sections whenever needed, as given below. The initial values of shared Boolean variables S1 and S2 are randomly assigned.

Method used by P1: while (S1 == S2); Critical Section S1 = S2
Method used by P2: while (S1 != S2); Critical Section S2 = !S1

Which one of the following statements describes the properties achieved?
A) Mutual exclusion but not progress
B) Progress but not mutual exclusion
C) Neither mutual exclusion nor progress
D) Both mutual exclusion and progress",,midsem,pool,os questions bank /Classified OS Questions bank 2.pdf
0aab37dcac-203,0,,Q37: Let m[0]…m[4] be mutexes (binary semaphores) and P[0] …. P[4] be processes. Suppose each process P[i] executes the following: wait (m[i]); wait(m[(i+1) mode 4]); ------ release (m[i]); release (m[(i+1)mod 4]); This could cause,,midsem,pool,os questions bank /Classified OS Questions bank 2.pdf
0aab37dcac-204,0,,(a) Thrashing,,midsem,pool,os questions bank /Classified OS Questions bank 2.pdf
0aab37dcac-205,0,,(b) Deadlock,,midsem,pool,os questions bank /Classified OS Questions bank 2.pdf
0aab37dcac-206,0,,"(c) Starvation, but not deadlock",,midsem,pool,os questions bank /Classified OS Questions bank 2.pdf
0aab37dcac-207,0,,(d) None of the above,,midsem,pool,os questions bank /Classified OS Questions bank 2.pdf
0aab37dcac-208,0,,"Q38: Consider Peterson’s algorithm for mutual exclusion between two concurrent processes i and j. The program executed by process is shown below. repeat flag [i] = true; turn = j; while ( P ) do no-op; Enter critical section, perform actions, then exit critical section flag [ i ] = false; Perform other non-critical section actions. until false; For the program to guarantee mutual exclusion, the predicate P in the while loop should be",,midsem,pool,os questions bank /Classified OS Questions bank 2.pdf
0aab37dcac-209,0,,(a) flag [j] = true and turn = i,,midsem,pool,os questions bank /Classified OS Questions bank 2.pdf
0aab37dcac-210,0,,(b) flag [j] = true and turn = j,,midsem,pool,os questions bank /Classified OS Questions bank 2.pdf
0aab37dcac-211,0,,(c) flag [i] = true and turn = j,,midsem,pool,os questions bank /Classified OS Questions bank 2.pdf
0aab37dcac-212,0,,(d) flag [i] = true and turn = i,,midsem,pool,os questions bank /Classified OS Questions bank 2.pdf
0aab37dcac-213,0,,"Q39) Davidis a  hardware engineer.Hecame up with a great idea which can help in solving the critical section problemand that hecalled it as atomic counters. An atomic counter is a variable in memory that can be sampled and incremented in one atomic operation. Also, it can be reset to 0. That is, the two opreations allowed on the shared variable a are: j = a++;// execute in one atomic operationa = 0; Show that whether this technique is possible if yes implement it.",,midsem,pool,os questions bank /Classified OS Questions bank 2.pdf
0aab37dcac-214,0,,"Q40: The atomic fetch-and-set x, y instruction unconditionally sets the memory location x to 1 and fetches the old value of x in y without allowing any intervening access to the memory location x. consider the following implementation of P and V functions on a binary semaphore . void P (binary_semaphore *s) { unsigned y; unsigned *x = &(s->value); do { fetch-and-set x, y; } while (y); } void V (binary_semaphore *s) { S->value = 0; }",,midsem,pool,os questions bank /Classified OS Questions bank 2.pdf
0aab37dcac-215,0,,"Q41: Consider a semaphore S, initialized with value 1. Consider 10 processes P1,P2…P10.All processes have the same code as given below but one process P10 has signal(S) in place of wait(S). If all processes can execute multiple times, then maximum number of processes which can be in the critical section together.",,midsem,pool,os questions bank /Classified OS Questions bank 2.pdf
0aab37dcac-216,0,,"41)  In Context Switching between user level threads and kernel level thread, which is faster and why?",,midsem,pool,os questions bank /Classified OS Questions bank 2.pdf
0aab37dcac-217,0,,"42)  When the following code is executed, how many child process are created? fork(); fork(); fork(); fork(); fork();",,midsem,pool,os questions bank /Classified OS Questions bank 2.pdf
0aab37dcac-218,0,,43) When a race condition occurs and what are the possible ways to stop them?,,midsem,pool,os questions bank /Classified OS Questions bank 2.pdf
0aab37dcac-219,0,,44) What is MUTEX?,,midsem,pool,os questions bank /Classified OS Questions bank 2.pdf
0aab37dcac-220,0,,45) What are the problems of the synchronizatrion?,,midsem,pool,os questions bank /Classified OS Questions bank 2.pdf
0aab37dcac-221,0,,46) What are the advantages of the threads over process?,,midsem,pool,os questions bank /Classified OS Questions bank 2.pdf
0aab37dcac-222,0,,47) What are the advantages of the process over threads?,,midsem,pool,os questions bank /Classified OS Questions bank 2.pdf
0aab37dcac-223,0,,48)  How many processes are created by the following code? Main() { Fork(); Fork(); Fork(); },,midsem,pool,os questions bank /Classified OS Questions bank 2.pdf
0aab37dcac-224,0,,49)  What are conditional variables and what is the use of it?,,midsem,pool,os questions bank /Classified OS Questions bank 2.pdf
0aab37dcac-225,0,,50)  Write Producer Consumer code.,,midsem,pool,os questions bank /Classified OS Questions bank 2.pdf
0aab37dcac-226,0,,51) In the dinning philosophers problem there is a round table and N philosophers are sitting with N forks between them. The task given to each philosopher is that he have to pick both the fork on the left and right but with the constraint that if each philosopher first picks the fork an right(lets say) then it will cause deadlock while waiting for the other fork.Write a possible solution for this problem,,midsem,pool,os questions bank /Classified OS Questions bank 2.pdf
0aab37dcac-227,0,,"52) Consider a system consisting of n processes (P0, P1, ………Pn -1) each process has a segment of code which is known as critical section in which the process may be changing common variable, updating a table, writing a file and so on. The important feature of the system is that when the process is executing in its critical section no other process is to be allowed to execute in its critical section. The execution of critical sections by the processes is a mutually exclusive. The critical section problem is to design a protocol that the process can use to cooperate each process must request permission to enter its critical section.",,midsem,pool,os questions bank /Classified OS Questions bank 2.pdf
0aab37dcac-228,0,,"53) Multiple people are entering and exiting a room that has a light switch. You are writing a computer program to model the people in this situation as threads in an application. You must fill in the functions onEnter() and onExit() that are invoked by a thread/person when the person enters and exits a room respectively. We require that the first person entering a room must turn on the light switch by invoking the function turnOnSwitch(), while the last person leaving the room must turn off the switch by invoking turnOffSwitch(). You must invoke these functions suitably in your code below. You may use any synchronization primitives of your choice to achieve this desired goal. You may also use any variables required in your solution, which are shared across all threads/persons. (a) Variables and initial values",,midsem,pool,os questions bank /Classified OS Questions bank 2.pdf
0aab37dcac-229,0,,"54) Consider the following snapshot of a system running n processes. Process i is holding xi instances of a resource R for 1<=i<=n. Currently, all instances of R are occupied. Further, for all i, process i has placed a request for an additional yi instances while holding the xi instances it already has. There are exactly two processes p and q such that yp = yq = 0. Which of the following can serve as a necessary condition to guarantee that the system is not approaching a deadlock?",,midsem,pool,os questions bank /Classified OS Questions bank 2.pdf
0aab37dcac-230,0,,"55) A single processor system has three resource types X, Y and Z, which are shared by three processes. There are 5 units of each resource type. Consider the following scenario, where the column alloc denotes the number of units of each resource type allocated to each process, and the column request denotes the number of units of each resource type requested by a process in order to complete execution. Which of these processes will finish LAST?",,midsem,pool,os questions bank /Classified OS Questions bank 2.pdf
0aab37dcac-231,0,,56) One example of co-operative approach for switching between processes ?,,midsem,pool,os questions bank /Classified OS Questions bank 2.pdf
0aab37dcac-232,0,,57) What are types of semaphores and why are they named so?,,midsem,pool,os questions bank /Classified OS Questions bank 2.pdf
0aab37dcac-233,0,,58) Implement B-tree and start with a simple locking strategy such as a single lock. Measure its performance as the number of concurrent threads increases.,,midsem,pool,os questions bank /Classified OS Questions bank 2.pdf
0aab37dcac-234,0,,"Problem1: The enter_CS( ) and leave_CS( ) functions to implement critical section of a process are realized using test and set instruction as follows- void enter_CS(X) {while (test-and-set(X));} void leave_CS(X) {X = 0;} In the above solution, X is a memory location associated with the CS and is initialized to 0. Now, consider the following statements- 1. The above solution to CS problem is deadlock-free 2. The solution is starvation free 3. The processes enter CS in FIFO order 4. More than one process can enter CS at the same time. Which of the above statements is true? 1. I only 2. I and II 3. II and III 4. IV only",,midsem,pool,os questions bank /Classified OS Questions bank 2.pdf
0aab37dcac-235,0,,"Problem2: counting semaphore S is initialized to 10. Then, 6 P operations and 4 V operations are performed on S. What is the final value of S?",,midsem,pool,os questions bank /Classified OS Questions bank 2.pdf
0aab37dcac-236,0,,"Problem3: A counting semaphore S is initialized to 7. Then, 20 P operations and 15 V operations are performed on S. What is the final value of S?",,midsem,pool,os questions bank /Classified OS Questions bank 2.pdf
0aab37dcac-237,0,,"Problem4: A shared variable x, initialized to zero, is operated on by four concurrent processes W, X, Y, Z as follows. Each of the processes W and X reads x from memory, increments by one, stores it to memory and then terminates. Each of the processes Y and Z reads x from memory, decrements by two, stores it to memory, and then terminates. Each process before reading x invokes the P operation (i.e. wait) on a counting semaphore S and invokes the V operation (i.e. signal) on the semaphore S after storing x to memory. Semaphore S is initialized to two. What is the maximum possible value of x after all processes complete execution? 1. -2 2. -1 3. 1 4. 2",,midsem,pool,os questions bank /Classified OS Questions bank 2.pdf
0aab37dcac-238,0,,"Problem5:
Each process Pi, i = 1, 2, …, 9 is coded as follows-
repeat
P(mutex)
{ Critical Section }
V(mutex)
forever
The code for P10 is identical except that it uses V(mutex) in place of P(mutex). What is the largest number of processes that can be inside the critical section at any moment?
1. 1
2. 2
3. 3
4. None of these",,midsem,pool,os questions bank /Classified OS Questions bank 2.pdf
0aab37dcac-239,0,,"Problem6:
Let m[0]…m[4] be mutexes (binary semaphores) and P[0]…P[4] be processes. Suppose each process P[i] executes the following:
wait(m[i]);
wait(m[(i+1) mod 4]);
………….
release(m[i]);
release(m[(i+1) mod 4]);

This could cause-
1. Thrashing
2. Deadlock
3. Starvation but not deadlock
4. None of the above",,midsem,pool,os questions bank /Classified OS Questions bank 2.pdf
0aab37dcac-240,0,,"Problem-07:
In the above question, which of the following pairs of processes may be present inside the critical section at the same time?
1. (P0, P2)
2. (P1, P3)
3. (P2, P4)
4. (P3, P4)
5. All of these",,midsem,pool,os questions bank /Classified OS Questions bank 2.pdf
0aab37dcac-241,0,,"Problem-08:
The following program consists of 3 concurrent processes and 3 binary semaphores. The semaphores are initialized as S0 = 1, S1 = 0 and S2 = 0.

Process P0
while (true)
{
    wait (S0);
    print ‘0’
    release (S1);
    release (S2);
}

Process P1
wait (S1);
release (S0);

Process P2
wait (S2);
release (S0);

How many times will process P0 print ‘0’?
1. At least twice
2. Exactly twice
3. Exactly thrice
4. Exactly once",,midsem,pool,os questions bank /Classified OS Questions bank 2.pdf
0aab37dcac-242,0,,"Problem-9:
A counting semaphore S is initialised to 10. Then, 6 P operations and 4 V operations are performed on S. What is the final value of S?",,midsem,pool,os questions bank /Classified OS Questions bank 2.pdf
0aab37dcac-243,0,,10) How would you improve performance when using semaphores?,,midsem,pool,os questions bank /Classified OS Questions bank 2.pdf
0aab37dcac-244,0,,"11) Consider the readers and writers problem discussed above. Recall that multiple readers can be allowed to read concurrently, while only one writer at a time can access the critical section. Write down pseudocode to implement the functions readLock, readUnlock, writeLock, and writeUnlock that are invoked by the readers and writers",,midsem,pool,os questions bank /Classified OS Questions bank 2.pdf
0aab37dcac-245,0,,Q1. What is deadlock? Explain deadlock prevention in details.,,midsem,pool,os questions bank /Classified OS Questions bank 2.pdf
0aab37dcac-246,0,,Q2. What are the methods for handling deadlock ?,,midsem,pool,os questions bank /Classified OS Questions bank 2.pdf
0aab37dcac-247,0,,Q3. What are the necessary conditions for deadlock?,,midsem,pool,os questions bank /Classified OS Questions bank 2.pdf
0aab37dcac-248,0,,Q4. How we can avoid Deadlock Avoidance?,,midsem,pool,os questions bank /Classified OS Questions bank 2.pdf
0aab37dcac-249,0,,Q5. A System requires 2 units of resources having 3 process the minimum no of units of R such that no deadlock will occur?,,midsem,pool,os questions bank /Classified OS Questions bank 2.pdf
0aab37dcac-250,0,,Q6. Distinguish between deadlock and starvation.,,midsem,pool,os questions bank /Classified OS Questions bank 2.pdf
0aab37dcac-251,0,,Q7. what are the things which leads a system into deadlock situation?,,midsem,pool,os questions bank /Classified OS Questions bank 2.pdf
0aab37dcac-252,0,,Q8. What is a safe state and what is its use of deadlock avoidance?,,midsem,pool,os questions bank /Classified OS Questions bank 2.pdf
0aab37dcac-253,0,,Q9. What is Deadlock?,,midsem,pool,os questions bank /Classified OS Questions bank 2.pdf
0aab37dcac-254,0,,"Q10. A system is having 3 user processes P1, P2 and P3 where P1 requires 21 units of resource R, P2 requires 31 units of resource R, P3 requires 41 units of resource R. The minimum number of units of R that ensures no deadlock is",,midsem,pool,os questions bank /Classified OS Questions bank 2.pdf
0aab37dcac-255,0,,Q11. How to prevent deadlock?,,midsem,pool,os questions bank /Classified OS Questions bank 2.pdf
0aab37dcac-256,0,,Q12. Given a system that has 5 number of identical resources. There are N number of processes competing for them. What will be the minimum value if N that can cause deadlock when a process can request for atmost 3 resouces?,,midsem,pool,os questions bank /Classified OS Questions bank 2.pdf
0aab37dcac-257,0,,Q13. Consider a system as deadlock free and each process can request for maximun 5 resources. What will be the min imum number of identical resources will be the system have?,,midsem,pool,os questions bank /Classified OS Questions bank 2.pdf
0aab37dcac-258,0,,Q14. When the deadlock occurs and what are the different handling method to handle deadlocks?,,midsem,pool,os questions bank /Classified OS Questions bank 2.pdf
0aab37dcac-259,0,,Q15. What is deadlock? Explain conditions of occurrence deadlock.,,midsem,pool,os questions bank /Classified OS Questions bank 2.pdf
0aab37dcac-260,0,,"Q16. Vaibhav, Suraj and Uday go to a Chinese restaurant. But they go there at 8 pm (Busy time). So, waiter apologize and says he can provide only 2 pairs of chopsticks (i.e., four chopsticks), which need to be share between 3 friends.  Now, Vaibhav come up with an idea. He suggests to put all four chopsticks in an empty glass at center table & each diner should obey the following protocol: while ( ! had_enough_to_eat() ) { aquire_one_chopstick();  aquire_one_chopstick();  eat();  release_one_chopstick();  release_one_chopstick(); } Can this plan lead to a deadlock? Explain your answer.",,midsem,pool,os questions bank /Classified OS Questions bank 2.pdf
0aab37dcac-261,0,,"Q17. Suppose, now instead of 3 diners, we have 'D' number of diners. Furthermore, each diner may acquire different number of chopsticks. Let`s say 'C' number of total chopstick will satisfy the needs of all diners (e.g., for 4 people (D=4), assuming each require 3 chopsticks, then 'C' will be C = 3*4=12). Now, each dinners protocol is displayed below: int s; int num_sticks = my_chopsticks_requirement(); while (! had_enough_to_eat()) { for (s=0; s <num_sticks; s++) { acquire_one_chopstick(); } eat(); for (s=0; s <num_sticks; s++) { release_one_chopstick(); } } what is the smallest number of chopsticks (in terms of C and D), needed to ensure that deadlock cannot occur? Explain your answer.",,midsem,pool,os questions bank /Classified OS Questions bank 2.pdf
0aab37dcac-262,0,,Q18. To write a C program to implement algorithm for deadlock detection,,midsem,pool,os questions bank /Classified OS Questions bank 2.pdf
0aab37dcac-263,0,,Q19. What are the necessary conditions which can lead to a deadlock in a system?,,midsem,pool,os questions bank /Classified OS Questions bank 2.pdf
0aab37dcac-264,0,,Which of the following is TRUE? 1. Only REQ1 can be permitted 2. Only REQ2 can be permitted 3. Both REQ1 and REQ2 can be permitted 4. Neither REQ1 nor REQ2 can be permitted,,midsem,pool,os questions bank /Classified OS Questions bank 2.pdf
0aab37dcac-265,0,,What is Banker's algorithm and what is it used for?,,midsem,pool,os questions bank /Classified OS Questions bank 2.pdf
0aab37dcac-266,0,,How many total processes will print their PIDs?,,midsem,pool,os questions bank /Classified OS Questions bank 2.pdf
0aab37dcac-267,0,,What shape of process hierarchy will this code produce? Draw a picture of it.,,midsem,pool,os questions bank /Classified OS Questions bank 2.pdf
0aab37dcac-268,0,,Will the order of printing be consistent or arbitrary? Why?,,midsem,pool,os questions bank /Classified OS Questions bank 2.pdf
0aab37dcac-269,0,,How are zombie processes created and how do they reap?,,midsem,pool,os questions bank /Classified OS Questions bank 2.pdf
0aab37dcac-270,0,,Why is it important to reap?,,midsem,pool,os questions bank /Classified OS Questions bank 2.pdf
0aab37dcac-271,0,,wait() block parent until child terminates. Are there any non-blocking ways to invoke wait?,,midsem,pool,os questions bank /Classified OS Questions bank 2.pdf
0aab37dcac-272,0,,What are system calls? How do they work?,,midsem,pool,os questions bank /Classified OS Questions bank 2.pdf
0aab37dcac-273,0,,How many new processes are created by the following code? a. Int main (){ If(fork){ Fork; } Fork; fork; },,midsem,pool,os questions bank /Classified OS Questions bank 2.pdf
0aab37dcac-274,0,,Write flow of handling a system call.,,midsem,pool,os questions bank /Classified OS Questions bank 2.pdf
0aab37dcac-275,0,,"#include<stdio.h> int main(){
if (fork() && fork()) fork();
printf(""hello"");
return 0;
}
Print the result?",,midsem,pool,os questions bank /Classified OS Questions bank 2.pdf
0aab37dcac-276,0,,Is there a mechanism through which child can communicate with the parent process which is created by using fork() ?,,midsem,pool,os questions bank /Classified OS Questions bank 2.pdf
0aab37dcac-277,0,,"How does it map the calls made by a process as open(), read(), write() ?",,midsem,pool,os questions bank /Classified OS Questions bank 2.pdf
0aab37dcac-278,0,,"Consider a multithreaded application server handling requests from clients. Every new request that arrives at the server causes a new thread to be spawned to handle that request. The server can provide service to only one request/thread at a time, and other threads that arrive when the server is busy must wait for service using a synchronization primitive (semaphore or condition variable). In order to avoid excessive waiting times, the server does not wish to have more than N requests/threads in the system (including the waiting requests and any request it is currently serving). You may assume that N > 2. Given this constraint, a newly arriving thread must first check if N other requests are already in the system: if yes, it must exit without waiting and return an error value to the client, by calling the function thr exit failure(). This function terminates the thread and does not return. When a thread is ready for service, it must call the function get service(). Your code should ensure that no more than one thread calls this function at any point of time. This function blocks the thread for the duration of the service. Note that, while the thread receiving service is blocked, other arriving threads must be free to join the queue, or exit if the system is overloaded. After a thread returns from get service(), it must enable one of the waiting threads to seek service (if any are waiting), and then terminate itself succesfully by calling the function thr exit success(). This function terminates the thread and does not return. You are required to write pseudocode of the function to be run by the request threads in this system, as per the specification above. Your solution must use only locks and condition variables for synchronization. Clearly state all the variables used and their initial values at the start of your solution.",,midsem,pool,os questions bank /Classified OS Questions bank 2.pdf
0aab37dcac-279,0,,How many times “Hello” will be printed? a)5 b)6 c)7 d)8 Answer) c,,midsem,pool,os questions bank /Classified OS Questions bank 2.pdf
0aab37dcac-280,0,,"Consider the following code fragment:
if (fork() == 0)
{ a = a + 5; printf(“%""",,midsem,pool,os questions bank /Classified OS Questions bank 2.pdf
0aab37dcac-281,0,,Which one of the following is TRUE? (a) u = x + 10 and v = y (b) u = x + 10 and v != y (c) u + 10 = x and v = y (d) u + 10 = x and v != y,,midsem,pool,os questions bank /Classified OS Questions bank 2.pdf
0aab37dcac-282,0,,Explain in brief about User Calls and Kernel Calls.,,midsem,pool,os questions bank /Classified OS Questions bank 2.pdf
0aab37dcac-283,0,,Why system calls look like procedure calls?,,midsem,pool,os questions bank /Classified OS Questions bank 2.pdf
0aab37dcac-284,0,,Do all privileged functionalities get expose to users through system calls?,,midsem,pool,os questions bank /Classified OS Questions bank 2.pdf
0aab37dcac-285,0,,What if you don’t join threads using pthread.join()?,,midsem,pool,os questions bank /Classified OS Questions bank 2.pdf
0aab37dcac-286,0,,Can the privileged instruction creating or deleting user account be done using system call ?,,midsem,pool,os questions bank /Classified OS Questions bank 2.pdf
0aab37dcac-287,0,,Which is the first program which runs on system boot ?,,midsem,pool,os questions bank /Classified OS Questions bank 2.pdf
0aab37dcac-288,0,,Why we need two system calls fork and exec ?,,midsem,pool,os questions bank /Classified OS Questions bank 2.pdf
0aab37dcac-289,0,,What happens when a timer interrupt is raised ?,,midsem,pool,os questions bank /Classified OS Questions bank 2.pdf
0aab37dcac-290,0,,"Using a basic system call as an example (e.g., getpid or uptime), describe what is normally involved in obtaining the result, from the point when the function in the C library is called to the point where the function returns.",,midsem,pool,os questions bank /Classified OS Questions bank 2.pdf
0aab37dcac-291,0,,Q1. Why does the process gets blocked when its initiates an I/O request?,,midsem,pool,os questions bank /Classified OS Questions bank 2.pdf
0aab37dcac-292,0,,Q2. Give three reasons for the system to select a new process to run.,,midsem,pool,os questions bank /Classified OS Questions bank 2.pdf
0aab37dcac-293,0,,"Q3. State if the given sequence is possible or not. Process A is running , I/O complete interrupt arrives. Timer interrupt arrives. Scheduler runs. I/O interrupt handler runs. Process B is running.",,midsem,pool,os questions bank /Classified OS Questions bank 2.pdf
0aab37dcac-294,0,,Q4. Write the flow of context switch,,midsem,pool,os questions bank /Classified OS Questions bank 2.pdf
0aab37dcac-295,0,,Q5. Explain When a process directly switches from running state to ready state .which scheduler is involved in such switching?,,midsem,pool,os questions bank /Classified OS Questions bank 2.pdf
0aab37dcac-296,0,,Q6. Can a running process after going through I/O can be directed taken to ready state without passing through block state? Why?,,midsem,pool,os questions bank /Classified OS Questions bank 2.pdf
0aab37dcac-297,0,,"Q6. what are the responsibilities of short term scheduler , long term scheduler and medium term scheduler?",,midsem,pool,os questions bank /Classified OS Questions bank 2.pdf
0aab37dcac-298,0,,Q7. What is the difference between process and program?,,midsem,pool,os questions bank /Classified OS Questions bank 2.pdf
0aab37dcac-299,0,,"Q8. What is a pipe? ● A traditional pipe is unnamed and can be used only for the communication of related process. If unrelated processes are required to communicate – named pipes are required. ● It is a pipe whose access point is a file available on the file system. When this file is opened for reading, a process is granted access to the reading end of the pipe. Similarly, when the file is opened for writing, the process is granted access to writing end of the pipe. ● A named pipe is also referred to as FIFO or named FIFO.",,midsem,pool,os questions bank /Classified OS Questions bank 2.pdf
0aab37dcac-300,0,,"Q9. A process is a dynamic object, but a program is a static object. State whether given statement is true or not. If true, then elaborate.",,midsem,pool,os questions bank /Classified OS Questions bank 2.pdf
0aab37dcac-301,0,,Q10. what are the different states of process and explain the transitions between them (when does a process moves from one state to other)?,,midsem,pool,os questions bank /Classified OS Questions bank 2.pdf
0aab37dcac-302,0,,Q11. what are the components of process or explain Process Control Block?,,midsem,pool,os questions bank /Classified OS Questions bank 2.pdf
0aab37dcac-303,0,,Q12. What is difference between process and thread?,,midsem,pool,os questions bank /Classified OS Questions bank 2.pdf
0aab37dcac-304,0,,Q13. What is difference between multitasking and multiprocessing OS?,,midsem,pool,os questions bank /Classified OS Questions bank 2.pdf
0aab37dcac-305,0,,"Q14: Consider three processes, all arriving at time zero, with total execution time of 10, 20 and 30 units, respectively. Each process spends the first 20% of execution time doing I/O, the next 70% of time doing computation, and the last 10% of time doing I/O again. The operating system uses a shortest remaining compute time first scheduling algorithm and schedules a new process either when the running process gets blocked on I/O or when the running process finishes its compute burst. Assume that all I/O operations can be overlapped as much as possible. For what percentage of time does the CPU remain idle? (A) 0% (B) 10.6% (C) 30.0% (D) 89.4%",,midsem,pool,os questions bank /Classified OS Questions bank 2.pdf
0aab37dcac-306,0,,15) What makes a process diffrenet than a thread?,,midsem,pool,os questions bank /Classified OS Questions bank 2.pdf
0aab37dcac-307,0,,16) What function is used to create a child process and what function is used to halt the child process?,,midsem,pool,os questions bank /Classified OS Questions bank 2.pdf
0aab37dcac-308,0,,17) How to identify if the current process is child or parent?,,midsem,pool,os questions bank /Classified OS Questions bank 2.pdf
0aab37dcac-309,0,,18) How the fork() function mechanism works?,,midsem,pool,os questions bank /Classified OS Questions bank 2.pdf
0aab37dcac-310,0,,19) How the halting is done is using the wait() function?,,midsem,pool,os questions bank /Classified OS Questions bank 2.pdf
0aab37dcac-311,0,,"20) Expalin fork(), wait() and exec() relationship.",,midsem,pool,os questions bank /Classified OS Questions bank 2.pdf
0aab37dcac-312,0,,21) What are the diffrent values returned by fork() and what do they stand for?,,midsem,pool,os questions bank /Classified OS Questions bank 2.pdf
0aab37dcac-313,0,,22) Differentiate between process and thread,,midsem,pool,os questions bank /Classified OS Questions bank 2.pdf
0aab37dcac-314,0,,23) What does process control block contain?,,midsem,pool,os questions bank /Classified OS Questions bank 2.pdf
0aab37dcac-315,0,,24) What are the different IPC mechanisms?,,midsem,pool,os questions bank /Classified OS Questions bank 2.pdf
0aab37dcac-316,0,,25) What is main difference between program and process?,,midsem,pool,os questions bank /Classified OS Questions bank 2.pdf
0aab37dcac-317,0,,"Q) Explain with reason which of the given statements are true .Given the process State transition diagram for a uniprocessor system. ASSUMPTION(There is always some process in the ready queue) A. A process P2 in blocked state can make transition E while another process P1 is in running state. B. The OS uses preemptive scheduling. C. If a process makes a transition D, it would result in another process making transition A immediately. D. The OS uses non-preemptive sched",,midsem,pool,os questions bank /Classified OS Questions bank 2.pdf
0aab37dcac-318,0,,Q1. State different scheduling algorithms. Explain them.,,midsem,pool,os questions bank /Classified OS Questions bank 2.pdf
0aab37dcac-319,0,,Q2. What are the 3 different types of scheduling queues.,,midsem,pool,os questions bank /Classified OS Questions bank 2.pdf
0aab37dcac-320,0,,Q3. What are the types of scheduling alogorithms and explain any of two?,,midsem,pool,os questions bank /Classified OS Questions bank 2.pdf
0aab37dcac-321,0,,Q4. What is difference between multilevel queue scheduling and multilevel feedback queue scheduling?,,midsem,pool,os questions bank /Classified OS Questions bank 2.pdf
0aab37dcac-322,0,,Q5. What is response ratio time?,,midsem,pool,os questions bank /Classified OS Questions bank 2.pdf
0aab37dcac-323,0,,Q6. If there is no pre-emption then which scheduling policies of CPU -Virtualization will be efficient and which gives least response time?,,midsem,pool,os questions bank /Classified OS Questions bank 2.pdf
0aab37dcac-324,0,,"Q7. In a real time system, processes indicate hard constraints about when they need to run. If you were designing a scheduler for such a system, speculate about how would you use that information and what scheduling algorithm you would implement?",,midsem,pool,os questions bank /Classified OS Questions bank 2.pdf
0aab37dcac-325,0,,Q8. disadvantages of completely fair scheduler?,,midsem,pool,os questions bank /Classified OS Questions bank 2.pdf
0aab37dcac-326,0,,Q9) Which scheduling policy is most suitable in real time environment? And Which scheduling is fastest?,,midsem,pool,os questions bank /Classified OS Questions bank 2.pdf
0aab37dcac-327,0,,Q10) Why process scheduling is required and Which type of scheduling is best?,,midsem,pool,os questions bank /Classified OS Questions bank 2.pdf
0aab37dcac-328,0,,"Q11) What is the main purpose of disk scheduling and ,How is performance measured in disk scheduling?",,midsem,pool,os questions bank /Classified OS Questions bank 2.pdf
0aab37dcac-329,0,,Q12. What are turn around time and response time?,,midsem,pool,os questions bank /Classified OS Questions bank 2.pdf
0aab37dcac-330,0,0.0,"Problem 13 - Consider a disk queue with requests for I/O to blocks on cylinders 98, 183, 41, 122, 14, 124, 65, 67. The C-SCAN scheduling algorithm is used. The head is initially at cylinder number 53 moving towards larger cylinder numbers on its servicing pass. The cylinders are numbered from 0 to 199. The total head movement (in number of cylinders) incurred while servicing these requests is _______.",,midsem,pool,os questions bank /Classified OS Questions bank 2.pdf
0aab37dcac-331,0,0.0,"Problem 14 Consider a disk queue with requests for I/O to blocks on cylinders 98, 183, 41, 122, 14, 124, 65, 67. The SCAN scheduling algorithm is used. The head is initially at cylinder number 53 moving towards larger cylinder numbers on its servicing pass. The cylinders are numbered from 0 to 199. The total head movement (in number of cylinders) incurred while servicing these requests is _______.",,midsem,pool,os questions bank /Classified OS Questions bank 2.pdf
0aab37dcac-332,0,,Q15. Given a gantt chart and scheduling algorithm used is Round Robin. Time Quantum used is 5ms. Find the average turnaround time and average waiting time?,,midsem,pool,os questions bank /Classified OS Questions bank 2.pdf
0aab37dcac-333,0,,Q16. explain the difference between Preemptive Scheduling and Non-Preemptive Scheduling. Give examples of scheduling policies for each of them.,,midsem,pool,os questions bank /Classified OS Questions bank 2.pdf
0aab37dcac-334,0,,"Q17. Consider the collection of these five processes, whose arrival and burst times are provided :- Calculate the average waiting time and average turnaround time if the CPU scheduling policy is SJF preemptive.",,midsem,pool,os questions bank /Classified OS Questions bank 2.pdf
0aab37dcac-335,0,,Q18. Why I/O jobs are treated as a series of separate jobs?,,midsem,pool,os questions bank /Classified OS Questions bank 2.pdf
0aab37dcac-336,0,,Q19. Why CPU-bound jobs aren’t given priority for response time?,,midsem,pool,os questions bank /Classified OS Questions bank 2.pdf
0aab37dcac-337,0,,Q20. At what end does new jobs enter MLFQ?,,midsem,pool,os questions bank /Classified OS Questions bank 2.pdf
0aab37dcac-338,0,,Q21. Is starvation possible in MLFQ?,,midsem,pool,os questions bank /Classified OS Questions bank 2.pdf
0aab37dcac-339,0,,Q22. What is the maximum time does a process can be without getting scheduled in MLFQ?,,midsem,pool,os questions bank /Classified OS Questions bank 2.pdf
0aab37dcac-340,0,,"Q23. Consider three process, all arriving at time zero, with total execution time of 10, 20 and 30 units respectively. Each process spends the first 20% of execution time doing I/O, the next 70% of time doing computation, and the last 10% of time doing I/O again. The operating system uses a shortest remaining compute time first scheduling algorithm and schedules a new process either when the running process gets blocked on I/O or when the running process finishes its compute burst. Assume that all I/O operations can be overlapped as much as possible. For what percentage of does the CPU remain idle?",,midsem,pool,os questions bank /Classified OS Questions bank 2.pdf
0aab37dcac-341,0,,"Problem-24 Consider the set of 6 processes whose arrival time and burst time are given below If the CPU scheduling policy is Round Robin with time quantum = 3, calculate the average waiting time and average turn ar",,midsem,pool,os questions bank /Classified OS Questions bank 2.pdf
0aab37dcac-342,0,,27) What are the scheduling criteria for different algorithms?,,midsem,pool,os questions bank /Classified OS Questions bank 2.pdf
0aab37dcac-343,0,,"28) Explain SJF, FCFS, Priority and Round Robin Algorithm and state the major diffence between them.",,midsem,pool,os questions bank /Classified OS Questions bank 2.pdf
0aab37dcac-344,0,,29) In which Algorithm the starvation condition is most likely to occur?,,midsem,pool,os questions bank /Classified OS Questions bank 2.pdf
0aab37dcac-345,0,,"30) Describe the functioning of clock, hardware support is needed, What data structures can be used?",,midsem,pool,os questions bank /Classified OS Questions bank 2.pdf
0aab37dcac-346,0,,"31) If a system is thrashing, how can we try to reduce thrashing within the OS?",,midsem,pool,os questions bank /Classified OS Questions bank 2.pdf
0aab37dcac-347,0,,32) How does LRU works?,,midsem,pool,os questions bank /Classified OS Questions bank 2.pdf
0aab37dcac-348,0,,33) Can clock behave like a LRU?,,midsem,pool,os questions bank /Classified OS Questions bank 2.pdf
0aab37dcac-349,0,,34) What replacement policy can we use in worst-case LRU situation?,,midsem,pool,os questions bank /Classified OS Questions bank 2.pdf
0aab37dcac-350,0,,35) What is a cooperative approach to scheduling? Is it beneficial?,,midsem,pool,os questions bank /Classified OS Questions bank 2.pdf
0aab37dcac-351,0,,36) Define the term dispatch latency?,,midsem,pool,os questions bank /Classified OS Questions bank 2.pdf
0aab37dcac-352,0,,37) Why there is bad turnaround time in round robin ?,,midsem,pool,os questions bank /Classified OS Questions bank 2.pdf
0aab37dcac-353,0,,38) When will we prefer round robin over STCF ?,,midsem,pool,os questions bank /Classified OS Questions bank 2.pdf
0aab37dcac-354,0,,39) write a C program for implementation of Priority scheduling algorithms?,,midsem,pool,os questions bank /Classified OS Questions bank 2.pdf
0aab37dcac-355,0,,Q1. Why does Write buffering improves performance?,,midsem,pool,os questions bank /Classified OS Questions bank 2.pdf
0aab37dcac-356,0,,Q2. What is difference between spooling and buffering?,,midsem,pool,os questions bank /Classified OS Questions bank 2.pdf
0aab37dcac-357,0,,Q3. What is input spooling?,,midsem,pool,os questions bank /Classified OS Questions bank 2.pdf
0aab37dcac-358,0,,Q3. Differentiate between Process switch vs context switch?,,midsem,pool,os questions bank /Classified OS Questions bank 2.pdf
0aab37dcac-359,0,,Q4. What is the purpose of an I/O status information?,,midsem,pool,os questions bank /Classified OS Questions bank 2.pdf
0aab37dcac-360,0,,"Q5. Consider a disk system with 100 cylinders. The requests to access the cylinders occur in following sequence- 4, 34, 10, 7, 19, 73, 2, 15, 6, 20. Assuming that the head is currently at cylinder 50, what is the time taken to satisfy all requests if it takes 1 ms to move from one cylinder to adjacent one and shortest seek time first policy is used?",,midsem,pool,os questions bank /Classified OS Questions bank 2.pdf
0aab37dcac-361,0,,3) Can we say MLFQ CPU scheduling from learns from past behaviour of the process and then predicts its future behaviour? Provide reasons for your answer.,,midsem,pool,os questions bank /Classified OS Questions bank 2.pdf
0aab37dcac-362,0,,4) What can you say about adjusting Tq to trade off in Round Robin policy scheduling?,,midsem,pool,os questions bank /Classified OS Questions bank 2.pdf
0aab37dcac-363,0,,2) On considering the Pages reference order by CPU as 0 2 1 0 3 1 0 3 2 1 0 3. Calculate hit % in the case of FIFO and Optimal replacement policy when no of frames is i)3 ii)4. Explain what you observed and how can it support Belady’s anomaly?,,midsem,pool,os questions bank /Classified OS Questions bank 2.pdf
0aab37dcac-364,0,,Q26: A certain moving arm disk-storage device has the following specifications: Number of tracks per surface =4004 Track storage capacity =130030 bytes Disk speed =3600 rpm Average seek time =30 m secs. Estimate the average latency the disk storage capacity and the data transfer rate.,,midsem,pool,os questions bank /Classified OS Questions bank 2.pdf
0aab37dcac-365,0,,"Q27: Consider three processes (process id 0, 1, 2 respectively) with compute time bursts 2, 4 and 8 time units. All processes arrive at time zero. Consider the longest remaining time first (LRTF) scheduling algorithm. In LRTF ties are broken by giving priority to the process with the lowest process id. The average turn around time is:",,midsem,pool,os questions bank /Classified OS Questions bank 2.pdf
0aab37dcac-366,0,,"Q28: Suppose the following disk request sequence (track numbers) for a disk with 100 tracks is given: 45, 20, 90, 10, 50, 60, 80 and 70. Assume that the initial position of the R/W head is on track 50. The additional distance that will be traversed by the R/W head when the Shortest Seek Time First (SSTF) algorithm is used compared to the SCAN (Elevator) algorithm (assuming that SCAN algorithm moves towards 100 when it starts execution) is _________ tracks",,midsem,pool,os questions bank /Classified OS Questions bank 2.pdf
0aab37dcac-367,0,,Q1. What happens if the Kernel trust on the User stack to restore the state of a process?,,midsem,pool,os questions bank /Classified OS Questions bank 2.pdf
0aab37dcac-368,0,,Q2. Describe how interrupts are implemented.,,midsem,pool,os questions bank /Classified OS Questions bank 2.pdf
0aab37dcac-369,0,,Q3. What are the different types of Kernel?,,midsem,pool,os questions bank /Classified OS Questions bank 2.pdf
0aab37dcac-370,0,,Q4: What is the difference between Kernel and OS?,,midsem,pool,os questions bank /Classified OS Questions bank 2.pdf
0aab37dcac-371,0,,"5) Give examples of process handled by Kernel, OS and Users.",,midsem,pool,os questions bank /Classified OS Questions bank 2.pdf
0aab37dcac-372,0,,6) Write basic code of shell.,,midsem,pool,os questions bank /Classified OS Questions bank 2.pdf
0aab37dcac-373,0,,7) Which is true about operating systems? - They always make systems run faster - They never crash - They generally make systems easier to use - None of the above,,midsem,pool,os questions bank /Classified OS Questions bank 2.pdf
0aab37dcac-374,0,,"7) In UNIX, what is used to set the task priority?",,midsem,pool,os questions bank /Classified OS Questions bank 2.pdf
0aab37dcac-375,0,,8) What is root partition?,,midsem,pool,os questions bank /Classified OS Questions bank 2.pdf
0aab37dcac-376,0,,9) what is monolithic kernel,,midsem,pool,os questions bank /Classified OS Questions bank 2.pdf
0aab37dcac-377,0,,10) What is difference between monolithic os and micro-kernel os ?,,midsem,pool,os questions bank /Classified OS Questions bank 2.pdf
9f2954de80-0,0,,Q1. How can the system distinguish between the pages that are in main memory from the pages that are on the disk?,,midsem,pool,os questions bank /Classified OS Questions bank.pdf
9f2954de80-1,0,,Q2. Why seek() does not cause disk seek until read/write operation ?,,midsem,pool,os questions bank /Classified OS Questions bank.pdf
9f2954de80-2,0,,"Q3. Explain best fit , first fir and worst fit method.",,midsem,pool,os questions bank /Classified OS Questions bank.pdf
9f2954de80-3,0,,Q4. What is formula for disk access time?,,midsem,pool,os questions bank /Classified OS Questions bank.pdf
9f2954de80-4,0,,Q5. Where does VAS reside is it present in the secondary memory or in the ram ?,,midsem,pool,os questions bank /Classified OS Questions bank.pdf
9f2954de80-5,0,,Q6. What are the differences between storage method of files and directories?,,midsem,pool,os questions bank /Classified OS Questions bank.pdf
9f2954de80-6,0,,"Q7. Consider a system with several running processes. The system is running a modern OS that uses virtual addresses and demand paging. It has been empirically observed that the memory access times in the system under various conditions are: t1 when the logical memory address is found in TLB cache, t2 when the address is not in TLB but does not cause a page fault, and t3 when the address results in a page fault. This memory access time includes all overheads like page fault servicing and logical-to-physical address translation. It has been observed that, on an average, 10% of the logical address accesses result in a page fault. Further, of the remaining virtual address accesses, two-thirds of them can be translated using the TLB cache, while one-third require walking the page tables. Using the information provided above, calculate the average expected memory access time in the system in terms of t1,t2, and t3.",,midsem,pool,os questions bank /Classified OS Questions bank.pdf
9f2954de80-7,0,,Q7. Consider the following line of code in a function of a process. int *x = (int *)malloc(10 * sizeof(int)); When this function is invoked and executed?,,midsem,pool,os questions bank /Classified OS Questions bank.pdf
9f2954de80-8,0,,Q7(a) Where is the memory for the variable x allocated within the memory image of the process?,,midsem,pool,os questions bank /Classified OS Questions bank.pdf
9f2954de80-9,0,,Q7(b) Where is the memory for the 10 integer variables allocated within the memory image of the process?,,midsem,pool,os questions bank /Classified OS Questions bank.pdf
9f2954de80-10,0,,Q9) What is the need for segmentation in OS? Does segmentation cause fragmentation?,,midsem,pool,os questions bank /Classified OS Questions bank.pdf
9f2954de80-11,0,,Q10. Explain Thrashing in brief,,midsem,pool,os questions bank /Classified OS Questions bank.pdf
9f2954de80-12,0,,Q11. What do you mean by page replacement algorithm? Enlist different page replacement algorithms.,,midsem,pool,os questions bank /Classified OS Questions bank.pdf
9f2954de80-13,0,,Q12. What is fragmentation? Explain types of fragmentations with suitable example.,,midsem,pool,os questions bank /Classified OS Questions bank.pdf
9f2954de80-14,0,,Q13. Compare contiguous and non contiguous memory allocation of page,,midsem,pool,os questions bank /Classified OS Questions bank.pdf
9f2954de80-15,0,,Q14. What is virtual memory?,,midsem,pool,os questions bank /Classified OS Questions bank.pdf
9f2954de80-16,0,,Q15. Explain Compaction in brief.,,midsem,pool,os questions bank /Classified OS Questions bank.pdf
9f2954de80-17,0,,Q16. Explain Demand paging with example.,,midsem,pool,os questions bank /Classified OS Questions bank.pdf
9f2954de80-18,0,,Q17. Differentiate internal and external fragmentation,,midsem,pool,os questions bank /Classified OS Questions bank.pdf
9f2954de80-19,0,,Q18. Explain segmentation using suitable example in brief .,,midsem,pool,os questions bank /Classified OS Questions bank.pdf
9f2954de80-20,0,,Q19. Explain non-contiguous memory allocation policies with suitable example. (Refer Section 6.7),,midsem,pool,os questions bank /Classified OS Questions bank.pdf
9f2954de80-21,0,,Q20. Compare fixed and variable sized partitioning,,midsem,pool,os questions bank /Classified OS Questions bank.pdf
9f2954de80-22,0,,Q21. Explain Paging with example.,,midsem,pool,os questions bank /Classified OS Questions bank.pdf
9f2954de80-23,0,,Q22. What is external fragmentation?,,midsem,pool,os questions bank /Classified OS Questions bank.pdf
9f2954de80-24,0,,Q23. List the page replacement algorithms and explain any one.,,midsem,pool,os questions bank /Classified OS Questions bank.pdf
9f2954de80-25,0,,Q24. Explain the types of fragmentation and ways to reduce them.,,midsem,pool,os questions bank /Classified OS Questions bank.pdf
9f2954de80-26,0,,Q25. Define and explain segmentation advantages,,midsem,pool,os questions bank /Classified OS Questions bank.pdf
9f2954de80-27,0,,Q26. Explain the types of fragmentation and ways to reduce them.,,midsem,pool,os questions bank /Classified OS Questions bank.pdf
9f2954de80-28,0,,"Q27. Explain the techniques of managing memory using first fit, best fit and worst fit with suitable example.",,midsem,pool,os questions bank /Classified OS Questions bank.pdf
9f2954de80-29,0,,Q28. Explain the concept of segmentation.,,midsem,pool,os questions bank /Classified OS Questions bank.pdf
9f2954de80-30,0,,Q29. Explain variable size partitioning with its advantages and drawbacks.,,midsem,pool,os questions bank /Classified OS Questions bank.pdf
9f2954de80-31,0,,Q30. What is swapping? Explain it with suitable example,,midsem,pool,os questions bank /Classified OS Questions bank.pdf
9f2954de80-32,0,,Q31: How can the system distinguish between the pages that are in main memory from the pages that are on the disk?,,midsem,pool,os questions bank /Classified OS Questions bank.pdf
9f2954de80-33,0,,Q32. What is the difference between paging and segmentation?,,midsem,pool,os questions bank /Classified OS Questions bank.pdf
9f2954de80-34,0,,"Q33) Consider a very simple file system for a tiny disk. Each sector on the disk holds 2 integers, and all data blocks, indirect blocks, and inodes are 1 disk sector in size (each contains 2 integers). All files stored on disk are interpreted as directories by the file system (there are no ""data files""). The file system defines the layout for the following data types on disk:",,midsem,pool,os questions bank /Classified OS Questions bank.pdf
9f2954de80-35,0,,Q33(a) How many entries can appear in a maximum-sized directory? (Each entry is a pair of integers),,midsem,pool,os questions bank /Classified OS Questions bank.pdf
9f2954de80-36,0,,Q33(b) List all directories stored on this disk (full path names) along with the names of the files stored in each directory.,,midsem,pool,os questions bank /Classified OS Questions bank.pdf
9f2954de80-37,0,,"Q33(c) Modify the above data structures to add an empty directory called ""87"" to directory ""/""",,midsem,pool,os questions bank /Classified OS Questions bank.pdf
9f2954de80-38,0,,"Q34) What is the stratergy behind First Fit Method, is it faster than Best Fit ?",,midsem,pool,os questions bank /Classified OS Questions bank.pdf
9f2954de80-39,0,,Q35) The breaking of physical memory in ......... blocks are called segments.,,midsem,pool,os questions bank /Classified OS Questions bank.pdf
9f2954de80-40,0,,Q36) The base address of segment is 1000 and the offset is 4bytes what will be the physical address?,,midsem,pool,os questions bank /Classified OS Questions bank.pdf
9f2954de80-41,0,,Q37) Why segmentaion may have external fragmentation and why paging doesn't?,,midsem,pool,os questions bank /Classified OS Questions bank.pdf
9f2954de80-42,0,,Q38(a) Find a place for 5kB in free segment using First-Fit.,,midsem,pool,os questions bank /Classified OS Questions bank.pdf
9f2954de80-43,0,,Q38(b) Find a place for 16kB in free segment using Best-Fit.,,midsem,pool,os questions bank /Classified OS Questions bank.pdf
9f2954de80-44,0,,Q38(c) Find a place for 7kB in free segment using First-Fit.,,midsem,pool,os questions bank /Classified OS Questions bank.pdf
9f2954de80-45,0,,Q38(d) Find a place for 9kB in free segment using Worst-Fit.,,midsem,pool,os questions bank /Classified OS Questions bank.pdf
9f2954de80-46,0,,Q38(e) Find a place for 11kB in free segment using Best-Fit.,,midsem,pool,os questions bank /Classified OS Questions bank.pdf
9f2954de80-47,0,,Q38(f) Find a place for 4kB in free segment using Worst-Fit.,,midsem,pool,os questions bank /Classified OS Questions bank.pdf
9f2954de80-48,0,,Q39) Given 20 milliseconds as the average page-fault service time and a memory access time is 75 nanosecond. What will be the Effective Access Time?,,midsem,pool,os questions bank /Classified OS Questions bank.pdf
9f2954de80-49,0,,Q40) Which mapping is stored in Page Table?,,midsem,pool,os questions bank /Classified OS Questions bank.pdf
9f2954de80-50,0,,Q41(a) With FIFO how many number of Page Faults will be there and what will be number of hits?,,midsem,pool,os questions bank /Classified OS Questions bank.pdf
9f2954de80-51,0,,Q41(b) With LRU how many number of Page Faults will be there and what will be number of hits?,,midsem,pool,os questions bank /Classified OS Questions bank.pdf
9f2954de80-52,0,,"Q42) What will be the number of page faults when the reference string is 7,5,1,2,4,7,5,2 and the number of frames are 5 when LRU is used?",,midsem,pool,os questions bank /Classified OS Questions bank.pdf
9f2954de80-53,0,,"Q43) What will be the number of page faults when the reference string is 6,5,1,4,2,1,2 and the number of frames are 7 when FIFO is used?",,midsem,pool,os questions bank /Classified OS Questions bank.pdf
9f2954de80-54,0,,Q44) State difference between Virtual Address and Physical Address.,,midsem,pool,os questions bank /Classified OS Questions bank.pdf
9f2954de80-55,0,,"Q45) Given Page Size as 16 bytes, Offset Bits are 4 and Virtual Address requires 11 Bits, what are the number of pages?",,midsem,pool,os questions bank /Classified OS Questions bank.pdf
9f2954de80-56,0,,"Q46) Given Page Size as 1 KB, Offset Bits are 5 and VPN requires 11 Bits, what are the number of pages?",,midsem,pool,os questions bank /Classified OS Questions bank.pdf
9f2954de80-57,0,,"Q47) What will be the number of hits and miss when the reference string is 6,5,4,2,4,2,5 and the number of frames are 5 when FIFO is used?",,midsem,pool,os questions bank /Classified OS Questions bank.pdf
9f2954de80-58,0,,Q48) When the Pages and Frames are used how the the address is used to find the page number and frame number ?,,midsem,pool,os questions bank /Classified OS Questions bank.pdf
9f2954de80-59,0,,Q49) Compare contiguous and non-co,,midsem,pool,os questions bank /Classified OS Questions bank.pdf
9f2954de80-60,0,,Explain in brief about virtual memory.,,midsem,pool,os questions bank /Classified OS Questions bank.pdf
9f2954de80-61,0,,Explain paging with an example.,,midsem,pool,os questions bank /Classified OS Questions bank.pdf
9f2954de80-62,0,,Write all page replacement policies and explain about them.,,midsem,pool,os questions bank /Classified OS Questions bank.pdf
9f2954de80-63,0,,"Calculate the number of page faults by using FIFO for page sequence 2,3,2,1,5,2,4,5,3,2,5. The number of frames for this question are 3",,midsem,pool,os questions bank /Classified OS Questions bank.pdf
9f2954de80-64,0,,What is the use of valid-invalid bits in Paging?,,midsem,pool,os questions bank /Classified OS Questions bank.pdf
9f2954de80-65,0,,What is swapping and what is its purpose?,,midsem,pool,os questions bank /Classified OS Questions bank.pdf
9f2954de80-66,0,,State all columns present in the page table.,,midsem,pool,os questions bank /Classified OS Questions bank.pdf
9f2954de80-67,0,,Disadvantages of dynamic relocation.,,midsem,pool,os questions bank /Classified OS Questions bank.pdf
9f2954de80-68,0,,"Which one of the following statements about FIFO scheduling is true?
- It is a preemptive scheduling policy
- It reduces average turnaround time
- It reduces average response time
- It suffers from the “convoy” problem
- It is different from the FCFS policy",,midsem,pool,os questions bank /Classified OS Questions bank.pdf
9f2954de80-69,0,,"Which one of the following is true about this approach?
- It enables sharing of code between processes
- It translates addresses more slowly than most other approaches
- It provides protection between processes
- It prevents internal fragmentation",,midsem,pool,os questions bank /Classified OS Questions bank.pdf
9f2954de80-70,0,,"When allocating a physical page to a process, DOS selects a random free physical page (instead of, for example, the first free one on a free list). This approach will:
- Make the page table larger..
- Make heap allocation fail more often.
- Make physical memory more fragmented externally.
- Slow down address translation.
- None of the above",,midsem,pool,os questions bank /Classified OS Questions bank.pdf
9f2954de80-71,0,,"TLB is
- A memory to store page table entries
- A collection of base/bounds pairs to help segmentation work quickly
- An OS component to speed up translation
- A hardware feature that ensures fair use of memory
- An address-translation cache",,midsem,pool,os questions bank /Classified OS Questions bank.pdf
9f2954de80-72,0,,"“Data is encoded on each surface in concentric circles of sectors; we call one such concentric circle a ______.”
- platter
- surface
- track
- sector
- block",,midsem,pool,os questions bank /Classified OS Questions bank.pdf
9f2954de80-73,0,,What is a base register for?,,midsem,pool,os questions bank /Classified OS Questions bank.pdf
9f2954de80-74,0,,"What type of address is in the base register: physical, or virtual?",,midsem,pool,os questions bank /Classified OS Questions bank.pdf
9f2954de80-75,0,,What is a bounds register for?,,midsem,pool,os questions bank /Classified OS Questions bank.pdf
9f2954de80-76,0,,Why do we need more than one base/bounds register pair?,,midsem,pool,os questions bank /Classified OS Questions bank.pdf
9f2954de80-77,0,,The main reason to have a multi-level page table is to speed up address translation. (True/False),,midsem,pool,os questions bank /Classified OS Questions bank.pdf
9f2954de80-78,0,,The main reason to have a hardware TLB is to speed up address translation. (True/False),,midsem,pool,os questions bank /Classified OS Questions bank.pdf
9f2954de80-79,0,,Using a multi-level page table increases TLB hit time. (True/False),,midsem,pool,os questions bank /Classified OS Questions bank.pdf
9f2954de80-80,0,,"As the amount of addressable physical memory grows, the size of each page-table entry (PTE) must grow as well. (True/False)",,midsem,pool,os questions bank /Classified OS Questions bank.pdf
9f2954de80-81,0,,"As the size of the virtual address space grows, the amount of space occupied by a linear page table also grows. (True/False)",,midsem,pool,os questions bank /Classified OS Questions bank.pdf
9f2954de80-82,0,,"In a 2-level multi-level page table, each page directory entry should have a valid bit. (True/False)",,midsem,pool,os questions bank /Classified OS Questions bank.pdf
9f2954de80-83,0,,Name and describe two advantages that segmentation has over simple dynamic relocation.,,midsem,pool,os questions bank /Classified OS Questions bank.pdf
9f2954de80-84,0,,"In a traditional single-threaded process, what are the stack and heap used for?",,midsem,pool,os questions bank /Classified OS Questions bank.pdf
9f2954de80-85,0,,"What are conditions:
- TLB Hit
- TLB Miss
- Page Fault",,midsem,pool,os questions bank /Classified OS Questions bank.pdf
9f2954de80-86,0,,State whether one level page table is sufficient for virtual to physical translation. Provide a valid reason for the same.,,midsem,pool,os questions bank /Classified OS Questions bank.pdf
9f2954de80-87,0,,"Given six memory partitions of 300 KB, 600 KB, 350 KB, 200 KB, 750 KB, and 125 KB (in order), how would the first-fit, best-fit, and worst-fit algorithms place processes of size 115 KB, 500 KB, 358 KB, 200 KB, and 375 KB (in order).",,midsem,pool,os questions bank /Classified OS Questions bank.pdf
9f2954de80-88,0,,How many bits are there in the logical address?,,midsem,pool,os questions bank /Classified OS Questions bank.pdf
9f2954de80-89,0,,How many bits are there in the physical address?,,midsem,pool,os questions bank /Classified OS Questions bank.pdf
9f2954de80-90,0,,Explain Belady’s Anomaly and also state the reasons behind Belady’s Anomaly?,,midsem,pool,os questions bank /Classified OS Questions bank.pdf
9f2954de80-91,0,,Race conditions are possible in many computer systems. Consider a banking system that maintains an account balance with two functions: deposit(amount) and withdraw(amount). These two functions are passed the amount that is to be deposited or withdrawn. Describe how a race condition is possible and what might be done to prevent the race condition from occurring.,,midsem,pool,os questions bank /Classified OS Questions bank.pdf
9f2954de80-92,0,,"76)  Given that the time to service a page fault is on the average 10 milliseconds, while a memory access takes 1 microsecond. Then a 99.99% hit ratio results in average memory access time of",,midsem,pool,os questions bank /Classified OS Questions bank.pdf
9f2954de80-93,0,,"77)  Consider a counting semaphore S is initialized to 7. Then, 20 P operations and 15 V operations are performed on S. What is the final value of S?",,midsem,pool,os questions bank /Classified OS Questions bank.pdf
9f2954de80-94,0,,"78)  Give a simple example of a page reference sequence where the first page selected for replacement will be different for the clock and LRU page replacement algorithms. Assume that a process is allocated frames, and the reference string contains page numbers from the set 0,1,2,3",,midsem,pool,os questions bank /Classified OS Questions bank.pdf
9f2954de80-95,0,,79)  How does dynamic loading aid in better memory space utilization?,,midsem,pool,os questions bank /Classified OS Questions bank.pdf
9f2954de80-96,0,,80)  What is Cycle Stealing?,,midsem,pool,os questions bank /Classified OS Questions bank.pdf
9f2954de80-97,0,,81)  What is the principle of locality. How is locality exploited with memory virtualisation.,,midsem,pool,os questions bank /Classified OS Questions bank.pdf
9f2954de80-98,0,,82)  How does trap differ from interrupts?,,midsem,pool,os questions bank /Classified OS Questions bank.pdf
9f2954de80-99,0,,83)  Consider memory mapping using single level page table. Assuming that the required pages are in the memory.Which case is more feasible:  A) Memory reference time => 150 ns with a 20 ns overhead on hit. Assuming a 90% TLB hit and 10% TLB miss.  B) Memory reference time => 100 ns with a 40 ns overhead on hit. Assuming a 30% TLB hit and 70% TLB miss.,,midsem,pool,os questions bank /Classified OS Questions bank.pdf
9f2954de80-100,0,,"84)  What is the purpose of valid, protection, dirty bits?",,midsem,pool,os questions bank /Classified OS Questions bank.pdf
9f2954de80-101,0,,85)  What happens as you increase the no of pages that are allocated in each address space?,,midsem,pool,os questions bank /Classified OS Questions bank.pdf
9f2954de80-102,0,,86)  Explain why Trashing occurs and how to avoid it?,,midsem,pool,os questions bank /Classified OS Questions bank.pdf
9f2954de80-103,0,,"1) In paging, what happens if linear page table becomes too big? What can be the solutions possible to avoid this?",,midsem,pool,os questions bank /Classified OS Questions bank.pdf
9f2954de80-104,0,,"2) Consider the Pages referenced by the CPU in the order are 6, 7, 8, 9, 6, 7, 1, 6, 7, 8, 9, 1. Do consider that there are 3 frames and perform replacement using FIFO, LRU, Optimal page replacement. Which replacement policy works fine here in this case?",,midsem,pool,os questions bank /Classified OS Questions bank.pdf
9f2954de80-105,0,,"Q1 DESIGNING A MULTI-LEVEL PAGE TABLE Given a VAS of ‘v’ bit address, where size of physical memory is ‘m’ bytes, and a page size of ‘s’ bytes, calculate the number of levels required in a multi-level page table required to hold the mapping of pages. (consider additional ‘x’ bits required to store other information in a PTE - like valid bit, dirty bit, etc.)",,midsem,pool,os questions bank /Classified OS Questions bank.pdf
9f2954de80-106,0,,Q2. When will the page faults occur? What is the procedure for handling the page fault?,,midsem,pool,os questions bank /Classified OS Questions bank.pdf
9f2954de80-107,0,,Q3.  During defragmentation do we need to block all running processes to serve memory requests?,,midsem,pool,os questions bank /Classified OS Questions bank.pdf
9f2954de80-108,0,,"Q4.  How many page faults would occur for the FIFO page replacement algorithm , assuming three frames per page ? reference string 1 2 3 4 2 1 5 6 2 1 2 3 7 6 3 2 1 2 3",,midsem,pool,os questions bank /Classified OS Questions bank.pdf
9f2954de80-109,0,,Q5.  What are the pros and cons of choosing a small page size?,,midsem,pool,os questions bank /Classified OS Questions bank.pdf
9f2954de80-110,0,,Q6.  What are the pros and cons of choosing a large page size?,,midsem,pool,os questions bank /Classified OS Questions bank.pdf
9f2954de80-111,0,,"Q7. Explain the FIFO , optimal and LRU page replacement algorithm , using following string using 3 frames. 7 0 1 2 0 3 0 4 2 3 1 0 3 1 2 4 1 2",,midsem,pool,os questions bank /Classified OS Questions bank.pdf
9f2954de80-112,0,,Q8. What is the basic approach of page replacement?,,midsem,pool,os questions bank /Classified OS Questions bank.pdf
9f2954de80-113,0,,Q9. What is Belady’s anomaly? In which algorithm does it occur?,,midsem,pool,os questions bank /Classified OS Questions bank.pdf
9f2954de80-114,0,,Q10. Count and demonstrate the number of page faults with number of frames 3 with the following strings 7 0 1 2 3 0 4 2 3 5 6 2 1 0 1 7 1,,midsem,pool,os questions bank /Classified OS Questions bank.pdf
9f2954de80-115,0,,Q11. Explain with a suitable example how external fragmentation problem is avoided and internal fragmentation appears in paging?,,midsem,pool,os questions bank /Classified OS Questions bank.pdf
9f2954de80-116,0,,Q12. What is basic method of segmentation?,,midsem,pool,os questions bank /Classified OS Questions bank.pdf
9f2954de80-117,0,,"Q13. Is it possible for an address to be generate neither of the exceptions you listed in question 29, but still generate a page fault? If so, how? If not, why not?",,midsem,pool,os questions bank /Classified OS Questions bank.pdf
9f2954de80-118,0,,Q14. difference between paging and segmentation?,,midsem,pool,os questions bank /Classified OS Questions bank.pdf
9f2954de80-119,0,,Q15. Difference between course segmentation and fine grained segmentation?,,midsem,pool,os questions bank /Classified OS Questions bank.pdf
9f2954de80-120,0,,"Q16(a) Consider a system where each process has a virtual address space of 2^v bytes. The size of physical frames and logical pages is 16 bytes. The RAM can hold 3 physical frames. The virtual addresses of the process are 6 bits in size. The program generates the following 20 virtual address references as it runs on the CPU: 0, 1, 20, 2, 20, 21, 32, 31, 0, 60, 0, 0, 16, 1, 17, 18, 32, 31, 0, 61. (Note: the 6-bit addresses are shown in decimal here.) Assume that the physical frames in RAM are initially empty and do not map to any logical page. (a) Translate the virtual addresses above to logical page numbers referenced by the process. That is, write down the reference string of 20 page numbers corresponding to the virtual address accesses above. Assume pages are numbered starting from 0, 1, ...",,midsem,pool,os questions bank /Classified OS Questions bank.pdf
9f2954de80-121,0,,"Q16(b) (b) Calculate the number of page faults genrated by the accesses above, assuming a FIFO page replacement algorithm. You must also correctly point out which page accesses in the reference string shown by you in part (a) are responsible for the page faults.",,midsem,pool,os questions bank /Classified OS Questions bank.pdf
9f2954de80-122,0,,Q16(c) (c) Repeat (b) above for the LRU page replacement algorithm.,,midsem,pool,os questions bank /Classified OS Questions bank.pdf
9f2954de80-123,0,,"Q16(d) (d) What would be the lowest number of page faults achievable in this example, assuming an optimal page replacement algorithm were to be used? Repeat (b) above for the optimal algorithm.",,midsem,pool,os questions bank /Classified OS Questions bank.pdf
9f2954de80-124,0,,"Q17(a) Consider a system where each process has a virtual address space of 2^v bytes. The physical address space of the system is 2^p bytes, and the page size is 2^k bytes. The size of each page table entry is 2^e bytes. The system uses hierarchical paging with l levels of page tables, where the page table entries in the last level point to the actual physical pages of the process. Assume l ≥ 2. Let v0 denote the number of (most significant) bits of the virtual address that are used as an index into the outermost page table during address translation. (a) What is the number of logical pages of a process?",,midsem,pool,os questions bank /Classified OS Questions bank.pdf
9f2954de80-125,0,,Q17(b) (b) What is the number of physical frames in the system?,,midsem,pool,os questions bank /Classified OS Questions bank.pdf
9f2954de80-126,0,,Q17(c) (c) What is the number of PTEs that can be stored in a page?,,midsem,pool,os questions bank /Classified OS Questions bank.pdf
9f2954de80-127,0,,Q17(d) (d) How many pages are required to store the innermost PTEs?,,midsem,pool,os questions bank /Classified OS Questions bank.pdf
9f2954de80-128,0,,"Q17(e) (e) Derive an expression for l in terms of v, p, k, and e.",,midsem,pool,os questions bank /Classified OS Questions bank.pdf
9f2954de80-129,0,,"Q17(f) (f) Derive an expression for v0 in terms of l, v, p, k, and e.",,midsem,pool,os questions bank /Classified OS Questions bank.pdf
9f2954de80-130,0,,"Q18(a) Consider a system with 8-bit virtual and physical addresses, and 16 byte pages. A process in this system has 4 logical pages, which are mapped to 3 physical pages in the following manner: logical page 0 maps to physical page 6, 1 maps to 3, 2 maps to 11, and logical page 5 is not mapped to any physical page yet. All the other pages in the virtual address space of the process are marked invalid in the page table. The MMU is given a pointer to this page table for address translation. Further, the MMU has a small TLB cache that stores two entries, for logical pages 0 and 2. For each virtual address shown below, describe what happens when that address is accessed by the CPU. Specifically, you must answer what happens at the TLB (hit or miss?), MMU (which page table entry is accessed?), OS (is there a trap of any kind?), and the physical memory (which physical address is accessed?). You may write the translated physical address in binary format. (Note that it is not implied that the accesses below happen one after the other; you must solve each part of the question independently using the information provided above. (a) Virtual address 7",,midsem,pool,os questions bank /Classified OS Questions bank.pdf
9f2954de80-131,0,,Q18(b) (b) Virtual address 20,,midsem,pool,os questions bank /Classified OS Questions bank.pdf
9f2954de80-132,0,,Q18(c) (c) Virtual address 70,,midsem,pool,os questions bank /Classified OS Questions bank.pdf
9f2954de80-133,0,,Q18(d) (d) Virtual address 80,,midsem,pool,os questions bank /Classified OS Questions bank.pdf
9f2954de80-134,0,,"Consider two page replacement policies studied in class: FIFO and LRU. For each of these two policies, you must state if the policy can suffer from Belady’s anomaly (yes/no). Further, if you answer yes, you must provide an example of the occurrence of the anomaly, where increasing the number of physical frames actually leads to an increase in the number of page faults. If you answer no, you must provide an explanation of why you think the anomaly can never occur with this policy.",,midsem,pool,os questions bank /Classified OS Questions bank.pdf
9f2954de80-135,0,,"Given a system with four page frames, the following table indicates page, load time, last reference time. Which pages will replace by using FIFO and LRU  respectively , when a new page will come?",,midsem,pool,os questions bank /Classified OS Questions bank.pdf
9f2954de80-136,0,,"Consider  a paging system uses 1 level page table residing in  M/M and a TLB M/M Access time 100 ns. TLB lookup takes 20 ns . Each page transfer takes 500 ns to /from disk.TLB hit ratio 95% , page fault  rate=10%. Assume that  for 20 %  of total  page fault ,a  dirty page has to be written back to disk before required page is read in from disk . TLB   upde time is negligible. Find the average memory access time?",,midsem,pool,os questions bank /Classified OS Questions bank.pdf
9f2954de80-137,0,,"Consider a process running on a system with a 52-bit CPU (i.e., virtual addresses are 48 bits in size). The system has a physical memory of 8GB. The page size in the system is 4KB, and the size of a page table entry is 4 bytes. The OS uses hierarchical paging. Which of the following statements is/are true?",,midsem,pool,os questions bank /Classified OS Questions bank.pdf
9f2954de80-138,0,,"Consider a system with paging-based memory management, whose architecture allows for a 4GB virtual address space for processes. The size of logical pages and physical frames is 4KB. The system has 8GB of physical RAM. The system allows a maximum of 1K (=1024) processes to runconcurrently. Assuming the OS uses hierarchical paging, calculate the maximum memory space required to store the page tables of all processes in the system.",,midsem,pool,os questions bank /Classified OS Questions bank.pdf
9f2954de80-139,0,,"A system has 32 bit Virtual adress and 8KB page size.main memory is 128 MB..the size of page table, when page table ,when pt entry has 1 valid bit 1 modified bit and frame bits is_____(MB)p.s what is frame bits..is it the frame entry size?",,midsem,pool,os questions bank /Classified OS Questions bank.pdf
9f2954de80-140,0,,what are the problem with paging in os and does it necessary in OS?,,midsem,pool,os questions bank /Classified OS Questions bank.pdf
9f2954de80-141,0,,what are the types in paging? And is there in any disadvantes in paging?,,midsem,pool,os questions bank /Classified OS Questions bank.pdf
9f2954de80-142,0,,"Consider the following page reference string: 7,2,3,1,2,5,3,4,6,7,7,1,0,5, 4,6,2,3,0,1. Assume demand paging with 3 frames, how many page faults would occur for the following replacement algorithms? i. LRU replacement 18 page faults ii. FIFO replacement 17 page faults iii. Optimal replacement 13 page faults",,midsem,pool,os questions bank /Classified OS Questions bank.pdf
9f2954de80-143,0,,Consider a computer system with a 32-bit logical address and 4-KB page size. The system supports up to 512-MB of physical memory. i. How many entries will be there in a conventional single-level page table and inverted page table?,,midsem,pool,os questions bank /Classified OS Questions bank.pdf
9f2954de80-144,0,,"Consider a user program of logical address of size 6 pages and page size is 4 bytes. The physical address contains 300 frames. The user program consists of 22 instructions a, b, c, . . . u, v . Each instruction takes 1 byte. Assume at that time the free frames are 7, 26, 52, 20, 55, 6, 18, 21, 70, and 90. Find the following?",,midsem,pool,os questions bank /Classified OS Questions bank.pdf
9f2954de80-145,0,,"Use the three initially empty frames in the following page reference. Using the FIFO technique, locate the page errors, where the page reference sequence: 7,0,1, 2,0,3,0,4,2,3,0,3,2,1,2,0,1,7,0,1?",,midsem,pool,os questions bank /Classified OS Questions bank.pdf
9f2954de80-146,0,,How does the system tell the difference between pages in main memory and pages on the disk?,,midsem,pool,os questions bank /Classified OS Questions bank.pdf
9f2954de80-147,0,,What is the difference between paging and segmentation?,,midsem,pool,os questions bank /Classified OS Questions bank.pdf
9f2954de80-148,0,,"Let us assume , a machine with a 32-bit virtual address space and 64 MB physical memory. What is the approximate size of the page table if the page size is 4KB? (We assume single level paging)",,midsem,pool,os questions bank /Classified OS Questions bank.pdf
9f2954de80-149,0,,Why is paging used?,,midsem,pool,os questions bank /Classified OS Questions bank.pdf
9f2954de80-150,0,,"Consider the following Page reference string 1,2,3,4,2,3,4,5,6,7,3,2,4.The number of page frames=4, calculate the page faults and the hit ratio for First In First Out Page replacement algorithm",,midsem,pool,os questions bank /Classified OS Questions bank.pdf
9f2954de80-151,0,,"Consider page sequence 2,3,2,1,5,2,4,5,3,2,5,2 and discuss working of following page replace",,midsem,pool,os questions bank /Classified OS Questions bank.pdf
9f2954de80-152,0,,How logical address is converted into physical address by memory management unit? Explain it with example.,,midsem,pool,os questions bank /Classified OS Questions bank.pdf
9f2954de80-153,0,,"Suppose an average page fault service time is 10 milliseconds, while a memory access takes 1 microsecond. Then a 99.99% hit ratio results in average memory access time of",,midsem,pool,os questions bank /Classified OS Questions bank.pdf
9f2954de80-154,0,,Draw the logical and physical maps and page tables?,,midsem,pool,os questions bank /Classified OS Questions bank.pdf
9f2954de80-155,0,,Allocate each page in the corresponding frame?,,midsem,pool,os questions bank /Classified OS Questions bank.pdf
9f2954de80-156,0,,"Find the physical addresses for the instructions m, d, v, r?",,midsem,pool,os questions bank /Classified OS Questions bank.pdf
9f2954de80-157,0,,Calculate the fragmentation if exist?,,midsem,pool,os questions bank /Classified OS Questions bank.pdf
9f2954de80-158,0,,"Consider the following page reference using three frames that are initially empty. Find the page faults using LRU algorithm, where the page reference sequence: 7,0,1,2,0,3,0,4,2,3,0,3,2,1,2,0,1,7,0,1?",,midsem,pool,os questions bank /Classified OS Questions bank.pdf
9f2954de80-159,0,,"A processor uses 36 bit physical addresses and 32 bit virtual addresses, with a page frame size of 4 Kbytes. Each page table entry is of size 4 bytes. A three level page table is used for virtual to physical address translation, where the virtual address is used as follows • Bits 30-31 are used to index into the first level page table • Bits 21-29 are used to index into the second level page table • Bits 12-20 are used to index into the third level page table, and • Bits 0-11 are used as offset within the page The number of bits required for addressing the next level page table (or page frame) in the page table entry of the first, second and third level page tables are respectively (A) 20, 20 and 20 (B) 24, 24 and 24 (C) 24, 24 and 20 (D) 25, 25 and 24",,midsem,pool,os questions bank /Classified OS Questions bank.pdf
9f2954de80-160,0,,"A system has 32 bit Virtual address and 8KB page size.main memory is 128 MB..the size of page table, when page table ,when pt entry has 1 valid bit 1 modified bit and frame bits is (MB)p.s what is frame bits..is it the frame entry size?",,midsem,pool,os questions bank /Classified OS Questions bank.pdf
9f2954de80-161,0,,Explain demand paging?,,midsem,pool,os questions bank /Classified OS Questions bank.pdf
9f2954de80-162,0,,List the steps needed to handle page fault.,,midsem,pool,os questions bank /Classified OS Questions bank.pdf
9f2954de80-163,0,,Draw logical to physical maps and segment table?,,midsem,pool,os questions bank /Classified OS Questions bank.pdf
9f2954de80-164,0,,Allocate space for each segment in memory?,,midsem,pool,os questions bank /Classified OS Questions bank.pdf
9f2954de80-165,0,,Calculate the external fragmentation and the internal fragmentation?,,midsem,pool,os questions bank /Classified OS Questions bank.pdf
9f2954de80-166,0,,"What are the addresses in physical memory for the following logical addresses: 0.580, (b) 1.17 (c) 2.66 (d) 3.82 (e) 4.20?",,midsem,pool,os questions bank /Classified OS Questions bank.pdf
9f2954de80-167,0,,"Let us consider a 32-bit machine and subdivide the virtual address into 4 pieces as follows: 8-bit 4-bit 8-bit 12-bit Assuming 3-level page table is employed, such that the first 8 bits are for the first",,midsem,pool,os questions bank /Classified OS Questions bank.pdf
9f2954de80-168,0,,1. What is the page size in such a system?,,midsem,pool,os questions bank /Classified OS Questions bank.pdf
9f2954de80-169,0,,2. How much memory is consumed by the page table and wasted by internal fragmentation for a process that has 64K of memory starting at address 0?,,midsem,pool,os questions bank /Classified OS Questions bank.pdf
9f2954de80-170,0,,"3. How much memory is consumed by the page table and wasted by internal fragmentation for a process that has a code segment of 48K starting at address 0x1000000, a data segment of 600K starting at address 0x80000000 and a stack segment of 64K starting at address 0xf0000000 and growing upward (towards higher addresses)?",,midsem,pool,os questions bank /Classified OS Questions bank.pdf
9f2954de80-171,0,,Q47) Consider a two level paging scheme. The page size is 4 KB and page table entry size is 4 bytes. The size of outer page table is 4 KB. Give the division of virtual address space.,,midsem,pool,os questions bank /Classified OS Questions bank.pdf
9f2954de80-172,0,,Q48) Consider a three level paging scheme. The page size is 4 KB and page table entry size is 4 bytes. The size of outermost page table is 4 KB. Give the division of virtual address space.,,midsem,pool,os questions bank /Classified OS Questions bank.pdf
9f2954de80-173,0,,"Calculate the number of address bits, if the memory has a size of 16 GB. Assume the memory is 4-byte addressable.",,midsem,pool,os questions bank /Classified OS Questions bank.pdf
9f2954de80-174,0,,"State the major difference between External and Internal Fragmenetaion, give examples in which these type of Fragmentaion is shown.",,midsem,pool,os questions bank /Classified OS Questions bank.pdf
9f2954de80-175,0,,What is fragmentation? Explain types of fragmentations with suitable examples.,,midsem,pool,os questions bank /Classified OS Questions bank.pdf
9f2954de80-176,0,,Explain segmentation with example,,midsem,pool,os questions bank /Classified OS Questions bank.pdf
9f2954de80-177,0,,What are the problems in paging that lead to segmentation and what are still persisting even if we use segmentation?,,midsem,pool,os questions bank /Classified OS Questions bank.pdf
9f2954de80-178,0,,"CAR DEALERSHIP A typical car dealership sells and orders cars based on their stock. Once a delaership runs out of cars, it is time to order some cars from the inventory of the car manufacturer, which itself churns out a specific number of cars (a figure predefined based on some supply-demand statistics by a bunch of “has-been” MBA graduates). Your job is to implement a rough algorithm that will oversee this. To keep things simple, we will sell only a generic car model across ‘x’ dealerships...a weird car brand some might say! Given: n = dealership stock m = inventory capacity Solution: int dealers = x; sem_t fullStock[x] = {n} // array of sem init to max cars in stock sem_t emptyStock[x] = {0} sem_t fullInventory = {m} // sem init to max inventory size sem_t emptyInventory num_cars[x] = {n}; tot_cars = m; buyCars(int c, int d) // c = number of cars customer wants to buy // d = car dealership number { for(i = 0; i < c; i++) { sem_wait(&fullStock[d]); sem_wait(&buyerMutex); purchase(); // complete the purchase of a car num_cars[x]--; sem_post(&buyerMutex); sem_post(&emptyStock[d]); } } dealer(int d) { while(1) { sem_wait(&emptyStock[d]); sem_wait(&buyerMutex); if(d_cars[d] == 0) getCars(d); sem_post(&buyerMutex) // we post on sem fullStock n times to make sure the semantics of our sem (range n) is not violated for(i = 0; i < n; i++) { sem_post(&fullStock[d]); } } } getCars(int d) { for(i = 0; i < n; i++) { sem_wait(&fullInventory); sem_wait(&sellerMutex); tot_cars --; num_cars[d] ++; sem_post(&sellerMutex); sem_post(&emptyInventory); } } manufacturer() { while(1) { sem_wait(&emptyInventory); sem_wait(&sellerMutex); if (tot_cars == 0) tot_cars += m; // add m cars to inventory sem_post(&sellerMutex); // we post on sem fullInventory m times to make sure the semantics of our sem (range m) is not violated for(i = 0; i < m; i++) { sem_post(&fullInventory); } } }",,midsem,pool,os questions bank /Classified OS Questions bank.pdf
9f2954de80-179,0,,What is the low level code logic behind the Test and Set atomic implementation Using hardware support?,,midsem,pool,os questions bank /Classified OS Questions bank.pdf
9f2954de80-180,0,,How is the lock held by the next thread when unpark(tid) system call is used ?,,midsem,pool,os questions bank /Classified OS Questions bank.pdf
9f2954de80-181,0,,Write implementation of spin lock using compare and swap instruction.,,midsem,pool,os questions bank /Classified OS Questions bank.pdf
9f2954de80-182,0,,What is the solution for race condition.,,midsem,pool,os questions bank /Classified OS Questions bank.pdf
9f2954de80-183,0,,What are critical regions? Explain semaphores with example,,midsem,pool,os questions bank /Classified OS Questions bank.pdf
9f2954de80-184,0,,Explain spin locks in the context of semaphore .what is solution for race condition?,,midsem,pool,os questions bank /Classified OS Questions bank.pdf
9f2954de80-185,0,,. Semophore itself is a critical section problem .how this can we manage in uniprocessor and multiprocessor condition?,,midsem,pool,os questions bank /Classified OS Questions bank.pdf
9f2954de80-186,0,,Describe the classical synchronization problem and solutions for readers writers problem.,,midsem,pool,os questions bank /Classified OS Questions bank.pdf
9f2954de80-187,0,,What is race condition ? why hardware solution of critical section synchronization problem needed?,,midsem,pool,os questions bank /Classified OS Questions bank.pdf
9f2954de80-188,0,,What is solution for race condition?,,midsem,pool,os questions bank /Classified OS Questions bank.pdf
9f2954de80-189,0,,Explain producer consumer problem.,,midsem,pool,os questions bank /Classified OS Questions bank.pdf
9f2954de80-190,0,,Write on Condition Variables.,,midsem,pool,os questions bank /Classified OS Questions bank.pdf
9f2954de80-191,0,,"While handling a large data structure in a critical section , using a local is efficient or there is any other mechanism to be followed to avoid data race conditions?",,midsem,pool,os questions bank /Classified OS Questions bank.pdf
9f2954de80-192,0,,"What happens if a consumer thread in a waiting queue does not respond to the wake signal given by producer thread , is that thread or next thread gets removed from that waiting queue or not?",,midsem,pool,os questions bank /Classified OS Questions bank.pdf
9f2954de80-193,0,,What happens if we get into the situation of data race in the lock mechanism itself?,,midsem,pool,os questions bank /Classified OS Questions bank.pdf
9f2954de80-194,0,,"Consider the following scenario. A town has a very popular restaurant. The restaurant can hold N diners. The number of people in the town who wish to eat at the restaurant, and are waiting outside its doors, is much larger than N. The restaurant runs its service in the following manner. Whenever it is ready for service, it opens its front door and waits for diners to come in. Once N diners enter, it closes its front door and proceeds to serve these diners. Once service finishes, the backdoor is opened and the diners are let out through the backdoor. Once all diners have exited, another batch of N diners is admitted again through the front door. This process continues indefinitey. The restaurant does not mind if the same diner is part of multiple batches. We model the diners and the restaurant as threads in a multithreaded program. The threads must be synchronized as follows. A diner cannot enter until the restaurant has opened its front door to let people in. The restaurant cannot start service until N diners have come in. The diners cannot exit until the back door is open. The restaurant cannot close the backdoor and prepare for the next batch until all the diners of the previous batch have left. Below is given unsynchronized pseudocode for the diner and restaurant threads. Your task is complete the code such that the threads work as desired. Please write down the complete synchronized code of each thread in your solution. You are given the following variables (semaphores and initial values, integers) to use in your solution. The names of the variables must give you a clue about their possible usage. You must not use any other variable in your solution. sem (init to 0): entering_diners, exiting_diners, enter_done, exit_done sem (init to 1): mutex_enter, mutex_exit Integer counters (init to 0): count_enter, count_exit All changes to the counters and other variables must be done by you in your solution. None of the actions performed by the unsynchronized code below will modify any of the variables above. (a) Unsynchronized code for the restaurant thread is given below. Add suitable synchronization in your solution in between these actions of the restaurant. openFrontDoor() closeFrontDoor() serveFood() openBackDoor() closeBackDoor()",,midsem,pool,os questions bank /Classified OS Questions bank.pdf
9f2954de80-195,0,,(b) Unsynchronized code for the diner thread is given below. Add suitable synchronization in your solution around these actions of the diner. enterRestaurant() eat() exitRestaurant(),,midsem,pool,os questions bank /Classified OS Questions bank.pdf
9f2954de80-196,0,,Consider two processes P1 and P2  executing their respective codes. Initial value of global variables P1 and P2 inside are “False”. P1 While(TR,,midsem,pool,os questions bank /Classified OS Questions bank.pdf
9f2954de80-197,0,,Consider the below statements: 1.Mutual Exclusion is satisfied . 2.Mutual Exclusion is not satisfied 3.It is possible for deadlock. Which of the above are True?,,midsem,pool,os questions bank /Classified OS Questions bank.pdf
9f2954de80-198,0,,"A shared  variable x, initialized to zero is operated by four processes W,X,Y,Z. Process W and X increment x by one , while process Y,Z decrement  x by two. Each process before  reading perform ‘wait’ on a semaphore  ‘S’ and signal on ‘S’ after store if semaphore  ‘S’ is initialized to two. Find what is the maximum possible value of  x after all processes complete execution ?",,midsem,pool,os questions bank /Classified OS Questions bank.pdf
9f2954de80-199,0,,"Suppose we want to synchronize two processes P and Q  using binary semaphores  S,T. Process P While(1) { W Print ‘0’ Print ‘0’  X } Process Q While(1) { Y Print ‘1’ Print ‘1’  Z } Output String should be like: ‘001100110011’ Which option is correct?",,midsem,pool,os questions bank /Classified OS Questions bank.pdf
9f2954de80-200,0,,What is the role of critical section in process synchronization?,,midsem,pool,os questions bank /Classified OS Questions bank.pdf
9f2954de80-201,0,,What are the operations available in semaphores?Which kind of problem can be solved using semaphores?,,midsem,pool,os questions bank /Classified OS Questions bank.pdf
9f2954de80-202,0,,"The atomic fetch-and-set x, y instruction retrieves the previous value of x from y and unconditionally sets the memory location x to 1 without allowing any other access during the process. Take into account the following binary semaphore implementation of the P and V functions. AcquireLock(L){ while (Fetch_And_Add(L,1)) L = 1; } ReleaseLock(L){ L = 0; }This implementation",,midsem,pool,os questions bank /Classified OS Questions bank.pdf
9f2954de80-203,0,,"The atomic fetch-and-set x, y instruction fetches the previous value of x from y and unconditionally sets the memory location x to 1 without allowing any other access during the process. Take into account the following binary semaphore implementation of the P and V functions. void P (binary_semaphore *s) { unsigned y; unsigned *x = &(s->value); do { fetch-and-set x, y; } while (y); } void V (binary_semaphore *s) { S->value = 0; } The implementation may not work if context switching is disabled in P.Explain?",,midsem,pool,os questions bank /Classified OS Questions bank.pdf
9f2954de80-204,0,,"Assume P1 is one of n processes. Pn can reserve and release one resource unit at a time from a pool of m identical ones that they share. The maximum resource requirement of process Pi is Si, where Si > 0. Which of the following is a necessary condition to prevent deadlock from happening?",,midsem,pool,os questions bank /Classified OS Questions bank.pdf
9f2954de80-205,0,,What conditions must be met in order to solve the critical-section problem?,,midsem,pool,os questions bank /Classified OS Questions bank.pdf
9f2954de80-206,0,,The P and V operations on counting semaphores are defined as  P(s): s = s-1; if s < 0 then wait; V(s) : s = s-1; if s <= 0 then wakeup a process waiting on s; Assume that Pb and Vb the wait and signal operations on binary semaphores are provided. Two binary semaphores Xb and Yb are used to implement the semaphore operations P(s) and V(s) as follows: P(s): Pb (Xb); S = s - 1; if(s < 0){ Vb(Xb); Pb(Yb); } Else Vb (Xb); V(s): Pb (Xb); S = s + 1; if(s <= 0) Vb(Yb); Vb(Xb); The initial values of Xb and Yb are respectively?,,midsem,pool,os questions bank /Classified OS Questions bank.pdf
9f2954de80-207,0,,"A critical section of code must be accessed by two processes, P1 and P2. Think about the processes' use of the following synchronization construct: /* P1 */ while(true){ want s1=true; while(wants2 == true){ /* Critical Section */ wants1 = false; } /* Reminder Section */ } /* P2 */ while(true){ want s2=true; while(wants1 == true){ /* Critical Section */ Wants2 = false; } /* Reminder Section */ } Here wants1 and wants2 are shared variables, which are initialized to false. Which one of the following statements is TRUE about the above construct?",,midsem,pool,os questions bank /Classified OS Questions bank.pdf
9f2954de80-208,0,,what is Process Synchronization and what is the need for it?,,midsem,pool,os questions bank /Classified OS Questions bank.pdf
9f2954de80-209,0,,Consider two processes P1 and P2 are executing concurrently. Both the processes share a common variable named “count” having initial value = 5. Process P1 tries to increment the value of count. Process P2 tries to decrement the value of count. What are the possible values of count?,,midsem,pool,os questions bank /Classified OS Questions bank.pdf
9f2954de80-210,0,,The following two functions P1 and P2 that share a variable B with an initial value of 2 execute concurrently- P1(){ C=B-1; B=2*C; } P2(){ D=2*B; B=D-1; } What are the distinct values of B?,,midsem,pool,os questions bank /Classified OS Questions bank.pdf
9f2954de80-211,0,,"The following code,

pthread_mutex_t lock = PTHREAD_MUTEX_INITIALIZER; pthread_cond_t init = PTHREAD_COND_INITIALIZER;
Pthread_mutex_lock(&lock);
while (initialized == 0) Pthread_cond_wait(&init, &lock);
Pthread_mutex_unlock(&lock);

The code text to see whether the variable initialized has been set to 0, then calls the wait routine to sleep until the other thread wakes it up.

The following is the awaking code,
Pthread_mutex_lock(&lock);
initialized = 1;
Pthread_cond_signal(&init);
Pthread_mutex_unlock(&lock);

You might have noticed that the wait call takes a lock as its second input, but the signal call only takes a condition. Explain.",,midsem,pool,os questions bank /Classified OS Questions bank.pdf
9f2954de80-212,0,,Disabling interrupts was one of the earlier methods proposed for the implementation of locks. Discuss the flaws in this approach.,,midsem,pool,os questions bank /Classified OS Questions bank.pdf
9f2954de80-213,0,,What are the main conditions that an efficient lock is expected to fulfill?,,midsem,pool,os questions bank /Classified OS Questions bank.pdf
9f2954de80-214,0,,Why can the producer-consumer problem be solved by mutex,,midsem,pool,os questions bank /Classified OS Questions bank.pdf
9f2954de80-215,0,,What happens if there is a race condition on the lock itself?,,midsem,pool,os questions bank /Classified OS Questions bank.pdf
9f2954de80-216,0,,What happens if data race happen in lock mechanism itself?,,midsem,pool,os questions bank /Classified OS Questions bank.pdf
9f2954de80-217,0,,What happens if consumer thread doesn’t respond to wake signal by producer thread?,,midsem,pool,os questions bank /Classified OS Questions bank.pdf
9f2954de80-218,0,,"Consider the methods used by processes P1 and P2 for accessing their critical sections whenever needed, as given below. The initial values of shared Boolean variables S1 and S2 are randomly assigned.

Method used by P1
while (S1 == S2);
Critical Section
S1 = S2

Method used by P2
while (S1 != S2);
Critical Section
S2 = !S1

Which one of the following statements describes the properties achieved?
A) Mutual exclusion but not progress
B) Progress but not mutual exclusion
C) Neither mutual exclusion nor progress
D) Both mutual exclusion and progress",,midsem,pool,os questions bank /Classified OS Questions bank.pdf
9f2954de80-219,0,,Q37: Let m[0]…m[4] be mutexes (binary semaphores) and P[0] …. P[4] be processes. Suppose each process P[i] executes the following: wait (m[i]); wait(m[(i+1) mode 4]); ------ release (m[i]); release (m[(i+1)mod 4]); This could cause,,midsem,pool,os questions bank /Classified OS Questions bank.pdf
9f2954de80-220,0,,(a) Thrashing,,midsem,pool,os questions bank /Classified OS Questions bank.pdf
9f2954de80-221,0,,(b) Deadlock,,midsem,pool,os questions bank /Classified OS Questions bank.pdf
9f2954de80-222,0,,"(c) Starvation, but not deadlock",,midsem,pool,os questions bank /Classified OS Questions bank.pdf
9f2954de80-223,0,,(d) None of the above,,midsem,pool,os questions bank /Classified OS Questions bank.pdf
9f2954de80-224,0,,"Q38: Consider Peterson’s algorithm for mutual exclusion between two concurrent processes i and j. The program executed by process is shown below. repeat flag [i] = true; turn = j; while ( P ) do no-op; Enter critical section, perform actions, then exit critical section flag [ i ] = false; Perform other non-critical section actions. until false; For the program to guarantee mutual exclusion, the predicate P in the while loop should be",,midsem,pool,os questions bank /Classified OS Questions bank.pdf
9f2954de80-225,0,,(a) flag [j] = true and turn = i,,midsem,pool,os questions bank /Classified OS Questions bank.pdf
9f2954de80-226,0,,(b) flag [j] = true and turn = j,,midsem,pool,os questions bank /Classified OS Questions bank.pdf
9f2954de80-227,0,,(c) flag [i] = true and turn = j,,midsem,pool,os questions bank /Classified OS Questions bank.pdf
9f2954de80-228,0,,(d) flag [i] = true and turn = i,,midsem,pool,os questions bank /Classified OS Questions bank.pdf
9f2954de80-229,0,,"Q39) Davidis a  hardware engineer.Hecame up with a great idea which can help in solving the critical section problemand that hecalled it as atomic counters. An atomic counter is a variable in memory that can be sampled and incremented in one atomic operation. Also, it can be reset to 0. That is, the two opreations allowed on the shared variable a are: j = a++;// execute in one atomic operationa = 0; Show that whether this technique is possible if yes implement it.",,midsem,pool,os questions bank /Classified OS Questions bank.pdf
9f2954de80-230,0,,"Q40: The atomic fetch-and-set x, y instruction unconditionally sets the memory location x to 1 and fetches the old value of x in y without allowing any intervening access to the memory location x. consider the following implementation of P and V functions on a binary semaphore . void P (binary_semaphore *s) { unsigned y; unsigned *x = &(s->value); do { fetch-and-set x, y; } while (y); } void V (binary_semaphore *s) { S->value = 0; }",,midsem,pool,os questions bank /Classified OS Questions bank.pdf
9f2954de80-231,0,,"Q41: Consider a semaphore S, initialized with value 1. Consider 10 processes P1,P2…P10.All processes have the same code as given below but one process P10 has signal(S) in place of wait(S). If all processes can execute multiple times, then maximum number of processes which can be in the critical section together.",,midsem,pool,os questions bank /Classified OS Questions bank.pdf
9f2954de80-232,0,,"41)  In Context Switching between user level threads and kernel level thread, which is faster and why?",,midsem,pool,os questions bank /Classified OS Questions bank.pdf
9f2954de80-233,0,,"42)  When the following code is executed, how many child process are created? fork(); fork(); fork(); fork(); fork();",,midsem,pool,os questions bank /Classified OS Questions bank.pdf
9f2954de80-234,0,,43) When a race condition occurs and what are the possible ways to stop them?,,midsem,pool,os questions bank /Classified OS Questions bank.pdf
9f2954de80-235,0,,44) What is MUTEX?,,midsem,pool,os questions bank /Classified OS Questions bank.pdf
9f2954de80-236,0,,45) What are the problems of the synchronizatrion?,,midsem,pool,os questions bank /Classified OS Questions bank.pdf
9f2954de80-237,0,,46) What are the advantages of the threads over process?,,midsem,pool,os questions bank /Classified OS Questions bank.pdf
9f2954de80-238,0,,47) What are the advantages of the process over threads?,,midsem,pool,os questions bank /Classified OS Questions bank.pdf
9f2954de80-239,0,,48)  How many processes are created by the following code? Main() { Fork(); Fork(); Fork(); },,midsem,pool,os questions bank /Classified OS Questions bank.pdf
9f2954de80-240,0,,49)  What are conditional variables and what is the use of it?,,midsem,pool,os questions bank /Classified OS Questions bank.pdf
9f2954de80-241,0,,50)  Write Producer Consumer code.,,midsem,pool,os questions bank /Classified OS Questions bank.pdf
9f2954de80-242,0,,51) In the dinning philosophers problem there is a round table and N philosophers are sitting with N forks between them. The task given to each philosopher is that he have to pick both the fork on the left and right but with the constraint that if each philosopher first picks the fork an right(lets say) then it will cause deadlock while waiting for the other fork.Write a possible solution for this problem,,midsem,pool,os questions bank /Classified OS Questions bank.pdf
9f2954de80-243,0,,"52) Consider a system consisting of n processes (P0, P1, ………Pn -1) each process has a segment of code which is known as critical section in which the process may be changing common variable, updating a table, writing a file and so on. The important feature of the system is that when the process is executing in its critical section no other process is to be allowed to execute in its critical section. The execution of critical sections by the processes is a mutually exclusive. The critical section problem is to design a protocol that the process can use to cooperate each process must request permission to enter its critical section.",,midsem,pool,os questions bank /Classified OS Questions bank.pdf
9f2954de80-244,0,,53) (a) Variables and initial values,,midsem,pool,os questions bank /Classified OS Questions bank.pdf
9f2954de80-245,0,,53) (b) Code onEnter() to be run by thread/person entering,,midsem,pool,os questions bank /Classified OS Questions bank.pdf
9f2954de80-246,0,,53) (c) Code onExit() to be run by thread/person exiting,,midsem,pool,os questions bank /Classified OS Questions bank.pdf
9f2954de80-247,0,,"54) Consider the following snapshot of a system running n processes. Process i is holding xi instances of a resource R for 1<=i<=n. Currently, all instances of R are occupied. Further, for all i, process i has placed a request for an additional yi instances while holding the xi instances it already has. There are exactly two processes p and q such that yp = yq = 0. Which of the following can serve as a necessary condition to guarantee that the system is not approaching a deadlock?",,midsem,pool,os questions bank /Classified OS Questions bank.pdf
9f2954de80-248,0,,"55) A single processor system has three resource types X, Y and Z, which are shared by three processes. There are 5 units of each resource type. Consider the following scenario, where the column alloc denotes the number of units of each resource type allocated to each process, and the column request denotes the number of units of each resource type requested by a process in order to complete execution. Which of these processes will finish LAST?",,midsem,pool,os questions bank /Classified OS Questions bank.pdf
9f2954de80-249,0,,56) One example of co-operative approach for switching between processes ?,,midsem,pool,os questions bank /Classified OS Questions bank.pdf
9f2954de80-250,0,,57) What are types of semaphores and why are they named so?,,midsem,pool,os questions bank /Classified OS Questions bank.pdf
9f2954de80-251,0,,58) Implement B-tree and start with a simple locking strategy such as a single lock. Measure its performance as the number of concurrent threads increases.,,midsem,pool,os questions bank /Classified OS Questions bank.pdf
9f2954de80-252,0,,"Problem1: The enter_CS( ) and leave_CS( ) functions to implement critical section of a process are realized using test and set instruction as follows- void enter_CS(X) {while (test-and-set(X));} void leave_CS(X) {X = 0;} In the above solution, X is a memory location associated with the CS and is initialized to 0. Now, consider the following statements- 1. The above solution to CS problem is deadlock-free 2. The solution is starvation free 3. The processes enter CS in FIFO order 4. More than one process can enter CS at the same time. Which of the above statements is true? 1. I only 2. I and II 3. II and III 4. IV only",,midsem,pool,os questions bank /Classified OS Questions bank.pdf
9f2954de80-253,0,,"Problem2: counting semaphore S is initialized to 10. Then, 6 P operations and 4 V operations are performed on S. What is the final value of S?",,midsem,pool,os questions bank /Classified OS Questions bank.pdf
9f2954de80-254,0,,"Problem3: A counting semaphore S is initialized to 7. Then, 20 P operations and 15 V operations are performed on S. What is the final value of S?",,midsem,pool,os questions bank /Classified OS Questions bank.pdf
9f2954de80-255,0,,"Problem4: A shared variable x, initialized to zero, is operated on by four concurrent processes W, X, Y, Z as follows. Each of the processes W and X reads x from memory, increments by one, stores it to memory and then terminates. Each of the processes Y and Z reads x from memory, decrements by two, stores it to memory, and then terminates. Each process before reading x invokes the P operation (i.e. wait) on a counting semaphore S and invokes the V operation (i.e. signal) on the semaphore S after storing x to memory. Semaphore S is initialized to two. What is the maximum possible value of x after all processes complete execution? 1. -2 2. -1 3. 1 4. 2",,midsem,pool,os questions bank /Classified OS Questions bank.pdf
9f2954de80-256,0,,"Problem5: Each process Pi, i = 1, 2, …, 9 is coded as follows- repeat P(mutex) { Critical Section } V(mutex) forever  The code for P10 is identical except that it uses V(mutex) in place of P(mutex). What is the largest number of processes that can be inside the critical section at any moment?",,midsem,pool,os questions bank /Classified OS Questions bank.pdf
9f2954de80-257,0,,Problem6: Let m[0]…m[4] be mutexes (binary semaphores) and P[0]…P[4] be processes. Suppose each process P[i] executes the following: wait(m[i]); wait(m[(i+1) mod 4]); ……. release(m[i]); release(m[(i+1) mod 4]); This could cause-,,midsem,pool,os questions bank /Classified OS Questions bank.pdf
9f2954de80-258,0,,"Problem-07: In the above question, which of the following pairs of processes may be present inside the critical section at the same time?",,midsem,pool,os questions bank /Classified OS Questions bank.pdf
9f2954de80-259,0,,"Problem-08: The following program consists of 3 concurrent processes and 3 binary semaphores. The semaphores are initialized as S0 = 1, S1 = 0 and S2 = 0. How many times will process P0 print ‘0’?",,midsem,pool,os questions bank /Classified OS Questions bank.pdf
9f2954de80-260,0,,"Problem-9: A counting semaphore S is initialised to 10. Then, 6 P operations and 4 V operations are performed on S. What is the final value of S?",,midsem,pool,os questions bank /Classified OS Questions bank.pdf
9f2954de80-261,0,,10) How would you improve performance when using semaphores?,,midsem,pool,os questions bank /Classified OS Questions bank.pdf
9f2954de80-262,0,,"11) Consider the readers and writers problem discussed above. Recall that multiple readers can be allowed to read concurrently, while only one writer at a time can access the critical section. Write down pseudocode to implement the functions readLock, readUnlock, writeLock, and writeUnlock that are invoked by the readers and writers",,midsem,pool,os questions bank /Classified OS Questions bank.pdf
9f2954de80-263,0,,Q1. What is deadlock? Explain deadlock prevention in details.,,midsem,pool,os questions bank /Classified OS Questions bank.pdf
9f2954de80-264,0,,Q2. What are the methods for handling deadlock ?,,midsem,pool,os questions bank /Classified OS Questions bank.pdf
9f2954de80-265,0,,Q3. What are the necessary conditions for deadlock?,,midsem,pool,os questions bank /Classified OS Questions bank.pdf
9f2954de80-266,0,,Q4. How we can avoid Deadlock Avoidance?,,midsem,pool,os questions bank /Classified OS Questions bank.pdf
9f2954de80-267,0,,Q5. A System requires 2 units of resources having 3 process the minimum no of units of R such that no deadlock will occur?,,midsem,pool,os questions bank /Classified OS Questions bank.pdf
9f2954de80-268,0,,Q6. Distinguish between deadlock and starvation.,,midsem,pool,os questions bank /Classified OS Questions bank.pdf
9f2954de80-269,0,,Q7. what are the things which leads a system into deadlock situation?,,midsem,pool,os questions bank /Classified OS Questions bank.pdf
9f2954de80-270,0,,Q8. What is a safe state and what is its use of deadlock avoidance?,,midsem,pool,os questions bank /Classified OS Questions bank.pdf
9f2954de80-271,0,,Q9. What is Deadlock?,,midsem,pool,os questions bank /Classified OS Questions bank.pdf
9f2954de80-272,0,,"Q10. A system is having 3 user processes P1, P2 and P3 where P1 requires 21 units of resource R, P2 requires 31 units of resource R, P3 requires 41 units of resource R. The minimum number of units of R that ensures no deadlock is ?",,midsem,pool,os questions bank /Classified OS Questions bank.pdf
9f2954de80-273,0,,Q11. How to prevent deadlock?,,midsem,pool,os questions bank /Classified OS Questions bank.pdf
9f2954de80-274,0,,12) Given a system that has 5 number of identical resources. There are N number of processes competing for them. What will be the minimum value if N that can cause deadlock when a process can request for atmost 3 resouces?,,midsem,pool,os questions bank /Classified OS Questions bank.pdf
9f2954de80-275,0,,13) Consider a system as deadlock free and each process can request for maximun 5 resources. What will be the min imum number of identical resources will be the system have?,,midsem,pool,os questions bank /Classified OS Questions bank.pdf
9f2954de80-276,0,,14) When the deadlock occurs and what are the different handling method to handle deadlocks?,,midsem,pool,os questions bank /Classified OS Questions bank.pdf
9f2954de80-277,0,,15) What is deadlock? Explain conditions of occurrence deadlock.,,midsem,pool,os questions bank /Classified OS Questions bank.pdf
9f2954de80-278,0,,"16) Vaibhav, Suraj and Uday go to a Chinese restaurant. But they go there at 8 pm (Busy time). So, waiter apologize and says he can provide only 2 pairs of chopsticks (i.e., four chopsticks), which need to be share between 3 friends. Now, Vaibhav come up with an idea. He suggests to put all four chopsticks in an empty glass at center table & each diner should obey the following protocol: while ( ! had_enough_to_eat() ) { aquire_one_chopstick(); aquire_one_chopstick(); eat(); release_one_chopstick(); release_one_chopstick(); } Can this plan lead to a deadlock? Explain your answer.",,midsem,pool,os questions bank /Classified OS Questions bank.pdf
9f2954de80-279,0,,"17) (Read above problem first) Suppose, now instead of 3 diners, we have 'D' number of diners. Furthermore, each diner may acquire different number of chopsticks. Let`s say 'C' number of total chopstick will satisfy the needs of all diners (e.g., for 4 people (D=4), assuming each require 3 chopsticks, then 'C' will be C = 3*4=12). Now, each diners protocol is displayed below: int s; int num_sticks = my_chopsticks_requirement(); while (! had_enough_to_eat()) { for (s=0; s <num_sticks; s++) { acquire_one_chopstick(); } eat(); for (s=0; s <num_sticks; s++) { release_one_chopstick(); } } what is the smallest number of chopsticks (in terms of C and D), needed to ensure that deadlock cannot occur? Explain your answer.",,midsem,pool,os questions bank /Classified OS Questions bank.pdf
9f2954de80-280,0,,18) To write a C program to implement algorithm for deadlock detection,,midsem,pool,os questions bank /Classified OS Questions bank.pdf
9f2954de80-281,0,,19) What are the necessary conditions which can lead to a deadlock in a system?,,midsem,pool,os questions bank /Classified OS Questions bank.pdf
9f2954de80-282,0,,"Problem on bankers algo: A single processor system has three resource types X, Y and Z, which are shared by three processes. There are 5 units of each resource type. Consider the following scenario, where the column alloc denotes the number of units of each resource type allocated to each process, and the column request denotes the number of units of each resource type requested by a process in order to complete execution. Which of these processes will finish LAST? 1. P0 2. P1 3. P2 4. None of the above since the system is in a deadlock",,midsem,pool,os questions bank /Classified OS Questions bank.pdf
9f2954de80-283,0,,Which of the following is TRUE?,,midsem,pool,os questions bank /Classified OS Questions bank.pdf
9f2954de80-284,0,,3) What is Banker's algorithm and what is it used for?,,midsem,pool,os questions bank /Classified OS Questions bank.pdf
9f2954de80-285,0,,How many total processes will print their PIDs? What shape of process hierarchy will this code produce? Draw a picture of it. Will the order of printing be consistent or arbitrary? Why?,,midsem,pool,os questions bank /Classified OS Questions bank.pdf
9f2954de80-286,0,,Q2. How are zombie processes created and how do they reap?,,midsem,pool,os questions bank /Classified OS Questions bank.pdf
9f2954de80-287,0,,Q3. Why is it important to reap?,,midsem,pool,os questions bank /Classified OS Questions bank.pdf
9f2954de80-288,0,,Q4. wait() block parent until child terminates. Are there any non-blocking ways to invoke wait?,,midsem,pool,os questions bank /Classified OS Questions bank.pdf
9f2954de80-289,0,,Q5. What are system calls? How do they work?,,midsem,pool,os questions bank /Classified OS Questions bank.pdf
9f2954de80-290,0,,Q6. How many new processes are created by the following code?,,midsem,pool,os questions bank /Classified OS Questions bank.pdf
9f2954de80-291,0,,Q7. Write flow of handling a system call.,,midsem,pool,os questions bank /Classified OS Questions bank.pdf
9f2954de80-292,0,,Q8. #include<stdio.h> int main(){ if (fork() && fork()) fork(); printf(“hello”); return 0; } Print the result?,,midsem,pool,os questions bank /Classified OS Questions bank.pdf
9f2954de80-293,0,,Q9. Is there a mechanism through which child can communicate with the parent process which is created by using fork() ?,,midsem,pool,os questions bank /Classified OS Questions bank.pdf
9f2954de80-294,0,,"Q10. How does it map the calls made by a process as open(), read(), write() ?",,midsem,pool,os questions bank /Classified OS Questions bank.pdf
9f2954de80-295,0,,"Q11. Consider a multithreaded application server handling requests from clients. Every new request that arrives at the server causes a new thread to be spawned to handle that request. The server can provide service to only one request/thread at a time, and other threads that arrive when the server is busy must wait for service using a synchronization primitive (semaphore or condition variable). In order to avoid excessive waiting times, the server does not wish to have more than N requests/threads in the system (including the waiting requests and any request it is currently serving). You may assume that N > 2. Given this constraint, a newly arriving thread must first check if N other requests are already in the system: if yes, it must exit without waiting and return an error value to the client, by calling the function thr exit failure(). This function terminates the thread and does not return. When a thread is ready for service, it must call the function get service(). Your code should ensure that no more than one thread calls this function at any point of time. This function blocks the thread for the duration of the service. Note that, while the thread receiving service is blocked, other arriving threads must be free to join the queue, or exit if the system is overloaded. After a thread returns from get service(), it must enable one of the waiting threads to seek service (if any are waiting), and then terminate itself succesfully by calling the function thr exit success(). This function terminates the thread and does not return. You are required to write pseudocode of the function to be run by the request threads in this system, as per the specification above. Your solution must use only locks and condition variables for synchronization. Clearly state all the variables used and their initial values at the start of your solution.",,midsem,pool,os questions bank /Classified OS Questions bank.pdf
9f2954de80-296,0,,Q12. Consider the following code: #include <stdio.h> #include <unistd.h> Int main() { If((fork() && (!fork()) { If(fork() || fork()) { fork(); } } printf(“hello”); return 0; } How many times “Hello” will be printed?,,midsem,pool,os questions bank /Classified OS Questions bank.pdf
9f2954de80-297,0,,"Q13. Consider the following code fragment: if (fork() == 0) { a = a + 5; printf(“%d”, a); } else { a = a + 5; printf(“%d”, a); }",,midsem,pool,os questions bank /Classified OS Questions bank.pdf
9f2954de80-298,0,,Which one of the following is TRUE? (a) u = x + 10 and v = y (b) u = x + 10 and v != y (c) u + 10 = x and v = y (d) u + 10 = x and v != y,,midsem,pool,os questions bank /Classified OS Questions bank.pdf
9f2954de80-299,0,,Explain in brief about User Calls and Kernel Calls.,,midsem,pool,os questions bank /Classified OS Questions bank.pdf
9f2954de80-300,0,,Why system calls look like procedure calls?,,midsem,pool,os questions bank /Classified OS Questions bank.pdf
9f2954de80-301,0,,Do all privileged functionalities get expose to users through system calls?,,midsem,pool,os questions bank /Classified OS Questions bank.pdf
9f2954de80-302,0,,What if you don’t join threads using pthread.join()?,,midsem,pool,os questions bank /Classified OS Questions bank.pdf
9f2954de80-303,0,,Can the privileged instruction creating or deleting user account be done using system call ?,,midsem,pool,os questions bank /Classified OS Questions bank.pdf
9f2954de80-304,0,,Which is the first program which runs on system boot ?,,midsem,pool,os questions bank /Classified OS Questions bank.pdf
9f2954de80-305,0,,Why we need two system calls fork and exec ?,,midsem,pool,os questions bank /Classified OS Questions bank.pdf
9f2954de80-306,0,,What happens when a timer interrupt is raised ?,,midsem,pool,os questions bank /Classified OS Questions bank.pdf
9f2954de80-307,0,,"Using a basic system call as an example (e.g., getpid or uptime), describe what is normally involved in obtaining the result, from the point when the function in the C library is called to the point where the function returns.",,midsem,pool,os questions bank /Classified OS Questions bank.pdf
9f2954de80-308,0,,Q1. Why does the process gets blocked when its initiates an I/O request?,,midsem,pool,os questions bank /Classified OS Questions bank.pdf
9f2954de80-309,0,,Q2. Give three reasons for the system to select a new process to run.,,midsem,pool,os questions bank /Classified OS Questions bank.pdf
9f2954de80-310,0,,"Q3. State if the given sequence is possible or not. Process A is running , I/O complete interrupt arrives. Timer interrupt arrives. Scheduler runs. I/O interrupt handler runs. Process B is running.",,midsem,pool,os questions bank /Classified OS Questions bank.pdf
9f2954de80-311,0,,Q4. Write the flow of context switch,,midsem,pool,os questions bank /Classified OS Questions bank.pdf
9f2954de80-312,0,,Q5. Explain When a process directly switches from running state to ready state .which scheduler is involved in such switching?,,midsem,pool,os questions bank /Classified OS Questions bank.pdf
9f2954de80-313,0,,Q6. Can a running process after going through I/O can be directed taken to ready state without passing through block state? Why?,,midsem,pool,os questions bank /Classified OS Questions bank.pdf
9f2954de80-314,0,,"Q6. what are the responsibilities of short term scheduler , long term scheduler and medium term scheduler?",,midsem,pool,os questions bank /Classified OS Questions bank.pdf
9f2954de80-315,0,,Q7. What is the difference between process and program?,,midsem,pool,os questions bank /Classified OS Questions bank.pdf
9f2954de80-316,0,,"Q8. What is a pipe? ● A traditional pipe is unnamed and can be used only for the communication of related process. If unrelated processes are required to communicate – named pipes are required. ● It is a pipe whose access point is a file available on the file system. When this file is opened for reading, a process is granted access to the reading end of the pipe. Similarly, when the file is opened for writing, the process is granted access to writing end of the pipe. ● A named pipe is also referred to as FIFO or named FIFO.",,midsem,pool,os questions bank /Classified OS Questions bank.pdf
9f2954de80-317,0,,"Q9. A process is a dynamic object, but a program is a static object. State whether given statement is true or not. If true, then elaborate.",,midsem,pool,os questions bank /Classified OS Questions bank.pdf
9f2954de80-318,0,,Q10. what are the different states of process and explain the transitions between them (when does a process moves from one state to other)?,,midsem,pool,os questions bank /Classified OS Questions bank.pdf
9f2954de80-319,0,,Q11. what are the components of process or explain Process Control Block?,,midsem,pool,os questions bank /Classified OS Questions bank.pdf
9f2954de80-320,0,,Q12. What is difference between process and thread?,,midsem,pool,os questions bank /Classified OS Questions bank.pdf
9f2954de80-321,0,,Q13. What is difference between multitasking and multiprocessing OS?,,midsem,pool,os questions bank /Classified OS Questions bank.pdf
9f2954de80-322,0,,"Q14: Consider three processes, all arriving at time zero, with total execution time of 10, 20 and 30 units, respectively. Each process spends the first 20% of execution time doing I/O, the next 70% of time doing computation, and the last 10% of time doing I/O again. The operating system uses a shortest remaining compute time first scheduling algorithm and schedules a new process either when the running process gets blocked on I/O or when the running process finishes its compute burst. Assume that all I/O operations can be overlapped as much as possible. For what percentage of time does the CPU remain idle? (A) 0% (B) 10.6% (C) 30.0% (D) 89.4%",,midsem,pool,os questions bank /Classified OS Questions bank.pdf
9f2954de80-323,0,,15) What makes a process diffrenet than a thread?,,midsem,pool,os questions bank /Classified OS Questions bank.pdf
9f2954de80-324,0,,16) What function is used to create a child process and what function is used to halt the child process?,,midsem,pool,os questions bank /Classified OS Questions bank.pdf
9f2954de80-325,0,,17) How to identify if the current process is child or parent?,,midsem,pool,os questions bank /Classified OS Questions bank.pdf
9f2954de80-326,0,,18) How the fork() function mechanism works?,,midsem,pool,os questions bank /Classified OS Questions bank.pdf
9f2954de80-327,0,,19) How the halting is done is using the wait() function?,,midsem,pool,os questions bank /Classified OS Questions bank.pdf
9f2954de80-328,0,,"20) Expalin fork(), wait() and exec() relationship.",,midsem,pool,os questions bank /Classified OS Questions bank.pdf
9f2954de80-329,0,,21) What are the diffrent values returned by fork() and what do they stand for?,,midsem,pool,os questions bank /Classified OS Questions bank.pdf
9f2954de80-330,0,,22) Differentiate between process and thread,,midsem,pool,os questions bank /Classified OS Questions bank.pdf
9f2954de80-331,0,,23) What does process control block contain?,,midsem,pool,os questions bank /Classified OS Questions bank.pdf
9f2954de80-332,0,,24) What are the different IPC mechanisms?,,midsem,pool,os questions bank /Classified OS Questions bank.pdf
9f2954de80-333,0,,25) What is main difference between program and process?,,midsem,pool,os questions bank /Classified OS Questions bank.pdf
9f2954de80-334,0,,"Q) Explain with reason which of the given statements are true .Given the process State transition diagram for a uniprocessor system. ASSUMPTION(There is always some process in the ready queue) A. A process P2 in blocked state can make transition E while another process P1 is in running state. B. The OS uses preemptive scheduling. C. If a process makes a transition D, it would result in another process making transition A immediately. D. The OS uses non-preemptive sched",,midsem,pool,os questions bank /Classified OS Questions bank.pdf
9f2954de80-335,0,,Find the waiting time for the Process P2. Given: A) Arrival and execution times of the Process Process Execution time Arrival time P1 20 0 P2 25 15 P3 10 30 P4 15 45 B) OS uses SRT (Shortest Remaining Time first Scheduling Algorithm),,midsem,pool,os questions bank /Classified OS Questions bank.pdf
9f2954de80-336,0,,"Consider three processes, all arriving at time zero, with total execution time of 10, 20 and 30 units, respectively. Each process spends the first 20% of execution time doing I/O, the next 70% of time doing computation, and the last 10% of time doing I/O again. Assume: A) All I/O operations can be overlapped as much as possible. B) The operating system uses a shortest remaining compute time first scheduling algorithm and schedules a new process either when the running process gets blocked on I/O or when the running process finishes its compute burst. For what percentage of time does the CPU remain idle?",,midsem,pool,os questions bank /Classified OS Questions bank.pdf
9f2954de80-337,0,,Q1. State different scheduling algorithms. Explain them.,,midsem,pool,os questions bank /Classified OS Questions bank.pdf
9f2954de80-338,0,,Q2. What are the 3 different types of scheduling queues.,,midsem,pool,os questions bank /Classified OS Questions bank.pdf
9f2954de80-339,0,,Q3. What are the types of scheduling alogorithms and explain any of two?,,midsem,pool,os questions bank /Classified OS Questions bank.pdf
9f2954de80-340,0,,Q4. What is difference between multilevel queue scheduling and multilevel feedback queue scheduling?,,midsem,pool,os questions bank /Classified OS Questions bank.pdf
9f2954de80-341,0,,Q5. What is response ratio time?,,midsem,pool,os questions bank /Classified OS Questions bank.pdf
9f2954de80-342,0,,Q6. If there is no pre-emption then which scheduling policies of CPU -Virtualization will be efficient and which gives least response time?,,midsem,pool,os questions bank /Classified OS Questions bank.pdf
9f2954de80-343,0,,"Q7. In a real time system, processes indicate hard constraints about when they need to run. If you were designing a scheduler for such a system, speculate about how would you use that information and what scheduling algorithm you would implement?",,midsem,pool,os questions bank /Classified OS Questions bank.pdf
9f2954de80-344,0,,Q8. disadvantages of completely fair scheduler?,,midsem,pool,os questions bank /Classified OS Questions bank.pdf
9f2954de80-345,0,,Q9) Which scheduling policy is most suitable in real time environment? And Which scheduling is fastest?,,midsem,pool,os questions bank /Classified OS Questions bank.pdf
9f2954de80-346,0,,Q10) Why process scheduling is required and Which type of scheduling is best?,,midsem,pool,os questions bank /Classified OS Questions bank.pdf
9f2954de80-347,0,,"Q11) What is the main purpose of disk scheduling and ,How is performance measured in disk scheduling?",,midsem,pool,os questions bank /Classified OS Questions bank.pdf
9f2954de80-348,0,,Q12. What are turn around time and response time?,,midsem,pool,os questions bank /Classified OS Questions bank.pdf
9f2954de80-349,0,,"Problem 13 - Consider a disk queue with requests for I/O to blocks on cylinders 98, 183, 41, 122, 14, 124, 65, 67. The C-SCAN scheduling algorithm is used. The head is initially at cylinder number 53 moving towards larger cylinder numbers on its servicing pass. The cylinders are numbered from 0 to 199. The total head movement (in number of cylinders) incurred while servicing these requests is _______.",,midsem,pool,os questions bank /Classified OS Questions bank.pdf
9f2954de80-350,0,,"Problem 14 - Consider a disk queue with requests for I/O to blocks on cylinders 98, 183, 41, 122, 14, 124, 65, 67. The SCAN scheduling algorithm is used. The head is initially at cylinder number 53 moving towards larger cylinder numbers on its servicing pass. The cylinders are numbered from 0 to 199. The total head movement (in number of cylinders) incurred while servicing these requests is _______.",,midsem,pool,os questions bank /Classified OS Questions bank.pdf
9f2954de80-351,0,,Q15. Given a gantt chart and scheduling algorithm used is Round Robin. Time Quantum used is 5ms. Find the average turnaround time and average waiting time?,,midsem,pool,os questions bank /Classified OS Questions bank.pdf
9f2954de80-352,0,,Q16. explain the difference between Preemptive Scheduling and Non-Preemptive Scheduling. Give examples of scheduling policies for each of them.,,midsem,pool,os questions bank /Classified OS Questions bank.pdf
9f2954de80-353,0,,"Q17. Consider the collection of these five processes, whose arrival and burst times are provided :- P Id Arrival time Burst time P1 3 1 P2 1 4 P3 4 2 P4 0 6 P5 2 3 Calculate the average waiting time and average turnaround time if the CPU scheduling policy is SJF preemptive.",,midsem,pool,os questions bank /Classified OS Questions bank.pdf
9f2954de80-354,0,,Q18. Why I/O jobs are treated as a series of separate jobs?,,midsem,pool,os questions bank /Classified OS Questions bank.pdf
9f2954de80-355,0,,Q19. Why CPU-bound jobs aren’t given priority for response time?,,midsem,pool,os questions bank /Classified OS Questions bank.pdf
9f2954de80-356,0,,Q20. At what end does new jobs enter MLFQ?,,midsem,pool,os questions bank /Classified OS Questions bank.pdf
9f2954de80-357,0,,Q21. Is starvation possible in MLFQ?,,midsem,pool,os questions bank /Classified OS Questions bank.pdf
9f2954de80-358,0,,Q22. What is the maximum time does a process can be without getting scheduled in MLFQ?,,midsem,pool,os questions bank /Classified OS Questions bank.pdf
9f2954de80-359,0,,"Q23. Consider three process, all arriving at time zero, with total execution time of 10, 20 and 30 units respectively. Each process spends the first 20% of execution time doing I/O, the next 70% of time doing computation, and the last 10% of time doing I/O again. The operating system uses a shortest remaining compute time first scheduling algorithm and schedules a new process either when the running process gets blocked on I/O or when the running process finishes its compute burst. Assume that all I/O operations can be overlapped as much as possible. For what percentage of does the CPU remain idle?",,midsem,pool,os questions bank /Classified OS Questions bank.pdf
9f2954de80-360,0,,"Problem-24 - Consider the set of 6 processes whose arrival time and burst time are given below Process Id Arrival time Burst time P1 5 5 P2 4 6 P3 3 7 P4 1 9 P5 2 2 P6 6 3 If the CPU scheduling policy is Round Robin with time quantum = 3, calculate the average waiting time and average turn ar",,midsem,pool,os questions bank /Classified OS Questions bank.pdf
9f2954de80-361,0,,27) What are the scheduling criteria for different algorithms?,,midsem,pool,os questions bank /Classified OS Questions bank.pdf
9f2954de80-362,0,,"28) Explain SJF, FCFS, Priority and Round Robin Algorithm and state the major diffence between them.",,midsem,pool,os questions bank /Classified OS Questions bank.pdf
9f2954de80-363,0,,29) In which Algorithm the starvation condition is most likely to occur?,,midsem,pool,os questions bank /Classified OS Questions bank.pdf
9f2954de80-364,0,,"30) Describe the functioning of clock, hardware support is needed, What data structures can be used?",,midsem,pool,os questions bank /Classified OS Questions bank.pdf
9f2954de80-365,0,,"31) If a system is thrashing, how can we try to reduce thrashing within the OS?",,midsem,pool,os questions bank /Classified OS Questions bank.pdf
9f2954de80-366,0,,32) How does LRU works?,,midsem,pool,os questions bank /Classified OS Questions bank.pdf
9f2954de80-367,0,,33) Can clock behave like a LRU?,,midsem,pool,os questions bank /Classified OS Questions bank.pdf
9f2954de80-368,0,,34) What replacement policy can we use in worst-case LRU situation?,,midsem,pool,os questions bank /Classified OS Questions bank.pdf
9f2954de80-369,0,,35) What is a cooperative approach to scheduling? Is it beneficial?,,midsem,pool,os questions bank /Classified OS Questions bank.pdf
9f2954de80-370,0,,36) Define the term dispatch latency?,,midsem,pool,os questions bank /Classified OS Questions bank.pdf
9f2954de80-371,0,,37) Why there is bad turnaround time in round robin ?,,midsem,pool,os questions bank /Classified OS Questions bank.pdf
9f2954de80-372,0,,38) When will we prefer round robin over STCF ?,,midsem,pool,os questions bank /Classified OS Questions bank.pdf
9f2954de80-373,0,,39) write a C program for implementation of Priority scheduling algorithms?,,midsem,pool,os questions bank /Classified OS Questions bank.pdf
9f2954de80-374,0,,Q1. Why does Write buffering improves performance?,,midsem,pool,os questions bank /Classified OS Questions bank.pdf
9f2954de80-375,0,,Q2. What is difference between spooling and buffering?,,midsem,pool,os questions bank /Classified OS Questions bank.pdf
9f2954de80-376,0,,Q3. What is input spooling?,,midsem,pool,os questions bank /Classified OS Questions bank.pdf
9f2954de80-377,0,,Q3. Differentiate between Process switch vs context switch?,,midsem,pool,os questions bank /Classified OS Questions bank.pdf
9f2954de80-378,0,,Q4. What is the purpose of an I/O status information?,,midsem,pool,os questions bank /Classified OS Questions bank.pdf
9f2954de80-379,0,,"Q5. Consider a disk system with 100 cylinders. The requests to access the cylinders occur in following sequence- 4, 34, 10, 7, 19, 73, 2, 15, 6, 20. Assuming that the head is currently at cylinder 50, what is the time taken to satisfy all requests if it takes 1 ms to move from one cylinder to adjacent one and shortest seek time first policy is used?",,midsem,pool,os questions bank /Classified OS Questions bank.pdf
9f2954de80-380,0,,3) Can we say MLFQ CPU scheduling from learns from past behaviour of the process and then predicts its future behaviour? Provide reasons for your answer.,,midsem,pool,os questions bank /Classified OS Questions bank.pdf
9f2954de80-381,0,,4) What can you say about adjusting Tq to trade off in Round Robin policy scheduling?,,midsem,pool,os questions bank /Classified OS Questions bank.pdf
9f2954de80-382,0,,2) On considering the Pages reference order by CPU as 0 2 1 0 3 1 0 3 2 1 0 3. Calculate hit % in the case of FIFO and Optimal replacement policy when no of frames is i)3 ii)4. Explain what you observed and how can it support Belady’s anomaly?,,midsem,pool,os questions bank /Classified OS Questions bank.pdf
9f2954de80-383,0,,Q26: A certain moving arm disk-storage device has the following specifications: Number of tracks per surface =4004 Track storage capacity =130030 bytes Disk speed =3600 rpm Average seek time =30 m secs. Estimate the average latency the disk storage capacity and the data transfer rate.,,midsem,pool,os questions bank /Classified OS Questions bank.pdf
9f2954de80-384,0,,"Q27: Consider three processes (process id 0, 1, 2 respectively) with compute time bursts 2, 4 and 8 time units. All processes arrive at time zero. Consider the longest remaining time first (LRTF) scheduling algorithm. In LRTF ties are broken by giving priority to the process with the lowest process id. The average turn around time is:",,midsem,pool,os questions bank /Classified OS Questions bank.pdf
9f2954de80-385,0,,"Q28: Suppose the following disk request sequence (track numbers) for a disk with 100 tracks is given: 45, 20, 90, 10, 50, 60, 80 and 70. Assume that the initial position of the R/W head is on track 50. The additional distance that will be traversed by the R/W head when the Shortest Seek Time First (SSTF) algorithm is used compared to the SCAN (Elevator) algorithm (assuming that SCAN algorithm moves towards 100 when it starts execution) is _________ tracks",,midsem,pool,os questions bank /Classified OS Questions bank.pdf
9f2954de80-386,0,,Q1. What happens if the Kernel trust on the User stack to restore the state of a process?,,midsem,pool,os questions bank /Classified OS Questions bank.pdf
9f2954de80-387,0,,Q2. Describe how interrupts are implemented.,,midsem,pool,os questions bank /Classified OS Questions bank.pdf
9f2954de80-388,0,,Q3. What are the different types of Kernel?,,midsem,pool,os questions bank /Classified OS Questions bank.pdf
9f2954de80-389,0,,Q4: What is the difference between Kernel and OS?,,midsem,pool,os questions bank /Classified OS Questions bank.pdf
9f2954de80-390,0,,"5) Give examples of process handled by Kernel, OS and Users.",,midsem,pool,os questions bank /Classified OS Questions bank.pdf
9f2954de80-391,0,,6) Write basic code of shell.,,midsem,pool,os questions bank /Classified OS Questions bank.pdf
9f2954de80-392,0,,7) Which is true about operating systems? - They always make systems run faster - They never crash - They generally make systems easier to use - None of the above,,midsem,pool,os questions bank /Classified OS Questions bank.pdf
9f2954de80-393,0,,"7) In UNIX, what is used to set the task priority?",,midsem,pool,os questions bank /Classified OS Questions bank.pdf
9f2954de80-394,0,,8) What is root partition?,,midsem,pool,os questions bank /Classified OS Questions bank.pdf
9f2954de80-395,0,,9) what is monolithic kernel,,midsem,pool,os questions bank /Classified OS Questions bank.pdf
9f2954de80-396,0,,10) What is difference between monolithic os and micro-kernel os ?,,midsem,pool,os questions bank /Classified OS Questions bank.pdf
e70b4e6360-0,0,,How can the system distinguish between the pages that are in main memory from the pages that are on the disk?,,midsem,pool,os questions bank /Classified OS Questions bank 2.docx
e70b4e6360-1,0,,Why seek() does not cause disk seek until read/write operation ?,,midsem,pool,os questions bank /Classified OS Questions bank 2.docx
e70b4e6360-2,0,,"Explain best fit , first fir and worst fit method.",,midsem,pool,os questions bank /Classified OS Questions bank 2.docx
e70b4e6360-3,0,,What is formula for disk access time?,,midsem,pool,os questions bank /Classified OS Questions bank 2.docx
e70b4e6360-4,0,,Where does VAS reside is it present in the secondary memory or in the ram ?,,midsem,pool,os questions bank /Classified OS Questions bank 2.docx
e70b4e6360-5,0,,What are the differences between storage method of files and directories?,,midsem,pool,os questions bank /Classified OS Questions bank 2.docx
e70b4e6360-6,0,,"Consider a system with several running processes. The system is running a modern OS that uses virtual addresses and demand paging. It has been empirically observed that the memory access times in the system under various conditions are: t1 when the logical memory address is found in TLB cache, t2 when the address is not in TLB but does not cause a page fault, and t3 when the address results in a page fault. This memory access time includes all overheads like page fault servicing and logical-to-physical address translation. It has been observed that, on an average, 10% of the logical address accesses result in a page fault. Further, of the remaining virtual address accesses, two-thirds of them can be translated using the TLB cache, while one-third require walking the page tables. Using the information provided above, calculate the average expected memory access time in the system in terms of t1,t2, and t3.",,midsem,pool,os questions bank /Classified OS Questions bank 2.docx
e70b4e6360-7,0,,(a) Where is the memory for the variable x allocated within the memory image of the process?,,midsem,pool,os questions bank /Classified OS Questions bank 2.docx
e70b4e6360-8,0,,(b) Where is the memory for the 10 integer variables allocated within the memory image of the process?,,midsem,pool,os questions bank /Classified OS Questions bank 2.docx
e70b4e6360-9,0,,What is the need for segmentation in OS? Does segmentation cause fragmentation?,,midsem,pool,os questions bank /Classified OS Questions bank 2.docx
e70b4e6360-10,0,,Explain Thrashing in brief,,midsem,pool,os questions bank /Classified OS Questions bank 2.docx
e70b4e6360-11,0,,What do you mean by page replacement algorithm? Enlist different page replacement algorithms.,,midsem,pool,os questions bank /Classified OS Questions bank 2.docx
e70b4e6360-12,0,,What is fragmentation? Explain types of fragmentations with suitable example.,,midsem,pool,os questions bank /Classified OS Questions bank 2.docx
e70b4e6360-13,0,,Compare contiguous and non contiguous memory allocation of page,,midsem,pool,os questions bank /Classified OS Questions bank 2.docx
e70b4e6360-14,0,,What is virtual memory?,,midsem,pool,os questions bank /Classified OS Questions bank 2.docx
e70b4e6360-15,0,,Explain Compaction in brief.,,midsem,pool,os questions bank /Classified OS Questions bank 2.docx
e70b4e6360-16,0,,Explain Demand paging with example.,,midsem,pool,os questions bank /Classified OS Questions bank 2.docx
e70b4e6360-17,0,,Differentiate internal and external fragmentation,,midsem,pool,os questions bank /Classified OS Questions bank 2.docx
e70b4e6360-18,0,,Explain segmentation using suitable example in brief .,,midsem,pool,os questions bank /Classified OS Questions bank 2.docx
e70b4e6360-19,0,,Explain non-contiguous memory allocation policies with suitable example. (Refer Section 6.7),,midsem,pool,os questions bank /Classified OS Questions bank 2.docx
e70b4e6360-20,0,,Compare fixed and variable sized partitioning,,midsem,pool,os questions bank /Classified OS Questions bank 2.docx
e70b4e6360-21,0,,Explain Paging with example.,,midsem,pool,os questions bank /Classified OS Questions bank 2.docx
e70b4e6360-22,0,,What is external fragmentation?,,midsem,pool,os questions bank /Classified OS Questions bank 2.docx
e70b4e6360-23,0,,List the page replacement algorithms and explain any one.,,midsem,pool,os questions bank /Classified OS Questions bank 2.docx
e70b4e6360-24,0,,Explain the types of fragmentation and ways to reduce them.,,midsem,pool,os questions bank /Classified OS Questions bank 2.docx
e70b4e6360-25,0,,Define and explain segmentation advantages,,midsem,pool,os questions bank /Classified OS Questions bank 2.docx
e70b4e6360-26,0,,"Explain the techniques of managing memory using first fit, best fit and worst fit with suitable example.",,midsem,pool,os questions bank /Classified OS Questions bank 2.docx
e70b4e6360-27,0,,Explain the concept of segmentation.,,midsem,pool,os questions bank /Classified OS Questions bank 2.docx
e70b4e6360-28,0,,Explain variable size partitioning with its advantages and drawbacks.,,midsem,pool,os questions bank /Classified OS Questions bank 2.docx
e70b4e6360-29,0,,What is swapping? Explain it with suitable example,,midsem,pool,os questions bank /Classified OS Questions bank 2.docx
e70b4e6360-30,0,,What is the difference between paging and segmentation?,,midsem,pool,os questions bank /Classified OS Questions bank 2.docx
e70b4e6360-31,0,,a) How many entries can appear in a maximum-sized directory? (Each entry is a pair of integers),,midsem,pool,os questions bank /Classified OS Questions bank 2.docx
e70b4e6360-32,0,,b) List all directories stored on this disk (full path names) along with the names of the files stored in each directory.,,midsem,pool,os questions bank /Classified OS Questions bank 2.docx
e70b4e6360-33,0,,"c) Modify the above data structures to add an empty directory called ""87"" to directory ""/""",,midsem,pool,os questions bank /Classified OS Questions bank 2.docx
e70b4e6360-34,0,,"What is the stratergy behind First Fit Method, is it faster than Best Fit ?",,midsem,pool,os questions bank /Classified OS Questions bank 2.docx
e70b4e6360-35,0,,The breaking of physical memory in ......... blocks are called segments.,,midsem,pool,os questions bank /Classified OS Questions bank 2.docx
e70b4e6360-36,0,,The base address of segment is 1000 and the offset is 4bytes what will be the physical address?,,midsem,pool,os questions bank /Classified OS Questions bank 2.docx
e70b4e6360-37,0,,Why segmentaion may have external fragmentation and why paging doesn't?,,midsem,pool,os questions bank /Classified OS Questions bank 2.docx
e70b4e6360-38,0,,a) Find a place for 5kB in free segment using First-Fit.,,midsem,pool,os questions bank /Classified OS Questions bank 2.docx
e70b4e6360-39,0,,b) Find a place for 16kB in free segment using Best-Fit.,,midsem,pool,os questions bank /Classified OS Questions bank 2.docx
e70b4e6360-40,0,,c) Find a place for 7kB in free segment using First-Fit.,,midsem,pool,os questions bank /Classified OS Questions bank 2.docx
e70b4e6360-41,0,,d) Find a place for 9kB in free segment using Worst-Fit.,,midsem,pool,os questions bank /Classified OS Questions bank 2.docx
e70b4e6360-42,0,,e) Find a place for 11kB in free segment using Best-Fit.,,midsem,pool,os questions bank /Classified OS Questions bank 2.docx
e70b4e6360-43,0,,f) Find a place for 4kB in free segment using Worst-Fit.,,midsem,pool,os questions bank /Classified OS Questions bank 2.docx
e70b4e6360-44,0,,Given 20 milliseconds as the average page-fault service time and a memory access time is 75 nanosecond. What will be the Effective Access Time?,,midsem,pool,os questions bank /Classified OS Questions bank 2.docx
e70b4e6360-45,0,,Which mapping is stored in Page Table?,,midsem,pool,os questions bank /Classified OS Questions bank 2.docx
e70b4e6360-46,0,,a) With FIFO how many number of Page Faults will be there and what will be number of hits?,,midsem,pool,os questions bank /Classified OS Questions bank 2.docx
e70b4e6360-47,0,,b) With LRU how many number of Page Faults will be there and what will be number of hits?,,midsem,pool,os questions bank /Classified OS Questions bank 2.docx
e70b4e6360-48,0,,"What will be the number of page faults when the reference string is 7,5,1,2,4,7,5,2 and the number of frames are 5 when LRU is used?",,midsem,pool,os questions bank /Classified OS Questions bank 2.docx
e70b4e6360-49,0,,"What will be the number of page faults when the reference string is 6,5,1,4,2,1,2 and the number of frames are 7 when FIFO is used?",,midsem,pool,os questions bank /Classified OS Questions bank 2.docx
e70b4e6360-50,0,,State difference between Virtual Address and Physical Address.,,midsem,pool,os questions bank /Classified OS Questions bank 2.docx
e70b4e6360-51,0,,"Given Page Size as 16 bytes, Offset Bits are 4 and Virtual Address requires 11 Bits, what are the number of pages?",,midsem,pool,os questions bank /Classified OS Questions bank 2.docx
e70b4e6360-52,0,,"Given Page Size as 1 KB, Offset Bits are 5 and VPN requires 11 Bits, what are the number of pages?",,midsem,pool,os questions bank /Classified OS Questions bank 2.docx
e70b4e6360-53,0,,"What will be the number of hits and miss when the reference string is 6,5,4,2,4,2,5 and the number of frames are 5 when FIFO is used?",,midsem,pool,os questions bank /Classified OS Questions bank 2.docx
e70b4e6360-54,0,,When the Pages and Frames are used how the the address is used to find the page number and frame number ?,,midsem,pool,os questions bank /Classified OS Questions bank 2.docx
e70b4e6360-55,0,,Compare contiguous and non-contiguous memory allocation.,,midsem,pool,os questions bank /Classified OS Questions bank 2.docx
e70b4e6360-56,0,,Explain in brief about virtual memory.,,midsem,pool,os questions bank /Classified OS Questions bank 2.docx
e70b4e6360-57,0,,Explain paging with an example.,,midsem,pool,os questions bank /Classified OS Questions bank 2.docx
e70b4e6360-58,0,,Write all page replacement policies and explain about them.,,midsem,pool,os questions bank /Classified OS Questions bank 2.docx
e70b4e6360-59,0,,"Calculate the number of page faults by using FIFO for page sequence 2,3,2,1,5,2,4,5,3,2,5. The number of frames for this question are 3",,midsem,pool,os questions bank /Classified OS Questions bank 2.docx
e70b4e6360-60,0,,What is the use of valid-invalid bits in Paging?,,midsem,pool,os questions bank /Classified OS Questions bank 2.docx
e70b4e6360-61,0,,What is swapping and what is its purpose?,,midsem,pool,os questions bank /Classified OS Questions bank 2.docx
e70b4e6360-62,0,,State all columns present in the page table.,,midsem,pool,os questions bank /Classified OS Questions bank 2.docx
e70b4e6360-63,0,,Disadvantages of dynamic relocation.,,midsem,pool,os questions bank /Classified OS Questions bank 2.docx
e70b4e6360-64,0,,"Which one of the following statements about FIFO scheduling is true?
- It is a preemptive scheduling policy
- It reduces average turnaround time
- It reduces average response time
- It suffers from the “convoy” problem
- It is different from the FCFS policy",,midsem,pool,os questions bank /Classified OS Questions bank 2.docx
e70b4e6360-65,0,,"Which one of the following is true about this approach?
- It enables sharing of code between processes
- It translates addresses more slowly than most other approaches
- It provides protection between processes
- It prevents internal fragmentation",,midsem,pool,os questions bank /Classified OS Questions bank 2.docx
e70b4e6360-66,0,,"When allocating a physical page to a process, DOS selects a random free physical page (instead of, for example, the first free one on a free list). This approach will:
- Make the page table larger..
- Make heap allocation fail more often.
- Make physical memory more fragme",,midsem,pool,os questions bank /Classified OS Questions bank 2.docx
e70b4e6360-67,0,,"TLB is
- A memory to store page table entries
- A collection of base/bounds pairs to help segmentation work quickly
- An OS component to speed up translation
- A hardware feature that ensures fair use of memory
- An address-translation cache",,midsem,pool,os questions bank /Classified OS Questions bank 2.docx
e70b4e6360-68,0,,"“Data is encoded on each surface in concentric circles of sectors; we call one such concentric circle a ______.”
- platter
- surface
- track
- sector
- block",,midsem,pool,os questions bank /Classified OS Questions bank 2.docx
e70b4e6360-69,0,,What is a base register for?,,midsem,pool,os questions bank /Classified OS Questions bank 2.docx
e70b4e6360-70,0,,"What type of address is in the base register: physical, or virtual?",,midsem,pool,os questions bank /Classified OS Questions bank 2.docx
e70b4e6360-71,0,,What is a bounds register for?,,midsem,pool,os questions bank /Classified OS Questions bank 2.docx
e70b4e6360-72,0,,Why do we need more than one base/bounds register pair?,,midsem,pool,os questions bank /Classified OS Questions bank 2.docx
e70b4e6360-73,0,,The main reason to have a multi-level page table is to speed up address translation.,,midsem,pool,os questions bank /Classified OS Questions bank 2.docx
e70b4e6360-74,0,,The main reason to have a hardware TLB is to speed up address translation.,,midsem,pool,os questions bank /Classified OS Questions bank 2.docx
e70b4e6360-75,0,,Using a multi-level page table increases TLB hit time.,,midsem,pool,os questions bank /Classified OS Questions bank 2.docx
e70b4e6360-76,0,,"As the amount of addressable physical memory grows, the size of each page-table entry (PTE) must grow as well.",,midsem,pool,os questions bank /Classified OS Questions bank 2.docx
e70b4e6360-77,0,,"As the size of the virtual address space grows, the amount of space occupied by a linear page table also grows.",,midsem,pool,os questions bank /Classified OS Questions bank 2.docx
e70b4e6360-78,0,,"In a 2-level multi-level page table, each page directory entry should have a valid bit.",,midsem,pool,os questions bank /Classified OS Questions bank 2.docx
e70b4e6360-79,0,,Name and describe two advantages that segmentation has over simple dynamic relocation,,midsem,pool,os questions bank /Classified OS Questions bank 2.docx
e70b4e6360-80,0,,"In a traditional single-threaded process, What are the stack and heaP used for?",,midsem,pool,os questions bank /Classified OS Questions bank 2.docx
e70b4e6360-81,0,,What are conditions - TLB Hit,,midsem,pool,os questions bank /Classified OS Questions bank 2.docx
e70b4e6360-82,0,,What are conditions - TLB Miss,,midsem,pool,os questions bank /Classified OS Questions bank 2.docx
e70b4e6360-83,0,,What are conditions - Page Fault,,midsem,pool,os questions bank /Classified OS Questions bank 2.docx
e70b4e6360-84,0,,"State whether one level page table is sufficient for virtual to physical translation. Provide a valid reason for the same. Given:
Virtual Address: 32bit
Page size:1KB page size",,midsem,pool,os questions bank /Classified OS Questions bank 2.docx
e70b4e6360-85,0,,"Given six memory partitions of 300 KB , 600 KB , 350 KB , 200 KB , 750 KB , and 125KB (in order), how would the first-fit, best-fit, and worst-fit algorithms place processes of size 115 KB , 500 KB , 358 KB , 200 KB , and 375 KB (in order)",,midsem,pool,os questions bank /Classified OS Questions bank 2.docx
e70b4e6360-86,0,,How many bits are there in the logical address?,,midsem,pool,os questions bank /Classified OS Questions bank 2.docx
e70b4e6360-87,0,,How many bits are there in the physical address?,,midsem,pool,os questions bank /Classified OS Questions bank 2.docx
e70b4e6360-88,0,,Explain Belady’s Anomaly and also state the reasons behind Belady’s Anomaly?,,midsem,pool,os questions bank /Classified OS Questions bank 2.docx
e70b4e6360-89,0,,"Race conditions are possible in many computer systems. Consider a banking system that maintains an account balance with two functions: deposit(amount) and withdraw(amount). These two functions are passed the amount that is to be deposited or withdrawn from the bank account balance. Assume that a husband and wife share a bank account. Concurrently, the husband calls the withdraw() function, and the wife calls deposit(). Describe how a race condition is possible and what might be done to prevent the race condition from occurring",,midsem,pool,os questions bank /Classified OS Questions bank 2.docx
e70b4e6360-90,0,,"Given that the time to service a page fault is on the average 10 milliseconds, while a memory access takes 1 microsecond. Then a 99.99% hit ratio results in average memory access time of",,midsem,pool,os questions bank /Classified OS Questions bank 2.docx
e70b4e6360-91,0,,"Consider a counting semaphore S is initialized to 7. Then, 20 P operations and 15 V operations are performed on S. What is the final value of S?",,midsem,pool,os questions bank /Classified OS Questions bank 2.docx
e70b4e6360-92,0,,"Give a simple example of a page reference sequence where the first page selected for replacement will be different for the clock and LRU page replacement algorithms. Assume that a process is allocated frames, and the reference string contains page numbers from the set 0,1,2,3",,midsem,pool,os questions bank /Classified OS Questions bank 2.docx
e70b4e6360-93,0,,How does dynamic loading aid in better memory space utilization?,,midsem,pool,os questions bank /Classified OS Questions bank 2.docx
e70b4e6360-94,0,,What is Cycle Stealing?,,midsem,pool,os questions bank /Classified OS Questions bank 2.docx
e70b4e6360-95,0,,What is the principle of locality. How is locality exploited with memory virtualisation.,,midsem,pool,os questions bank /Classified OS Questions bank 2.docx
e70b4e6360-96,0,,How does trap differ from interrupts?,,midsem,pool,os questions bank /Classified OS Questions bank 2.docx
e70b4e6360-97,0,,Consider memory mapping using single level page table. Assuming that the required pages are in the memory. Which case is more feasible: A) Memory reference time => 150 ns with a 20 ns overhead on hit. Assuming a 90% TLB hit and 10% TLB miss. B) Memory reference time => 100 ns with a 40 ns overhead on hit. Assuming a 30% TLB hit and 70% TLB miss.,,midsem,pool,os questions bank /Classified OS Questions bank 2.docx
e70b4e6360-98,0,,"What is the purpose of valid, protection, dirty bits?",,midsem,pool,os questions bank /Classified OS Questions bank 2.docx
e70b4e6360-99,0,,What happens as you increase the no of pages that are allocated in each address space?,,midsem,pool,os questions bank /Classified OS Questions bank 2.docx
e70b4e6360-100,0,,Explain why Trashing occurs and how to avoid it?,,midsem,pool,os questions bank /Classified OS Questions bank 2.docx
e70b4e6360-101,0,,"In paging, what happens if linear page table becomes too big? What can be the solutions possible to avoid this?",,midsem,pool,os questions bank /Classified OS Questions bank 2.docx
e70b4e6360-102,0,,"Consider the Pages referenced by the CPU in the order are 6, 7, 8, 9, 6, 7, 1, 6, 7, 8, 9, 1. Do consider that there are 3 frames and perform replacement using FIFO, LRU, Optimal page replacement. Which replacement policy works fine here in this case?",,midsem,pool,os questions bank /Classified OS Questions bank 2.docx
e70b4e6360-103,0,,"Designing a multi-level page table: Given a VAS of ‘v’ bit address, where size of physical memory is ‘m’ bytes, and a page size of ‘s’ bytes, calculate the number of levels required in a multi-level page table required to hold the mapping of pages. (consider additional ‘x’ bits required to store other information in a PTE - like valid bit, dirty bit, etc.)",,midsem,pool,os questions bank /Classified OS Questions bank 2.docx
e70b4e6360-104,0,,When will the page faults occur? What is the procedure for handling the page fault?,,midsem,pool,os questions bank /Classified OS Questions bank 2.docx
e70b4e6360-105,0,,During defragmentation do we need to block all running processes to serve memory requests?,,midsem,pool,os questions bank /Classified OS Questions bank 2.docx
e70b4e6360-106,0,,"How many page faults would occur for the FIFO page replacement algorithm, assuming three frames per page? reference string 1 2 3 4 2 1 5 6 2 1 2 3 7 6 3 2 1 2 3",,midsem,pool,os questions bank /Classified OS Questions bank 2.docx
e70b4e6360-107,0,,What are the pros and cons of choosing a small page size?,,midsem,pool,os questions bank /Classified OS Questions bank 2.docx
e70b4e6360-108,0,,What are the pros and cons of choosing a large page size?,,midsem,pool,os questions bank /Classified OS Questions bank 2.docx
e70b4e6360-109,0,,"Explain the FIFO, optimal and LRU page replacement algorithm, using following string using 3 frames. 7 0 1 2 0 3 0 4 2 3 1 0 3 1 2 4 1 2",,midsem,pool,os questions bank /Classified OS Questions bank 2.docx
e70b4e6360-110,0,,What is the basic approach of page replacement?,,midsem,pool,os questions bank /Classified OS Questions bank 2.docx
e70b4e6360-111,0,,What is Belady’s anomaly? In which algorithm does it occur?,,midsem,pool,os questions bank /Classified OS Questions bank 2.docx
e70b4e6360-112,0,,Count and demonstrate the number of page faults with number of frames 3 with the following strings 7 0 1 2 3 0 4 2 3 5 6 2 1 0 1 7 1,,midsem,pool,os questions bank /Classified OS Questions bank 2.docx
e70b4e6360-113,0,,Explain with a suitable example how external fragmentation problem is avoided and internal fragmentation appears in paging?,,midsem,pool,os questions bank /Classified OS Questions bank 2.docx
e70b4e6360-114,0,,What is basic method of segmentation?,,midsem,pool,os questions bank /Classified OS Questions bank 2.docx
e70b4e6360-115,0,,"Is it possible for an address to be generate neither of the exceptions you listed in question 29, but still generate a page fault? If so, how? If not, why not?",,midsem,pool,os questions bank /Classified OS Questions bank 2.docx
e70b4e6360-116,0,,difference between paging and segmentation?,,midsem,pool,os questions bank /Classified OS Questions bank 2.docx
e70b4e6360-117,0,,Difference between course segmentation and fine grained segmentation?,,midsem,pool,os questions bank /Classified OS Questions bank 2.docx
e70b4e6360-118,0,,"(a) Translate the virtual addresses above to logical page numbers referenced by the process. That is, write down the reference string of 20 page numbers corresponding to the virtual address accesses above. Assume pages are numbered starting from 0, 1, ...",,midsem,pool,os questions bank /Classified OS Questions bank 2.docx
e70b4e6360-119,0,,"(b) Calculate the number of page faults generated by the accesses above, assuming a FIFO page replacement algorithm. You must also correctly point out which page accesses in the reference string shown by you in part (a) are responsible for the page faults.",,midsem,pool,os questions bank /Classified OS Questions bank 2.docx
e70b4e6360-120,0,,(c) Repeat (b) above for the LRU page replacement algorithm.,,midsem,pool,os questions bank /Classified OS Questions bank 2.docx
e70b4e6360-121,0,,"(d) What would be the lowest number of page faults achievable in this example, assuming an optimal page replacement algorithm were to be used? Repeat (b) above for the optimal algorithm.",,midsem,pool,os questions bank /Classified OS Questions bank 2.docx
e70b4e6360-122,0,,(a) What is the number of logical pages of a process?,,midsem,pool,os questions bank /Classified OS Questions bank 2.docx
e70b4e6360-123,0,,(b) What is the number of physical frames in the system?,,midsem,pool,os questions bank /Classified OS Questions bank 2.docx
e70b4e6360-124,0,,(c) What is the number of PTEs that can be stored in a page?,,midsem,pool,os questions bank /Classified OS Questions bank 2.docx
e70b4e6360-125,0,,(d) How many pages are required to store the innermost PTEs?,,midsem,pool,os questions bank /Classified OS Questions bank 2.docx
e70b4e6360-126,0,,"(e) Derive an expression for l in terms of v, p, k, and e.",,midsem,pool,os questions bank /Classified OS Questions bank 2.docx
e70b4e6360-127,0,,"(f) Derive an expression for v0 in terms of l, v, p, k, and e.",,midsem,pool,os questions bank /Classified OS Questions bank 2.docx
e70b4e6360-128,0,,(a) Virtual address 7,,midsem,pool,os questions bank /Classified OS Questions bank 2.docx
e70b4e6360-129,0,,(b) Virtual address 20,,midsem,pool,os questions bank /Classified OS Questions bank 2.docx
e70b4e6360-130,0,,(c) Virtual address 70,,midsem,pool,os questions bank /Classified OS Questions bank 2.docx
e70b4e6360-131,0,,(d) Virtual address 80,,midsem,pool,os questions bank /Classified OS Questions bank 2.docx
e70b4e6360-132,0,,"In a demand paging system, it is intuitively expected that increasing the number of physical frames will naturally lead to a reduction in the rate of page faults. However, this intuition does not hold for some page replacement policies. A replacement policy is said to suffer from Belady’s anomaly if increasing the number of physical frames in the system can sometimes lead to an increase in the number of page faults. Consider two page replacement policies studied in class: FIFO and LRU. For each of these two policies, you must state if the policy can suffer from Belady’s anomaly (yes/no). Further, if you answer yes, you must provide an example of the occurrence of the anomaly, where increasing the number of physical frames actually leads to an increase in the number of page faults. If you answer no, you must provide an explanation of why you think the anomaly can never occur with this policy. Hint: you may consider the following example. A process has 5 logical pages, and accesses them in this order: 1, 2, 3, 4, 1, 2, 5, 1, 2, 3, 4, 5. You may find this scenario useful in finding an example of Belady’s anomaly. Of course, you may use any other example as well.",,midsem,pool,os questions bank /Classified OS Questions bank 2.docx
e70b4e6360-133,0,,"Given a system with four page frames, the following table indicates page, load time, last reference time. Page 0 load time 167 last reference 374; Page 1 load time 321 last reference 321; Page 2 load time 254 last reference 306; Page 3 load time 154 last reference 331. Which pages will replace by using FIFO and LRU respectively, when a new page will come? a)3,0 b)1,0 c)3,2 d)1,2",,midsem,pool,os questions bank /Classified OS Questions bank 2.docx
e70b4e6360-134,0,,Consider a paging system uses 1 level page table residing in M/M and a TLB M/M Access time 100 ns. TLB,,midsem,pool,os questions bank /Classified OS Questions bank 2.docx
e70b4e6360-135,0,,Find the average memory access time?,,midsem,pool,os questions bank /Classified OS Questions bank 2.docx
e70b4e6360-136,0,0.0,"Consider a process running on a system with a 52-bit CPU (i.e., virtual addresses are 48 bits in size). The system has a physical memory of 8GB. The page size in the system is 4KB, and the size of a page table entry is 4 bytes. The OS uses hierarchical paging. Which of the following statements is/are rue? You can assume 2 10 = 1K, 2 20 = 1M, and so on.",,midsem,pool,os questions bank /Classified OS Questions bank 2.docx
e70b4e6360-137,0,0.0,"Consider a system with paging-based memory management, whose architecture allows for a 4GB virtual address space for processes. The size of logical pages and physical frames is 4KB. The system has 8GB of physical RAM. The system allows a maximum of 1K (=1024) processes to runconcurrently. Assuming the OS uses hierarchical paging, calculate the maximum memory space required to store the page tables of all processes in the system. Assume that each page table entry requires an additional 10 bits (beyond the frame number) to store various flags. Assume page table entries are rounded up to the nearest byte. Consider the memory required for both outer and inner page tables in your calculations.",,midsem,pool,os questions bank /Classified OS Questions bank 2.docx
e70b4e6360-138,0,0.0,"A system has 32 bit Virtual adress and 8KB page size.main memory is 128 MB..the size of page table, when page table ,when pt entry has 1 valid bit 1 modified bit and frame bits is_____(MB)p.s what is frame bits..is it the frame entry size?",,midsem,pool,os questions bank /Classified OS Questions bank 2.docx
e70b4e6360-139,0,0.0,what are the problem with paging in os and does it necessary in OS?,,midsem,pool,os questions bank /Classified OS Questions bank 2.docx
e70b4e6360-140,0,0.0,what are the types in paging? And is there in any disadvantes in paging?,,midsem,pool,os questions bank /Classified OS Questions bank 2.docx
e70b4e6360-141,0,0.0,"Consider the following page reference string: 7,2,3,1,2,5,3,4,6,7,7,1,0,5, 4,6,2,3,0,1. Assume demand paging with 3 frames, how many page faults would occur for the following replacement algorithms? i. LRU replacement 18 page faults ii. FIFO replacement 17 page faults iii. Optimal replacement 13 page faults",,midsem,pool,os questions bank /Classified OS Questions bank 2.docx
e70b4e6360-142,0,0.0,"Consider a computer system with a 32-bit logical address and 4-KB page size. The system supports up to 512-MB of physical memory. i. How many entries will be there in a conventional single-level page table and inverted page table? 7 Entries in conventional single-level page table = 2 32 2 12 = 220 = 106 Entries in inverted page table = 2 29 2 12 = 217 = 128 × 103 ii. What will be the memory requirement for storing these tables? Memory for storing single-level page table = number of pages × number of bits for representing frame = 106 × 17bits = 106 × 3bytes = 3MB Memory for storing inverted page table = number of frames × number of bits for representing page = 128 × 103 × 20bits = 128 × 103 × 3bytes = 384KB iii. If a memory reference takes 50 nanoseconds, how long does a paged memory reference take in the context of conventional page table? Access time to a paged memory reference take in the context of conventional page table = 2 × memory access time = 2 × 50 = 100 ns iv. If we add TLBs, and 75% of all page-table references are found in the TLBs, what is the effective memory reference time? (Assume that finding a page-table entry in the TLBs takes 2 nanoseconds, if the entry is present.) Access time in the context of TLB + Page Table (TLB hit = 75% and TLB miss = 25%) = (0.75 × (50+2)) + (0.25×(2+50+50)) = 64.5 ns",,midsem,pool,os questions bank /Classified OS Questions bank 2.docx
e70b4e6360-143,0,0.0,"Consider a user program of logical address of size 6 pages and page size is 4 bytes. The physical address contains 300 frames. The user program consists of 22 instructions a, b, c, . . . u, v . Each instruction takes 1 byte. Assume at that time the free frames are 7, 26, 52, 20, 55, 6, 18, 21, 70, and 90. Find the following? A) Draw the logical and physical maps and page tables? B) Allocate each page in the corresponding frame? C) Find the physical addresses for the instructions m, d, v, r? D) Calculate the fragmentation if exist?",,midsem,pool,os questions bank /Classified OS Questions bank 2.docx
e70b4e6360-144,0,0.0,"Use the three initially empty frames in the following page reference. Using the FIFO technique, locate the page errors, where the page reference sequence: 7,0,1, 2,0,3,0,4,2,3,0,3,2,1,2,0,1,7,0,1?",,midsem,pool,os questions bank /Classified OS Questions bank 2.docx
e70b4e6360-145,0,0.0,How does the system tell the difference between pages in main memory and pages on the disk?,,midsem,pool,os questions bank /Classified OS Questions bank 2.docx
e70b4e6360-146,0,0.0,"Let us assume , a machine with a 32-bit virtual address space and 64 MB physical memory. What is the approximate size of the page table if the page size is 4KB? (We assume single level paging)",,midsem,pool,os questions bank /Classified OS Questions bank 2.docx
e70b4e6360-147,0,0.0,Why is paging used?,,midsem,pool,os questions bank /Classified OS Questions bank 2.docx
e70b4e6360-148,0,0.0,"Consider the following Page reference string 1,2,3,4,2,3,4,5,6,7,3,2,4.The number of page frames=4, calculate the page faults and the hit ratio for First In First Out Page replacement algorithm",,midsem,pool,os questions bank /Classified OS Questions bank 2.docx
e70b4e6360-149,0,0.0,"Consider page sequence 2,3,2,1,5,2,4,5,3,2,5,2 and discuss working of following page replacement policies. Also count page faults: (use no. of Frames=3)",,midsem,pool,os questions bank /Classified OS Questions bank 2.docx
e70b4e6360-150,0,0.0,How logical address is converted into physical address by memory management unit? Explain it with example.,,midsem,pool,os questions bank /Classified OS Questions bank 2.docx
e70b4e6360-151,0,0.0,"Suppose an average page fault service time is 10 milliseconds, while a memory access takes 1 microsecond. Then a 99.99% hit ratio results in average memory access time of",,midsem,pool,os questions bank /Classified OS Questions bank 2.docx
e70b4e6360-152,0,0.0,"Consider the following page reference using three frames that are initially empty. Find the page faults using LRU algorithm, where the page reference sequence: 7,0,1,2,0,3,0,4,2,3,0,3,2,1,2,0,1,7,0,1?",,midsem,pool,os questions bank /Classified OS Questions bank 2.docx
e70b4e6360-153,0,0.0,"A processor uses 36 bit physical addresses and 32 bit virtual addresses, with a page frame size of 4 Kbytes. Each page table entry is of size 4 bytes. A",,midsem,pool,os questions bank /Classified OS Questions bank 2.docx
e70b4e6360-154,0,,"A system has 32 bit Virtual address and 8KB page size.main memory is 128 MB..the size of page table, when page table ,when pt entry has 1 valid bit 1 modified bit and frame bits is",,midsem,pool,os questions bank /Classified OS Questions bank 2.docx
e70b4e6360-155,0,,Explain demand paging?,,midsem,pool,os questions bank /Classified OS Questions bank 2.docx
e70b4e6360-156,0,,List the steps needed to handle page fault.,,midsem,pool,os questions bank /Classified OS Questions bank 2.docx
e70b4e6360-157,0,,"Consider a program consists of five segments: S0 = 600, S1 = 14 KB, S2= 100 KB, S3 =580 KB, and S4 = 96 KB. Assume at that time, the available free space partitions of memory are 1200–1805, 50 – 150, 220-234, and 2500-3180. Find the following: 1. Draw logical to physical maps and segment table? 2. Allocate space for each segment in memory? 3. Calculate the external fragmentation and the internal fragmentation? 4. What are the addresses in physical memory for the following logical addresses: 0.580, (b) 1.17 (c) 2.66 (d) 3.82 (e) 4.20?",,midsem,pool,os questions bank /Classified OS Questions bank 2.docx
e70b4e6360-158,0,,"Let us consider a 32-bit machine and subdivide the virtual address into 4 pieces as follows: 8-bit 4-bit 8-bit 12-bit. Assuming 3-level page table is employed, such that the first 8 bits are for the first level and so on. Physical addresses are 44 bits and there are 4 protection bits per page. Answer the following questions .",,midsem,pool,os questions bank /Classified OS Questions bank 2.docx
e70b4e6360-159,0,,Q47) Consider a two level paging scheme. The page size is 4 KB and page table entry size is 4 bytes. The size of outer page table is 4 KB. Give the division of virtual address space.,,midsem,pool,os questions bank /Classified OS Questions bank 2.docx
e70b4e6360-160,0,,Q48) Consider a three level paging scheme. The page size is 4 KB and page table entry size is 4 bytes. The size of outermost page table is 4 KB. Give the division of virtual address space.,,midsem,pool,os questions bank /Classified OS Questions bank 2.docx
e70b4e6360-161,0,,"Q49): Calculate the number of address bits, if the memory has a size of 16 GB. Assume the memory is 4-byte addressable.",,midsem,pool,os questions bank /Classified OS Questions bank 2.docx
e70b4e6360-162,0,,"50) State the major difference between External and Internal Fragmenetaion, give examples in which these type of Fragmentaion is shown.",,midsem,pool,os questions bank /Classified OS Questions bank 2.docx
e70b4e6360-163,0,,51) What is fragmentation? Explain types of fragmentations with suitable examples.,,midsem,pool,os questions bank /Classified OS Questions bank 2.docx
e70b4e6360-164,0,,52) Explain segmentation with example,,midsem,pool,os questions bank /Classified OS Questions bank 2.docx
e70b4e6360-165,0,,1)What are the problems in paging that lead to segmentation and what are still persisting even if we use segmentation?,,midsem,pool,os questions bank /Classified OS Questions bank 2.docx
e70b4e6360-166,0,,"Process Synchronisation

QUESTION 1

CAR DEALERSHIP

A typical car dealership sells and orders cars based on their stock. Once a delaership runs out of cars, it is time to order some cars from the inventory of the car manufacturer, which itself churns out a specific number of cars (a figure predefined based on some supply-demand statistics by a bunch of “has-been” MBA graduates). Your job is to implement a rough algorithm that will oversee this. To keep things simple, we will sell only a generic car model across ‘x’ dealerships...a weird car brand some might say!

Given:
n = dealership stock m = inventory capacity

Solution:

int dealers = x;

sem_t fullStock[x] = {n} // array of sem init to max cars in stock sem_t emptyStock[x] = {0}

sem_t fullInventory = {m} // sem init to max inventory size sem_t emptyInventory

num_cars[x] = {n}; tot_cars = m;

buyCars(int c, int d) // c = number of cars customer wants to buy
// d = car dealership number
{
for(i = 0; i < c; i++)
{
sem_wait(&fullStock[d]); sem_wait(&buyerMutex);
purchase(); // complete the purchase of a car num_cars[x]--;
sem_post(&buyerMutex); sem_post(&emptyStock[d]);
}
}

dealer(int d)

{
while(1)
{
sem_wait(&emptyStock[d]); sem_wait(&buyerMutex); if(d_cars[d] == 0)
getCars(d); sem_post(&buyerMutex)
// we post on sem fullStock n times to make sure the semantics of our sem (range n) is not violated
for(i = 0; i < n; i++)
{
sem_post(&fullStock[d]);
}
}
}
getCars(int d)
{
for(i = 0; i < n; i++)
{
sem_wait(&fullInventory); sem_wait(&sellerMutex); tot_cars --;
num_cars[d] ++; sem_post(&sellerMutex); sem_post(&emptyInventory);
}
}
manufacturer()
{
while(1)
{
sem_wait(&emptyInventory); sem_wait(&sellerMutex);
if (tot_cars == 0)
 tot_cars += m; // add m cars to inventory sem_post(&sellerMutex);
// we post on sem fullInventory m times to make sure the semantics of our sem (range m) is not violated
for(i = 0; i < m; i++)
{
sem_post(&fullInventory);
}
}
}",,midsem,pool,os questions bank /Classified OS Questions bank 2.docx
e70b4e6360-167,0,,Q2 . What is the low level code logic behind the Test and Set atomic implementation Using hardware support?,,midsem,pool,os questions bank /Classified OS Questions bank 2.docx
e70b4e6360-168,0,,Q3.How is the lock held by the next thread when unpark(tid) system call is used ?,,midsem,pool,os questions bank /Classified OS Questions bank 2.docx
e70b4e6360-169,0,,Q4. Write implementation of spin lock using compare and swap instruction.,,midsem,pool,os questions bank /Classified OS Questions bank 2.docx
e70b4e6360-170,0,,Q5. What is the solution for race condition.,,midsem,pool,os questions bank /Classified OS Questions bank 2.docx
e70b4e6360-171,0,,Q6. What are critical regions? Explain semaphores with example,,midsem,pool,os questions bank /Classified OS Questions bank 2.docx
e70b4e6360-172,0,,Q7. Explain spin locks in the context of semaphore .what is solution for race condition?,,midsem,pool,os questions bank /Classified OS Questions bank 2.docx
e70b4e6360-173,0,,Q8. . Semophore itself is a critical section problem .how this can we manage in uniprocessor and multiprocessor condition?,,midsem,pool,os questions bank /Classified OS Questions bank 2.docx
e70b4e6360-174,0,,Q9. Describe the classical synchronization problem and solutions for readers writers problem.,,midsem,pool,os questions bank /Classified OS Questions bank 2.docx
e70b4e6360-175,0,,Q10. What is race condition ? why hardware solution of critical section synchronization problem needed?,,midsem,pool,os questions bank /Classified OS Questions bank 2.docx
e70b4e6360-176,0,,Q11. What is solution for race condition?,,midsem,pool,os questions bank /Classified OS Questions bank 2.docx
e70b4e6360-177,0,,Q12. Explain producer consumer problem.,,midsem,pool,os questions bank /Classified OS Questions bank 2.docx
e70b4e6360-178,0,,Q13. Write on Condition Variables.,,midsem,pool,os questions bank /Classified OS Questions bank 2.docx
e70b4e6360-179,0,,"Q14. While handling a large data structure in a critical section , using a local is efficient or there is any other mechanism to be followed to avoid data race conditions?",,midsem,pool,os questions bank /Classified OS Questions bank 2.docx
e70b4e6360-180,0,,"Q 15. What happens if a consumer thread in a waiting queue does not respond to the wake signal given by producer thread , is that thread or next thread gets removed from that waiting queue or not?",,midsem,pool,os questions bank /Classified OS Questions bank 2.docx
e70b4e6360-181,0,,Q16. What happens if we get into the situation of data race in the lock mechanism itself?,,midsem,pool,os questions bank /Classified OS Questions bank 2.docx
e70b4e6360-182,0,,Q17 (a) Unsynchronized code for the restaurant thread is given below. Add suitable synchronization in your solution in between these actions of the restaurant. openFrontDoor() closeFrontDoor() serveFood() openBackDoor() closeBackDoor(),,midsem,pool,os questions bank /Classified OS Questions bank 2.docx
e70b4e6360-183,0,,Q17 (b) Unsynchronized code for the diner thread is given below. Add suitable synchronization in your solution around these actions of the diner. enterRestaurant() eat() exitRestaurant(),,midsem,pool,os questions bank /Classified OS Questions bank 2.docx
e70b4e6360-184,0,,"Q18. Consider two processes P1 and P2  executing their respective codes. Initial value of global variables P1 and P2 inside are “False”.

P1
While(TRUE)
{
     While(P1 inside);
      P1 inside= true;
        C.S.     //Critical Section
     P1 inside=false;

}

P2
While(TRUE)
{
     While(P2 inside);
      P2 inside= true;
        C.S.      //Critical Section
     P2  inside=false;

}

Consider the below statements:
1.Mutual Exclusion is satisfied .
2.Mutual Exclusion is not satisfied
3.It is possible for deadlock.
Which of the above are True?
a)Only 1
b)Only 2
c)Only 1 and 3
d)Only  2 and 3",,midsem,pool,os questions bank /Classified OS Questions bank 2.docx
e70b4e6360-185,0,,"QQ2.  A shared  variable x, initialized to zero is operated by four processes W,X,Y,Z. Process W and X increment x by one , while process Y,Z decrement  x by two. Each process before  reading perform ‘wait’ on a semaphore  ‘S’ and signal on ‘S’ after store if semaphore  ‘S’ is initialized to two. Find what is the maximum possible value of  x after all processes complete execution ?

a)-2
b) -1
c) 1
d) 2",,midsem,pool,os questions bank /Classified OS Questions bank 2.docx
e70b4e6360-186,0,,"QQ3.  Suppose we want to synchronize two processes P and Q  using binary semaphores  S,T.

Process P
While(1)
{
	W
             Print ‘0’
             Print ‘0’
              X
}

Process Q
While(1)
{
	Y
             Print ‘1’
             Print ‘1’
              Z
}
Output String should be like: ‘001100110011’
Which option is correct?
                 W            X                 Y                  Z
P(S)        V(S)             P(T)              V(T)           S,T=1
P(S)        V(T)             P(T)              V(S)           S=1,T=0
P(S)        V(T)             P(T)              V(S) 	  S,T=1
P(S)        V(S)             P(T)              V(T)           S=1,T=0",,midsem,pool,os questions bank /Classified OS Questions bank 2.docx
e70b4e6360-187,0,,Q19) What is the role of critical section in process synchronization?,,midsem,pool,os questions bank /Classified OS Questions bank 2.docx
e70b4e6360-188,0,,Q20) What are the operations available in semaphores?Which kind of problem can be solved using semaphores?,,midsem,pool,os questions bank /Classified OS Questions bank 2.docx
e70b4e6360-189,0,,"Q21. The atomic fetch-and-set x, y instruction retrieves the previous value of x from y and unconditionally sets the memory location x to 1 without allowing any other access during the process. Take into account the following binary semaphore implementation of the P and V functions.
AcquireLock(L){
 	while (Fetch_And_Add(L,1))
 	L = 1;
   }
  ReleaseLock(L){
 	L = 0;
   }This implementation (A) fails as L can overflow
fails as L can take on a non-zero value when the lock is actually available
works correctly but may starve some processes (D) works correctly without starvation

Answer (B)
Take closer look the below while loop. while (Fetch_And_Add(L,1))
L = 1; // A waiting process can be here just after
// the lock is released, and can make L = 1.
Consider a situation where a process has just released the lock and made L = 0. Let there be one more process waiting for",,midsem,pool,os questions bank /Classified OS Questions bank 2.docx
e70b4e6360-190,0,,"Q22. The atomic fetch-and-set x, y instruction fetches the previous value of x from y and unconditionally sets the memory location x to 1 without allowing any other access during the process. Take into account the following binary semaphore implementation of the P and V functions. void P (binary_semaphore *s) { unsigned y; unsigned *x = &(s->value); do { fetch-and-set x, y; } while (y); } void V (binary_semaphore *s) { S->value = 0; } The implementation may not work if context switching is disabled in P.Explain?",,midsem,pool,os questions bank /Classified OS Questions bank 2.docx
e70b4e6360-191,0,,"Q4Assume P1 is one of n processes. Pn can reserve and release one resource unit at a time from a pool of m identical ones that they share. The maximum resource requirement of process Pi is Si, where Si > 0. Which of the following is a necessary condition to prevent deadlock from happening?",,midsem,pool,os questions bank /Classified OS Questions bank 2.docx
e70b4e6360-192,0,,Q23. What conditions must be met in order to solve the critical-section problem?,,midsem,pool,os questions bank /Classified OS Questions bank 2.docx
e70b4e6360-193,0,,Q24. The P and V operations on counting semaphores are defined as P(s): s = s-1; if s < 0 then wait; V(s) : s = s-1; if s <= 0 then wakeup a process waiting on s; Assume that Pb and Vb the wait and signal operations on binary semaphores are provided. Two binary semaphores Xb and Yb are used to implement the semaphore operations P(s) and V(s) as follows: P(s): Pb (Xb); S = s - 1; if(s < 0){ Vb(Xb); Pb(Yb); } Else Vb (Xb); V(s): Pb (Xb); S = s + 1; if(s <= 0) Vb(Yb); Vb(Xb); The initial values of Xb and Yb are respectively?,,midsem,pool,os questions bank /Classified OS Questions bank 2.docx
e70b4e6360-194,0,,"Q25. A critical section of code must be accessed by two processes, P1 and P2. Think about the processes' use of the following synchronization construct: /* P1 */ while(true){ want s1=true; while(wants2 == true){ /* Critical Section */ wants1 = false; } /* Reminder Section */ } /* P2 */ while(true){ want s2=true; while(wants1 == true){ /* Critical Section */ Wants2 = false; } /* Reminder Section */ } Here wants1 and wants2 are shared variables, which are initialized to false. Which one of the following statements is TRUE about the above construct?",,midsem,pool,os questions bank /Classified OS Questions bank 2.docx
e70b4e6360-195,0,,Q26. what is Process Synchronization and what is the need for it?,,midsem,pool,os questions bank /Classified OS Questions bank 2.docx
e70b4e6360-196,0,,Q27 Consider two processes P1 and P2 are executing concurrently. Both the processes share a common variable named “count” having initial value = 5. Process P1 tries to increment the value of count. Process P2 tries to decrement the value of count. What are the possible values of count?,,midsem,pool,os questions bank /Classified OS Questions bank 2.docx
e70b4e6360-197,0,,Q28 The following two functions P1 and P2 that share a variable B with an initial value of 2 execute concurrently- P1(){ C=B-1; B=2*C; } P2(){ D=2*B; B=D-1; } What are the distinct values of B?,,midsem,pool,os questions bank /Classified OS Questions bank 2.docx
e70b4e6360-198,0,,"Q29. In the following code, pthread_mutex_t lock = PTHREAD_MUTEX_INITIALIZER; pthread_cond_t init = PTHREAD_COND_INITIALIZER; Pthread_mutex_lock(&lock); while (initialized == 0) Pthread_cond_wait(&init, &lock); Pthread_mutex_unlock(&lock); The code text to see whether the variable initialized has been set to 0, then calls the wait routine to sleep until the other thread wakes it up.",,midsem,pool,os questions bank /Classified OS Questions bank 2.docx
e70b4e6360-199,0,,"You might have noticed that the wait call takes a lock as its second input, but the signal call only takes a condition. Explain.",,midsem,pool,os questions bank /Classified OS Questions bank 2.docx
e70b4e6360-200,0,,Disabling interrupts was one of the earlier methods proposed for the implementation of locks. Discuss the flaws in this approach.,,midsem,pool,os questions bank /Classified OS Questions bank 2.docx
e70b4e6360-201,0,,What are the main conditions that an efficient lock is expected to fulfill?,,midsem,pool,os questions bank /Classified OS Questions bank 2.docx
e70b4e6360-202,0,,Why can the producer-consumer problem be solved by mutex,,midsem,pool,os questions bank /Classified OS Questions bank 2.docx
e70b4e6360-203,0,,What happens if there is a race condition on the lock itself?,,midsem,pool,os questions bank /Classified OS Questions bank 2.docx
e70b4e6360-204,0,,What happens if data race happen in lock mechanism itself?,,midsem,pool,os questions bank /Classified OS Questions bank 2.docx
e70b4e6360-205,0,,What happens if consumer thread doesn’t respond to wake signal by producer thread?,,midsem,pool,os questions bank /Classified OS Questions bank 2.docx
e70b4e6360-206,0,,"Consider the methods used by processes P1 and P2 for accessing their critical sections whenever needed, as given below. The initial values of shared Boolean variables S1 and S2 are randomly assigned.

Which one of the following statements describes the properties achieved?
Mutual exclusion but not progress
Progress but not mutual exclusion
Neither mutual exclusion nor progress
Both mutual exclusion and progress",,midsem,pool,os questions bank /Classified OS Questions bank 2.docx
e70b4e6360-207,0,,"Let m[0]…m[4] be mutexes (binary semaphores) and P[0] …. P[4] be processes.
Suppose each process P[i] executes the following: wait (m[i]); wait(m[(i+1) mode 4]);
------
release (m[i]); release (m[(i+1)mod 4]);

This could cause
Thrashing
Deadlock
Starvation, but not deadlock
None of the above",,midsem,pool,os questions bank /Classified OS Questions bank 2.docx
e70b4e6360-208,0,,"Consider Peterson’s algorithm for mutual exclusion between two concurrent processes i and j. The program executed by process is shown below.

repeat
flag [i] = true; turn = j;
while ( P ) do no-op;
Enter critical section, perform actions, then exit critical section
flag [ i ] = false;
Perform other non-critical section actions.

until false;
For the program to guarantee mutual exclusion, the predicate P in the while loop should be
flag [j] = true and turn = i
flag [j] = true and turn = j
flag [i] = true and turn = j
flag [i] = true and turn = i",,midsem,pool,os questions bank /Classified OS Questions bank 2.docx
e70b4e6360-209,0,,"Assume that n processes, P1,.... Pn, share m identical resource units that may be reserved and released one at a time. Process Pi's maximum resource need is Si, where Si > 0. Which of the following does not qualify as a sufficient requirement for preventing deadlock?",,midsem,pool,os questions bank /Classified OS Questions bank 2.docx
e70b4e6360-210,0,,"Q39) Davidis a  hardware engineer.Hecame up with a great idea which can help in solving the critical section problemand that hecalled it as atomic counters. An atomic counter is a variable in memory that can be sampled and incremented in one atomic operation. Also, it can be reset to 0. That is, the two opreations allowed on the shared variable a are: j = a++;// execute in one atomic operationa = 0; Show that whether this technique is possible if yes implement it.",,midsem,pool,os questions bank /Classified OS Questions bank 2.docx
e70b4e6360-211,0,,"Q40: The atomic fetch-and-set x, y instruction unconditionally sets the memory location x to 1 and fetches the old value of x in y without allowing any intervening access to the memory location x. consider the following implementation of P and V functions on a binary semaphore . void P (binary_semaphore *s) { unsigned y; unsigned *x = &(s->value); do { fetch-and-set x, y; } while (y); } void V (binary_semaphore *s) { S->value = 0; }",,midsem,pool,os questions bank /Classified OS Questions bank 2.docx
e70b4e6360-212,0,,"Q41: Consider a semaphore S, initialized with value 1. Consider 10 processes P1,P2…P10.All processes have the same code as given below but one process P10 has signal(S) in place of wait(S). If all processes can execute multiple times, then maximum number of processes which can be in the critical section together. While(true) { Wait(S) C.S Signal(s) }",,midsem,pool,os questions bank /Classified OS Questions bank 2.docx
e70b4e6360-213,0,,"In Context Switching between user level threads and kernel level thread, which is faster and why?",,midsem,pool,os questions bank /Classified OS Questions bank 2.docx
e70b4e6360-214,0,,"When the following code is executed, how many child process are created? fork(); fork(); fork(); fork(); fork();",,midsem,pool,os questions bank /Classified OS Questions bank 2.docx
e70b4e6360-215,0,,When a race condition occurs and what are the possible ways to stop them?,,midsem,pool,os questions bank /Classified OS Questions bank 2.docx
e70b4e6360-216,0,,What is MUTEX?,,midsem,pool,os questions bank /Classified OS Questions bank 2.docx
e70b4e6360-217,0,,What are the problems of the synchronizatrion?,,midsem,pool,os questions bank /Classified OS Questions bank 2.docx
e70b4e6360-218,0,,What are the advantages of the threads over process?,,midsem,pool,os questions bank /Classified OS Questions bank 2.docx
e70b4e6360-219,0,,What are the advantages of the process over threads?,,midsem,pool,os questions bank /Classified OS Questions bank 2.docx
e70b4e6360-220,0,,How many processes are created by the following code? Main() { Fork(); Fork(); Fork(); },,midsem,pool,os questions bank /Classified OS Questions bank 2.docx
e70b4e6360-221,0,,What are conditional variables and what is the use of it?,,midsem,pool,os questions bank /Classified OS Questions bank 2.docx
e70b4e6360-222,0,,Write Producer Consumer code.,,midsem,pool,os questions bank /Classified OS Questions bank 2.docx
e70b4e6360-223,0,,In the dinning philosophers problem there is a round table and N philosophers are sitting with N forks between them. The task given to each philosopher is that he have to pick both the fork on the left and right but with the constraint that if each philosopher first picks the fork an right(lets say) then it will cause deadlock while waiting for the other fork.Write a possible solution for this problem,,midsem,pool,os questions bank /Classified OS Questions bank 2.docx
e70b4e6360-224,0,,"Consider a system consisting of n processes (P0, P1, ………Pn -1) each process has a segment of code which is known as critical section in which the process may be changing common variable, updating a table, writing a file and so on. The important feature of the system is that when the process is executing in its critical section no other process is to be allowed to execute in its critical section. The execution of critical sections by the processes is a mutually exclusive. The critical section problem is to design a protocol that the process can use to cooperate each process must request permission to enter its critical section. The section of code implementing this request is the entry section. The critical section is followed on exit section. The remaining code is the remainder section Example: While (1) { Entry Section; Critical Section; Exit Section; Remainder Section; }",,midsem,pool,os questions bank /Classified OS Questions bank 2.docx
e70b4e6360-225,0,,(a) Variables and initial values,,midsem,pool,os questions bank /Classified OS Questions bank 2.docx
e70b4e6360-226,0,,(b) Code onEnter() to be run by thread/person entering,,midsem,pool,os questions bank /Classified OS Questions bank 2.docx
e70b4e6360-227,0,,(c) Code onExit() to be run by thread/person exiting,,midsem,pool,os questions bank /Classified OS Questions bank 2.docx
e70b4e6360-228,0,,"Consider the following snapshot of a system running n processes. Process i is holding xi instances of a resource R for 1<=i<=n. Currently, all instances of R are occupied. Further, for all i, process i has placed a request for an additional yi instances while holding the xi instances it already has. There are exactly two processes p and q such that yp = yq = 0. Which of the following can serve as a necessary condition to guarantee that the system is not approaching a deadlock?",,midsem,pool,os questions bank /Classified OS Questions bank 2.docx
e70b4e6360-229,0,,"A single processor system has three resource types X, Y and Z, which are shared by three processes. There are 5 units of each resource type. Consider the following scenario, where the column alloc denotes the number of units of each resource type allocated to each process, and the column request denotes the number of units of each resource type requested by a process in order to complete execution. Which of these processes will finish LAST?",,midsem,pool,os questions bank /Classified OS Questions bank 2.docx
e70b4e6360-230,0,,One example of co-operative approach for switching between processes ?,,midsem,pool,os questions bank /Classified OS Questions bank 2.docx
e70b4e6360-231,0,,What are types of semaphores and why are they named so?,,midsem,pool,os questions bank /Classified OS Questions bank 2.docx
e70b4e6360-232,0,,Implement B-tree and start with a simple locking strategy such as a single lock. Measure its performance as the number of concurrent threads increases.,,midsem,pool,os questions bank /Classified OS Questions bank 2.docx
e70b4e6360-233,0,1.0,"The enter_CS( ) and leave_CS( ) functions to implement critical section of a process are realized using test and set instruction as follows- void enter_CS(X) {while (test-and-set(X));} void leave_CS(X) {X = 0;} In the above solution, X is a memory location associated with the CS and is initialized to 0. Now, consider the following statements- The above solution to CS problem is deadlock-free The solution is starvation free The processes enter CS in FIFO order More than one process can enter CS at the same time. Which of the above statements is true?",,midsem,pool,os questions bank /Classified OS Questions bank 2.docx
e70b4e6360-234,0,1.0,"A counting semaphore S is initialized to 10. Then, 6 P operations and 4 V operations are performed on S. What is the final value of S?",,midsem,pool,os questions bank /Classified OS Questions bank 2.docx
e70b4e6360-235,0,1.0,"A counting semaphore S is initialized to 7. Then, 20 P operations and 15 V operations are performed on S. What is the final value of S?",,midsem,pool,os questions bank /Classified OS Questions bank 2.docx
e70b4e6360-236,0,1.0,"A shared variable x, initialized to zero, is operated on by four concurrent processes W, X, Y, Z as follows. Each of the processes W and X reads x from memory, increments by one, stores it to memory and then terminates. Each of the processes Y and Z reads x from memory, decrements by two, stores it to memory, and then terminates. Each process before reading x invokes the P operation (i.e. wait) on a counting semaphore S and invokes the V operation (i.e. signal) on the semaphore S after storing x to memory. Semaphore S is initialized to two. What is the maximum possible value of x after all processes complete execution?",,midsem,pool,os questions bank /Classified OS Questions bank 2.docx
e70b4e6360-237,0,1.0,"Each process Pi, i = 1, 2, …, 9 is coded as follows- repeat P(mutex) { Critical Section } V(mutex) forever The code for P10 is identical except that it uses V(mutex) in place of P(mutex). What is the largest number of processes that can be inside the critical section at any moment?",,midsem,pool,os questions bank /Classified OS Questions bank 2.docx
e70b4e6360-238,0,1.0,Let m[0]…m[4] be mutexes (binary semaphores) and P[0]…P[4] be processes. Suppose each process P[i] executes the following: wait(m[i]); wait(m[(i+1) mod 4]); ……. release(m[i]); release(m[(i+1) mod 4]); This could cause-,,midsem,pool,os questions bank /Classified OS Questions bank 2.docx
e70b4e6360-239,0,,"In the above question, which of the following pairs of processes may be present inside the critical section at the same time?
(P0, P2)
(P1, P3)
(P2, P4)
(P3, P4)
All of these",,midsem,pool,os questions bank /Classified OS Questions bank 2.docx
e70b4e6360-240,0,,"How many times will process P0 print ‘0’?
At least twice
Exactly twice
Exactly thrice
Exactly once",,midsem,pool,os questions bank /Classified OS Questions bank 2.docx
e70b4e6360-241,0,,"A counting semaphore S is initialised to 10. Then, 6 P operations and 4 V operations are performed on S. What is the final value of S?",,midsem,pool,os questions bank /Classified OS Questions bank 2.docx
e70b4e6360-242,0,,How would you improve performance when using semaphores?,,midsem,pool,os questions bank /Classified OS Questions bank 2.docx
e70b4e6360-243,0,,"Consider the readers and writers problem discussed above. Recall that multiple readers can be allowed to read concurrently, while only one writer at a time can access the critical section. Write down pseudocode to implement the functions readLock, readUnlock, writeLock, and writeUnlock that are invoked by the readers and writers to realize read/write locks. You must use only semaphores, and no other synchronization mechanism, in your solution. Further, you must avoid using more semaphores than is necessary. Clearly list all the variables (sem... and any other flags/counters you may need) and their initial values at the start of your solution. Use the notation down(x) and up(x) to invoke atomic down and up operations on a semaphore x that are available via the OS API. Use sensible names for your variables.",,midsem,pool,os questions bank /Classified OS Questions bank 2.docx
e70b4e6360-244,0,,Q1. What is deadlock? Explain deadlock prevention in details.,,midsem,pool,os questions bank /Classified OS Questions bank 2.docx
e70b4e6360-245,0,,Q2. What are the methods for handling deadlock ?,,midsem,pool,os questions bank /Classified OS Questions bank 2.docx
e70b4e6360-246,0,,Q3. What are the necessary conditions for deadlock?,,midsem,pool,os questions bank /Classified OS Questions bank 2.docx
e70b4e6360-247,0,,Q4. How we can avoid Deadlock Avoidance?,,midsem,pool,os questions bank /Classified OS Questions bank 2.docx
e70b4e6360-248,0,,Q5. A System requires 2 units of resources having 3 process the minimum no of units of R such that no deadlock will occur?,,midsem,pool,os questions bank /Classified OS Questions bank 2.docx
e70b4e6360-249,0,,Q6. Distinguish between deadlock and starvation.,,midsem,pool,os questions bank /Classified OS Questions bank 2.docx
e70b4e6360-250,0,,Q7. what are the things which leads a system into deadlock situation?,,midsem,pool,os questions bank /Classified OS Questions bank 2.docx
e70b4e6360-251,0,,Q8. What is a safe state and what is its use of deadlock avoidance?,,midsem,pool,os questions bank /Classified OS Questions bank 2.docx
e70b4e6360-252,0,,Q9. What is Deadlock?,,midsem,pool,os questions bank /Classified OS Questions bank 2.docx
e70b4e6360-253,0,,"Q10. A system is having 3 user processes P1, P2 and P3 where P1 requires 21 units of resource R, P2 requires 31 units of resource R, P3 requires 41 units of resource R. The minimum number of units of R that ensures no deadlock is ?",,midsem,pool,os questions bank /Classified OS Questions bank 2.docx
e70b4e6360-254,0,,Q11. How to prevent deadlock?,,midsem,pool,os questions bank /Classified OS Questions bank 2.docx
e70b4e6360-255,0,,Q12. Given a system that has 5 number of identical resources. There are N number of processes competing for them. What will be the minimum value if N that can cause deadlock when a process can request for atmost 3 resouces?,,midsem,pool,os questions bank /Classified OS Questions bank 2.docx
e70b4e6360-256,0,,Q13. Consider a system as deadlock free and each process can request for maximun 5 resources. What will be the min imum number of identical resources will be the system have?,,midsem,pool,os questions bank /Classified OS Questions bank 2.docx
e70b4e6360-257,0,,Q14. When the deadlock occurs and what are the different handling method to handle deadlocks?,,midsem,pool,os questions bank /Classified OS Questions bank 2.docx
e70b4e6360-258,0,,Q15. What is deadlock? Explain conditions of occurrence deadlock.,,midsem,pool,os questions bank /Classified OS Questions bank 2.docx
e70b4e6360-259,0,,"Q16. Vaibhav, Suraj and Uday go to a Chinese restaurant. But they go there at 8 pm (Busy time). So, waiter apologize and says he can provide only 2 pairs of chopsticks (i.e., four chopsticks), which need to be share between 3 friends.  Now, Vaibhav come up with an idea. He suggests to put all four chopsticks in an empty glass at center table & each diner should obey the following protocol:
while ( ! had_enough_to_eat() ) 
{ 
    aquire_one_chopstick()",,midsem,pool,os questions bank /Classified OS Questions bank 2.docx
e70b4e6360-260,0,,Can this plan lead to a deadlock? Explain your answer.,,midsem,pool,os questions bank /Classified OS Questions bank 2.docx
e70b4e6360-261,0,,"Suppose, now instead of 3 diners, we have 'D' number of diners. Furthermore, each diner may acquire different number of chopsticks. Let`s say 'C' number of total chopstick will satisfy the needs of all diners (e.g., for 4 people (D=4), assuming each require 3 chopsticks, then 'C' will be C = 3*4=12). Now, each dinners protocol is displayed below: what is the smallest number of chopsticks (in terms of C and D), needed to ensure that deadlock cannot occur? Explain your answer.",,midsem,pool,os questions bank /Classified OS Questions bank 2.docx
e70b4e6360-262,0,,To write a C program to implement algorithm for deadlock detection,,midsem,pool,os questions bank /Classified OS Questions bank 2.docx
e70b4e6360-263,0,,What are the necessary conditions which can lead to a deadlock in a system?,,midsem,pool,os questions bank /Classified OS Questions bank 2.docx
e70b4e6360-264,0,,Which of these processes will finish LAST?,,midsem,pool,os questions bank /Classified OS Questions bank 2.docx
e70b4e6360-265,0,,Which of the following is TRUE?,,midsem,pool,os questions bank /Classified OS Questions bank 2.docx
e70b4e6360-266,0,,What is Banker's algorithm and what is it used for?,,midsem,pool,os questions bank /Classified OS Questions bank 2.docx
e70b4e6360-267,0,,How many total processes will print their PIDs?,,midsem,pool,os questions bank /Classified OS Questions bank 2.docx
e70b4e6360-268,0,,What shape of process hierarchy will this code produce? Draw a picture of it.,,midsem,pool,os questions bank /Classified OS Questions bank 2.docx
e70b4e6360-269,0,,Will the order of printing be consistent or arbitrary? Why?,,midsem,pool,os questions bank /Classified OS Questions bank 2.docx
e70b4e6360-270,0,,How are zombie processes created and how do they reap?,,midsem,pool,os questions bank /Classified OS Questions bank 2.docx
e70b4e6360-271,0,,Why is it important to reap?,,midsem,pool,os questions bank /Classified OS Questions bank 2.docx
e70b4e6360-272,0,,wait() block parent until child terminates. Are there any non-blocking ways to invoke wait?,,midsem,pool,os questions bank /Classified OS Questions bank 2.docx
e70b4e6360-273,0,,What are system calls? How do they work?,,midsem,pool,os questions bank /Classified OS Questions bank 2.docx
e70b4e6360-274,0,,"Q6. How many new processes are created by the following code?
Int main (){ If(fork){
Fork;
}
Fork; fork;
}",,midsem,pool,os questions bank /Classified OS Questions bank 2.docx
e70b4e6360-275,0,,Q7. Write flow of handling a system call.,,midsem,pool,os questions bank /Classified OS Questions bank 2.docx
e70b4e6360-276,0,,"Q8. #include<stdio.h> int main(){
if (fork() && fork()) fork();
printf(“hello”);
return 0;
}
Print the result?",,midsem,pool,os questions bank /Classified OS Questions bank 2.docx
e70b4e6360-277,0,,Q9. Is there a mechanism through which child can communicate with the parent process which is created by using fork() ?,,midsem,pool,os questions bank /Classified OS Questions bank 2.docx
e70b4e6360-278,0,,"Q10. How does it map the calls made by a process as open(), read(), write() ?",,midsem,pool,os questions bank /Classified OS Questions bank 2.docx
e70b4e6360-279,0,,"Q11. Consider a multithreaded application server handling requests from clients. Every new request that arrives at the server causes a new thread to be spawned to handle that request. The server can provide service to only one request/thread at a time, and other threads that arrive when the server is busy must wait for service using a synchronization primitive (semaphore or condition variable). In order to avoid excessive waiting times, the server does not wish to have more than N requests/threads in the system (including the waiting requests and any request it is currently serving). You may assume that N > 2. Given this constraint, a newly arriving thread must first check if N other requests are already in the system: if yes, it must exit without waiting and return an error value to the client, by calling the function thr exit failure(). This function terminates the thread and does not return. When a thread is ready for service, it must call the function get service(). Your code should ensure that no more than one thread calls this function at any point of time. This function blocks the thread for the duration of the service. Note that, while the thread receiving service is blocked, other arriving threads must be free to join the queue, or exit if the system is overloaded. After a thread returns from get service(), it must enable one of the waiting threads to seek service (if any are waiting), and then terminate itself succesfully by calling the function thr exit success(). This function terminates the thread and does not return. You are required to write pseudocode of the function to be run by the request threads in this system, as per the specification above. Your solution must use only locks and condition variables for synchronization. Clearly state all the variables used and their initial values at the start of your solution.",,midsem,pool,os questions bank /Classified OS Questions bank 2.docx
e70b4e6360-280,0,,"Q12. Consider the following code:
	#include <stdio.h>
 	#include <unistd.h>
Int main()
{
	If((fork() && (!fork()) {
	If(fork() || fork()) {
    	fork();
 	 }
         }
         printf(“hello”);
         return 0;
}
How many times “Hello” will be printed?
a)5
b)6
c)7
d)8
Answer) c",,midsem,pool,os questions bank /Classified OS Questions bank 2.docx
e70b4e6360-281,0,,"Q13.Consider the following code fragment:
if (fork() == 0)
{ a = a + 5; printf(“%d,%d\n”, a, &a); }
else { a = a –5; printf(“%d, %d\n”, a, &a); }
Let u, v be the values printed by the parent process, and x, y be the values printed by the child process. Which one of the following is TRUE?
u = x + 10 and v = y
u = x + 10 and v != y
u + 10 = x and v = y
u + 10 = x and v != y Answer (c)
fork() returns 0 in child process and process ID of child process in parent  process.
In Child (x), a = a + 5
In Parent (u), a = a – 5; Therefore x = u + 10.
The physical addresses of ‘a’ in parent and child must be different. But our program accesses virtual addresses (assuming we are running on an OS that uses virtual memory). The child process gets an exact copy of parent process and virtual address of ‘a’ doesn’t change in child process. Therefore, we get same addresses in both parent and child.",,midsem,pool,os questions bank /Classified OS Questions bank 2.docx
e70b4e6360-282,0,,14) Explain in brief about User Calls and Kernel Calls.,,midsem,pool,os questions bank /Classified OS Questions bank 2.docx
e70b4e6360-283,0,,15) Why system calls look like procedure calls?,,midsem,pool,os questions bank /Classified OS Questions bank 2.docx
e70b4e6360-284,0,,16)  Do all privileged functionalities get expose to users through system calls?,,midsem,pool,os questions bank /Classified OS Questions bank 2.docx
e70b4e6360-285,0,,17)  What if you don’t join threads using pthread.join()?,,midsem,pool,os questions bank /Classified OS Questions bank 2.docx
e70b4e6360-286,0,,18) Can the privileged instruction creating or deleting user account be done using system call ?,,midsem,pool,os questions bank /Classified OS Questions bank 2.docx
e70b4e6360-287,0,,19) Which is the first program which runs on system boot ?,,midsem,pool,os questions bank /Classified OS Questions bank 2.docx
e70b4e6360-288,0,,20) Why we need two system calls fork and exec ?,,midsem,pool,os questions bank /Classified OS Questions bank 2.docx
e70b4e6360-289,0,,21) What happens when a timer interrupt is raised ?,,midsem,pool,os questions bank /Classified OS Questions bank 2.docx
e70b4e6360-290,0,,"1)Using a basic system call as an example (e.g., getpid or uptime), describe what is normally involved in obtaining the result, from the point when the function in the C library is called to the point where the function returns. Process AND Process States",,midsem,pool,os questions bank /Classified OS Questions bank 2.docx
e70b4e6360-291,0,,Q1. Why does the process gets blocked when its initiates an I/O request?,,midsem,pool,os questions bank /Classified OS Questions bank 2.docx
e70b4e6360-292,0,,Q2. Give three reasons for the system to select a new process to run.,,midsem,pool,os questions bank /Classified OS Questions bank 2.docx
e70b4e6360-293,0,,"Q3. State if the given sequence is possible or not.
Process A is running , I/O complete interrupt arrives. Timer interrupt arrives. Scheduler runs. I/O interrupt handler runs. Process B is running.",,midsem,pool,os questions bank /Classified OS Questions bank 2.docx
e70b4e6360-294,0,,Q4. Write the flow of context switch,,midsem,pool,os questions bank /Classified OS Questions bank 2.docx
e70b4e6360-295,0,,Q5. Explain When a process directly switches from running state to ready state .which scheduler is involved in such switching?,,midsem,pool,os questions bank /Classified OS Questions bank 2.docx
e70b4e6360-296,0,,Q6. Can a running process after going through I/O can be directed taken to ready state without passing through block state? Why?,,midsem,pool,os questions bank /Classified OS Questions bank 2.docx
e70b4e6360-297,0,,"Q6. what are the responsibilities of short term scheduler , long term scheduler and medium term scheduler?",,midsem,pool,os questions bank /Classified OS Questions bank 2.docx
e70b4e6360-298,0,,Q7. What is the difference between process and program?,,midsem,pool,os questions bank /Classified OS Questions bank 2.docx
e70b4e6360-299,0,,"Q8. What is a pipe?
A traditional pipe is unnamed and can be used only for the communication of related process. If unrelated processes are required to communicate – named pipes are required.
It is a pipe whose access point is a file available on the file system. When this file is opened for reading, a process is granted access to the reading end of the pipe. Similarly, when the file is opened for writing, the process is granted access to writing end of the pipe.
A named pipe is also referred to as FIFO or named FIFO.",,midsem,pool,os questions bank /Classified OS Questions bank 2.docx
e70b4e6360-300,0,,"Q9. A process is a dynamic object, but a program is a static object. State whether given statement is true or not. If true, then elaborate.
Ans-> Yes, given statement is true. A process is a dynamic object, but a program is a static object. A program is static entity. It contains only code. When program is brought in memory and executed then it becomes a process. A program in execution is called process. A process is an active entity and a program is a passive entity. Process resides in main memory, but program resides in secondary memory. The span of time for the process is limited, but the span of time for the program is unlimited.",,midsem,pool,os questions bank /Classified OS Questions bank 2.docx
e70b4e6360-301,0,,"Q10. what are the different states of process and explain the transitions between them (when does a process moves from one state to other)?
Ans-> different states of process:
Running: The process is being executed.
Ready: The process is waiting to be assigned to a processor(waiting to be scheduled).
Blocked: suspended, not ready to run
Apart from the above states there are two other states also:
New: The process is being created.
Terminate: The process has finished execution. Transitions from one state to other:
Ready to Running: When it is time to select a process to run, the operating system move the processes from the ready state to the running state.
Running to Ready: When the time slot for the process expires or if an interrupt signal occurs, then the operating system shifts the running process to the ready state.
Running to Blocked: A process is put into the waiting state if the process needs an event to occur, or an I/O device is to read.
Blocked to Ready: A process in the blocked state is moved to the ready state when the event for which it has been waiting has completed.",,midsem,pool,os questions bank /Classified OS Questions bank 2.docx
e70b4e6360-302,0,,"Q11. what are the components of process or explain Process Control Block?
Ans-> The PCB is a central store of information that allows the operating system to locate all the key information about the process. The operating system uses this information and performs the operations in the process.
Components of a process:
Memory: code(instruction for program to execute), stack(static memory) and heap(dynamic memory)
CPU: contains registers, stack pointer, program counter and general purpose registers Context/state related info: pid, user, open file descriptors, etc
All these information is contained inside PCB of process.",,midsem,pool,os questions bank /Classified OS Questions bank 2.docx
e70b4e6360-303,0,,"Q12. What is difference between process and thread? Ans. Processes:-
When any program is in execution ,it is called process.
Process takes more time for create, terminate and to context switch.
The execution of other processes will not be impacted if one process is blocked.
Child processes are unaffected by changes to the parent process.
Processes do not share data with each other. Threads:-
A segment of process is called thread.
	Thread takes less time for create, terminate and to context switch.
All other user-level threads are also blocked if one of those threads is blocked.
Any changes to the main thread may have an impact on the behaviour of the other threads of the process because all threads of the same process share address space and other resources.
Data is shared between threads.",,midsem,pool,os questions bank /Classified OS Questions bank 2.docx
e70b4e6360-304,0,,Q13. What is difference between multitasking and multiprocessing OS?,,midsem,pool,os questions bank /Classified OS Questions bank 2.docx
e70b4e6360-305,0,,"Q14: Consider three processes, all arriving at time zero, with total execution time of 10, 20 and 30 units, respectively. Each process spends the first",,midsem,pool,os questions bank /Classified OS Questions bank 2.docx
e70b4e6360-306,0,,15) What makes a process diffrenet than a thread?,,midsem,pool,os questions bank /Classified OS Questions bank 2.docx
e70b4e6360-307,0,,16) What function is used to create a child process and what function is used to halt the child process?,,midsem,pool,os questions bank /Classified OS Questions bank 2.docx
e70b4e6360-308,0,,17) How to identify if the current process is child or parent?,,midsem,pool,os questions bank /Classified OS Questions bank 2.docx
e70b4e6360-309,0,,18) How the fork() function mechanism works?,,midsem,pool,os questions bank /Classified OS Questions bank 2.docx
e70b4e6360-310,0,,19) How the halting is done is using the wait() function?,,midsem,pool,os questions bank /Classified OS Questions bank 2.docx
e70b4e6360-311,0,,"20) Expalin fork(), wait() and exec() relationship.",,midsem,pool,os questions bank /Classified OS Questions bank 2.docx
e70b4e6360-312,0,,21) What are the diffrent values returned by fork() and what do they stand for?,,midsem,pool,os questions bank /Classified OS Questions bank 2.docx
e70b4e6360-313,0,,22)  Differentiate between process and thread,,midsem,pool,os questions bank /Classified OS Questions bank 2.docx
e70b4e6360-314,0,,23)  What does process control block contain?,,midsem,pool,os questions bank /Classified OS Questions bank 2.docx
e70b4e6360-315,0,,24) What are the different IPC mechanisms?,,midsem,pool,os questions bank /Classified OS Questions bank 2.docx
e70b4e6360-316,0,,25) What is main difference between program and process?,,midsem,pool,os questions bank /Classified OS Questions bank 2.docx
e70b4e6360-317,0,,Explain with reason which of the given statements are true .Given the process State transition diagram for a uniprocessor system. ASSUMPTION(There is always some process in the ready queue),,midsem,pool,os questions bank /Classified OS Questions bank 2.docx
e70b4e6360-318,0,,Q. Find the waiting time for the Process P2.,,midsem,pool,os questions bank /Classified OS Questions bank 2.docx
e70b4e6360-319,0,,Q1. State different scheduling algorithms. Explain them.,,midsem,pool,os questions bank /Classified OS Questions bank 2.docx
e70b4e6360-320,0,,Q2. What are the 3 different types of scheduling queues.,,midsem,pool,os questions bank /Classified OS Questions bank 2.docx
e70b4e6360-321,0,,Q3. What are the types of scheduling alogorithms and explain any of two?,,midsem,pool,os questions bank /Classified OS Questions bank 2.docx
e70b4e6360-322,0,,Q4. What is difference between multilevel queue scheduling and multilevel feedback queue scheduling?,,midsem,pool,os questions bank /Classified OS Questions bank 2.docx
e70b4e6360-323,0,,Q5. What is response ratio time?,,midsem,pool,os questions bank /Classified OS Questions bank 2.docx
e70b4e6360-324,0,,Q6. If there is no pre-emption then which scheduling policies of CPU -Virtualization will be efficient and which gives least response time?,,midsem,pool,os questions bank /Classified OS Questions bank 2.docx
e70b4e6360-325,0,,"Q7. In a real time system, processes indicate hard constraints about when they need to run. If you were designing a scheduler for such a system, speculate about how would you use that information and what scheduling algorithm you would implement?",,midsem,pool,os questions bank /Classified OS Questions bank 2.docx
e70b4e6360-326,0,,Q8.  disadvantages of completely fair scheduler?,,midsem,pool,os questions bank /Classified OS Questions bank 2.docx
e70b4e6360-327,0,,Q9) Which scheduling policy is most suitable in real time environment? And Which scheduling is fastest?,,midsem,pool,os questions bank /Classified OS Questions bank 2.docx
e70b4e6360-328,0,,Q10) Why process scheduling is required and Which type of scheduling is best?,,midsem,pool,os questions bank /Classified OS Questions bank 2.docx
e70b4e6360-329,0,,"Q11) What is the main purpose of disk scheduling and ,How is performance measured in disk scheduling?",,midsem,pool,os questions bank /Classified OS Questions bank 2.docx
e70b4e6360-330,0,,Q12. What are turn around time and response time?,,midsem,pool,os questions bank /Classified OS Questions bank 2.docx
e70b4e6360-331,0,,"Problem 13 - Consider a disk queue with requests for I/O to blocks on cylinders 98, 183, 41, 122, 14, 124, 65, 67. The C-SCAN scheduling algorithm is used. The head is initially at cylinder number 53 moving towards larger cylinder numbers on its servicing pass. The cylinders are numbered from 0 to 199. The total head movement (in number of cylinders) incurred while servicing these requests is _______",,midsem,pool,os questions bank /Classified OS Questions bank 2.docx
e70b4e6360-332,0,,"Problem 14 Consider a disk queue with requests for I/O to blocks on cylinders 98, 183, 41, 122, 14, 124, 65, 67. The SCAN scheduling algorithm is used. The head is initially at cylinder number 53 moving towards larger cylinder numbers on its servicing pass. The cylinders are numbered from 0 to 199. The total head movement (in number of cylinders) incurred while servicing these requests is _______",,midsem,pool,os questions bank /Classified OS Questions bank 2.docx
e70b4e6360-333,0,,Q15. Given a gantt chart and scheduling algorithm used is Round Robin. Time Quantum used is 5ms. Find the average turnaround time and average waiting time?,,midsem,pool,os questions bank /Classified OS Questions bank 2.docx
e70b4e6360-334,0,,Q16.  explain the difference between Preemptive Scheduling and Non-Preemptive Scheduling. Give examples of scheduling policies for each of them.,,midsem,pool,os questions bank /Classified OS Questions bank 2.docx
e70b4e6360-335,0,,"Q17. Consider the collection of these five processes, whose arrival and burst times are provided :- Calculate the average waiting time and average turnaround time if the CPU scheduling policy is SJF preemptive.",,midsem,pool,os questions bank /Classified OS Questions bank 2.docx
e70b4e6360-336,0,,Q18. Why I/O jobs are treated as a series of separate jobs?,,midsem,pool,os questions bank /Classified OS Questions bank 2.docx
e70b4e6360-337,0,,Q19. Why CPU-bound jobs aren’t given priority for response time?,,midsem,pool,os questions bank /Classified OS Questions bank 2.docx
e70b4e6360-338,0,,Q20. At what end does new jobs enter MLFQ?,,midsem,pool,os questions bank /Classified OS Questions bank 2.docx
e70b4e6360-339,0,,Q21. Is starvation possible in MLFQ?,,midsem,pool,os questions bank /Classified OS Questions bank 2.docx
e70b4e6360-340,0,,Q22. What is the maximum time does a process can be without getting scheduled in MLFQ?,,midsem,pool,os questions bank /Classified OS Questions bank 2.docx
e70b4e6360-341,0,,"Q23. Consider three process, all arriving at time zero, with total execution time of 10, 20 and 30 units respectively. Each process spends the first 20% of execution time doing I/O, the next 70% of time doing computation, and the last 10% of time doing I/O again. The operating system uses a shortest remaining compute time first scheduling algorithm and schedules a new process either when the running process gets blocked on I/O or when the running process finishes its compute burst. Assume that all I/O operations can be overlapped as much as possible. For what percentage of does the CPU remain idle?",,midsem,pool,os questions bank /Classified OS Questions bank 2.docx
e70b4e6360-342,0,,"Problem-24. Consider the set of 6 processes whose arrival time and burst time are given below. If the CPU scheduling policy is Round Robin with time quantum = 3, calculate the average waiting time and average turn around time.",,midsem,pool,os questions bank /Classified OS Questions bank 2.docx
e70b4e6360-343,0,,27) What are the scheduling criteria for different algorithms?,,midsem,pool,os questions bank /Classified OS Questions bank 2.docx
e70b4e6360-344,0,,"28) Explain SJF, FCFS, Priority and Round Robin Algorithm and state the major diffence between them.",,midsem,pool,os questions bank /Classified OS Questions bank 2.docx
e70b4e6360-345,0,,29) In which Algorithm the starvation condition is most likely to occur?,,midsem,pool,os questions bank /Classified OS Questions bank 2.docx
e70b4e6360-346,0,,"30) Describe the functioning of clock, hardware support is needed, What data structures can be used?",,midsem,pool,os questions bank /Classified OS Questions bank 2.docx
e70b4e6360-347,0,,"31) If a system is thrashing, how can we try to reduce thrashing within the OS?",,midsem,pool,os questions bank /Classified OS Questions bank 2.docx
e70b4e6360-348,0,,32) How does LRU works?,,midsem,pool,os questions bank /Classified OS Questions bank 2.docx
e70b4e6360-349,0,,33) Can clock behave like a LRU?,,midsem,pool,os questions bank /Classified OS Questions bank 2.docx
e70b4e6360-350,0,,34) What replacement policy can we use in worst-case LRU situation?,,midsem,pool,os questions bank /Classified OS Questions bank 2.docx
e70b4e6360-351,0,,35) What is a cooperative approach to scheduling? Is it beneficial?,,midsem,pool,os questions bank /Classified OS Questions bank 2.docx
e70b4e6360-352,0,,36) Define the term dispatch latency?,,midsem,pool,os questions bank /Classified OS Questions bank 2.docx
e70b4e6360-353,0,,37) Why there is bad turnaround time in round robin ?,,midsem,pool,os questions bank /Classified OS Questions bank 2.docx
e70b4e6360-354,0,,38) When will we prefer round robin over STCF ?,,midsem,pool,os questions bank /Classified OS Questions bank 2.docx
e70b4e6360-355,0,,39) write a C program for implementation of Priority scheduling algorithms?,,midsem,pool,os questions bank /Classified OS Questions bank 2.docx
e70b4e6360-356,0,,Q1. Why does Write buffering improves performance?,,midsem,pool,os questions bank /Classified OS Questions bank 2.docx
e70b4e6360-357,0,,Q2. What is difference between spooling and buffering?,,midsem,pool,os questions bank /Classified OS Questions bank 2.docx
e70b4e6360-358,0,,Q3. What is input spooling? Differentiate between Process switch vs context switch?,,midsem,pool,os questions bank /Classified OS Questions bank 2.docx
e70b4e6360-359,0,,Q4. What is the purpose of an I/O status information?,,midsem,pool,os questions bank /Classified OS Questions bank 2.docx
e70b4e6360-360,0,,"Q5. Consider a disk system with 100 cylinders. The requests to access the cylinders occur in following sequence- 4, 34, 10, 7, 19, 73, 2, 15, 6, 20. Assuming that the head is currently at cylinder 50, what is the time taken to satisfy all requests if it takes 1 ms to move from one cylinder to adjacent one and shortest seek time first policy is used?",,midsem,pool,os questions bank /Classified OS Questions bank 2.docx
e70b4e6360-361,0,,3)Can we say MLFQ CPU scheduling from learns from past behaviour of the process and then predicts its future behaviour? Provide reasons for your answer.,,midsem,pool,os questions bank /Classified OS Questions bank 2.docx
e70b4e6360-362,0,,4)What can you say about adjusting Tq to trade off in Round Robin policy scheduling?,,midsem,pool,os questions bank /Classified OS Questions bank 2.docx
e70b4e6360-363,0,,2) On considering the Pages reference order by CPU as 0 2 1 0 3 1 0 3 2 1 0 3. Calculate hit % in the case of FIFO and Optimal replacement policy when no of frames is i)3 ii)4. Explain what you observed and how can it support Belady’s anomaly?,,midsem,pool,os questions bank /Classified OS Questions bank 2.docx
e70b4e6360-364,0,,Q26: A certain moving arm disk-storage device has the following specifications: Number of tracks per surface =4004 Track storage capacity =130030 bytes Disk speed =3600 rpm Average seek time =30 m secs. Estimate the average latency the disk storage capacity and the data transfer rate.,,midsem,pool,os questions bank /Classified OS Questions bank 2.docx
e70b4e6360-365,0,,"Q27: Consider three processes (process id 0, 1, 2 respectively) with compute time bursts 2, 4 and 8 time units. All processes arrive at time zero. Consider the longest remaining time first (LRTF) scheduling algorithm. In LRTF ties are broken by giving priority to the process with the lowest process id. The average turn around time is:",,midsem,pool,os questions bank /Classified OS Questions bank 2.docx
e70b4e6360-366,0,,"Q28: Suppose the following disk request sequence (track numbers) for a disk with 100 tracks is given: 45, 20, 90, 10, 50, 60, 80 and 70. Assume that the initial position of the R/W head is on track 50. The additional distance that will be traversed by the R/W head when the Shortest Seek Time First (SSTF) algorithm is used compared to the SCAN (Elevator) algorithm (assuming that SCAN algorithm moves towards 100 when it starts execution) is _________ tracks",,midsem,pool,os questions bank /Classified OS Questions bank 2.docx
e70b4e6360-367,0,,Q1. What happens if the Kernel trust on the User stack to restore the state of a process?,,midsem,pool,os questions bank /Classified OS Questions bank 2.docx
e70b4e6360-368,0,,Q2. Describe how interrupts are implemented.,,midsem,pool,os questions bank /Classified OS Questions bank 2.docx
e70b4e6360-369,0,,Q3. What are the different types of Kernel?,,midsem,pool,os questions bank /Classified OS Questions bank 2.docx
e70b4e6360-370,0,,Q4: What is the difference between Kernel and OS?,,midsem,pool,os questions bank /Classified OS Questions bank 2.docx
e70b4e6360-371,0,,"5) Give examples of process handled by Kernel, OS and Users.",,midsem,pool,os questions bank /Classified OS Questions bank 2.docx
e70b4e6360-372,0,,Write basic code of shell.,,midsem,pool,os questions bank /Classified OS Questions bank 2.docx
e70b4e6360-373,0,,7) Which is true about operating systems? - They always make systems run faster - They never crash - They generally make systems easier to use - None of the above,,midsem,pool,os questions bank /Classified OS Questions bank 2.docx
e70b4e6360-374,0,,"In UNIX, what is used to set the task priority?",,midsem,pool,os questions bank /Classified OS Questions bank 2.docx
e70b4e6360-375,0,,What is root partition?,,midsem,pool,os questions bank /Classified OS Questions bank 2.docx
e70b4e6360-376,0,,what is monolithic kernel,,midsem,pool,os questions bank /Classified OS Questions bank 2.docx
e70b4e6360-377,0,,What is difference between monolithic os and micro-kernel os ?,,midsem,pool,os questions bank /Classified OS Questions bank 2.docx
ea24d4e08e-0,0,,How can the system distinguish between the pages that are in main memory from the pages that are on the disk?,,midsem,pool,os questions bank /Classified OS Questions bank.docx
ea24d4e08e-1,0,,Why seek() does not cause disk seek until read/write operation ?,,midsem,pool,os questions bank /Classified OS Questions bank.docx
ea24d4e08e-2,0,,"Explain best fit , first fir and worst fit method.",,midsem,pool,os questions bank /Classified OS Questions bank.docx
ea24d4e08e-3,0,,What is formula for disk access time?,,midsem,pool,os questions bank /Classified OS Questions bank.docx
ea24d4e08e-4,0,,Where does VAS reside is it present in the secondary memory or in the ram ?,,midsem,pool,os questions bank /Classified OS Questions bank.docx
ea24d4e08e-5,0,,What are the differences between storage method of files and directories?,,midsem,pool,os questions bank /Classified OS Questions bank.docx
ea24d4e08e-6,0,,"Consider a system with several running processes. The system is running a modern OS that uses virtual addresses and demand paging. It has been empirically observed that the memory access times in the system under various conditions are: t1 when the logical memory address is found in TLB cache, t2 when the address is not in TLB but does not cause a page fault, and t3 when the address results in a page fault. This memory access time includes all overheads like page fault servicing and logical-to-physical address translation. It has been observed that, on an average, 10% of the logical address accesses result in a page fault. Further, of the remaining virtual address accesses, two-thirds of them can be translated using the TLB cache, while one-third require walking the page tables. Using the information provided above, calculate the average expected memory access time in the system in terms of t1,t2, and t3.",,midsem,pool,os questions bank /Classified OS Questions bank.docx
ea24d4e08e-7,0,,"Consider the following line of code in a function of a process. int *x = (int *)malloc(10 *
sizeof(int)); When this function is invoked and executed?
(a) Where is the memory for the variable x allocated within the memory image of the process?
(b) Where is the memory for the 10 integer variables allocated within the memory image of the
process?",,midsem,pool,os questions bank /Classified OS Questions bank.docx
ea24d4e08e-8,0,,What is the need for segmentation in OS? Does segmentation cause fragmentation?,,midsem,pool,os questions bank /Classified OS Questions bank.docx
ea24d4e08e-9,0,,Explain Thrashing in brief,,midsem,pool,os questions bank /Classified OS Questions bank.docx
ea24d4e08e-10,0,,What do you mean by page replacement algorithm? Enlist different page replacement algorithms.,,midsem,pool,os questions bank /Classified OS Questions bank.docx
ea24d4e08e-11,0,,What is fragmentation? Explain types of fragmentations with suitable example.,,midsem,pool,os questions bank /Classified OS Questions bank.docx
ea24d4e08e-12,0,,Compare contiguous and non contiguous memory allocation of page,,midsem,pool,os questions bank /Classified OS Questions bank.docx
ea24d4e08e-13,0,,What is virtual memory?,,midsem,pool,os questions bank /Classified OS Questions bank.docx
ea24d4e08e-14,0,,Explain Compaction in brief.,,midsem,pool,os questions bank /Classified OS Questions bank.docx
ea24d4e08e-15,0,,Explain Demand paging with example.,,midsem,pool,os questions bank /Classified OS Questions bank.docx
ea24d4e08e-16,0,,Differentiate internal and external fragmentation,,midsem,pool,os questions bank /Classified OS Questions bank.docx
ea24d4e08e-17,0,,Explain segmentation using suitable example in brief .,,midsem,pool,os questions bank /Classified OS Questions bank.docx
ea24d4e08e-18,0,,Explain non-contiguous memory allocation policies with suitable example. (Refer Section 6.7),,midsem,pool,os questions bank /Classified OS Questions bank.docx
ea24d4e08e-19,0,,Compare fixed and variable sized partitioning,,midsem,pool,os questions bank /Classified OS Questions bank.docx
ea24d4e08e-20,0,,Explain Paging with example.,,midsem,pool,os questions bank /Classified OS Questions bank.docx
ea24d4e08e-21,0,,What is external fragmentation?,,midsem,pool,os questions bank /Classified OS Questions bank.docx
ea24d4e08e-22,0,,List the page replacement algorithms and explain any one.,,midsem,pool,os questions bank /Classified OS Questions bank.docx
ea24d4e08e-23,0,,Explain the types of fragmentation and ways to reduce them.,,midsem,pool,os questions bank /Classified OS Questions bank.docx
ea24d4e08e-24,0,,Define and explain segmentation advantages,,midsem,pool,os questions bank /Classified OS Questions bank.docx
ea24d4e08e-25,0,,Explain the types of fragmentation and ways to reduce them.,,midsem,pool,os questions bank /Classified OS Questions bank.docx
ea24d4e08e-26,0,,"Explain the techniques of managing memory using first fit, best fit and worst fit with suitable example.",,midsem,pool,os questions bank /Classified OS Questions bank.docx
ea24d4e08e-27,0,,Explain the concept of segmentation.,,midsem,pool,os questions bank /Classified OS Questions bank.docx
ea24d4e08e-28,0,,Explain variable size partitioning with its advantages and drawbacks.,,midsem,pool,os questions bank /Classified OS Questions bank.docx
ea24d4e08e-29,0,,What is swapping? Explain it with suitable example,,midsem,pool,os questions bank /Classified OS Questions bank.docx
ea24d4e08e-30,0,,"How can the system distinguish between the pages that are in main memory from the pages that are on the disk?

Ans: The system uses valid-invalid bit is used. This bit is set to ""valid"" when the page in memory, while it is set to ""invalid"" when the page either not valid or is the page is valid but is on the disk, as in the following figure.",,midsem,pool,os questions bank /Classified OS Questions bank.docx
ea24d4e08e-31,0,,"What is the difference between paging and segmentation?

Solution :
Paging: It is generally a memory management technique that allows OS to retrieve processes from secondary storage into main memory. It is a non- contiguous allocation technique that divides each process in the form of pages.

Segmentation: It is generally a memory management technique that divides processes into modules and parts of different sizes. These parts and modules are known as segments that can be allocated to process.",,midsem,pool,os questions bank /Classified OS Questions bank.docx
ea24d4e08e-32,0,,"Consider a very simple file system for a tiny disk. Each sector on the disk holds 2 integers, and all data blocks, indirect blocks, and inodes are 1 disk sector in size (each contains 2 integers). All files stored on disk are interpreted as directories by the file system (there are no ""data files""). The file system defines the layout for the following data types on disk:

inode = 1 pointer to a data block + 1 pointer to indirect block

indirect block = 2 pointers to data blocks

directory = a regular file containing zero or morepairs of integers; the first integer of each pair is a file name and the second is the file's inumber

The value ""99"" signifies a null pointer when referring to a disk block address or directory name. An empty directory has one disk block with the contents ""99 99"". 
The inumber for root directory is ""/"" is 0.


The following data are stored on disk:



a. How many entries can appear in a maximum-sized directory? (Each entry is a pair of integers)
Solution: 3 ( one data block and two other data blocks pointed by the one indirect block)

b. List all directories stored on this disk (full path names) along with the names of the files stored in each directory.

Solution:


c.   Modify the above data structures to add an empty directory called ""87"" to    directory ""/""

Solution:",,midsem,pool,os questions bank /Classified OS Questions bank.docx
ea24d4e08e-33,0,,"What is the stratergy behind First Fit Method, is it faster than Best Fit ?",,midsem,pool,os questions bank /Classified OS Questions bank.docx
ea24d4e08e-34,0,,The breaking of physical memory in ......... blocks are called segments.,,midsem,pool,os questions bank /Classified OS Questions bank.docx
ea24d4e08e-35,0,,The base address of segment is 1000 and the offset is 4bytes what will be the physical address?,,midsem,pool,os questions bank /Classified OS Questions bank.docx
ea24d4e08e-36,0,,Why segmentaion may have external fragmentation and why paging doesn't?,,midsem,pool,os questions bank /Classified OS Questions bank.docx
ea24d4e08e-37,0,,"Given segments sizes which are free in continious patterns 10,12,14,18,16,5,25.
a) Find a place for 5kB in free segment using First-Fit.
b) Find a place for 16kB in free segment using Best-Fit.
c) Find a place for 7kB in free segment using First-Fit.
d) Find a place for 9kB in free segment using Worst-Fit.
e) Find a place for 11kB in free segment using Best-Fit.
f) Find a place for 4kB in free segment using Worst-Fit.",,midsem,pool,os questions bank /Classified OS Questions bank.docx
ea24d4e08e-38,0,,Given 20 milliseconds as the average page-fault service time and a memory access time is 75 nanosecond. What will be the Effective Access Time?,,midsem,pool,os questions bank /Classified OS Questions bank.docx
ea24d4e08e-39,0,,Which mapping is stored in Page Table?,,midsem,pool,os questions bank /Classified OS Questions bank.docx
ea24d4e08e-40,0,,"Assume that there is a main memory and the number of page frames are 6 and the following sequence of page references: 6,4,1,2,7,5,9,4,7,8,9,1,2,6.
a) With FIFO how many number of Page Faults will be there and what will be number of hits?
b) With LRU how many number of Page Faults will be there and what will be number of hits?",,midsem,pool,os questions bank /Classified OS Questions bank.docx
ea24d4e08e-41,0,,"What will be the number of page faults when the reference string is 7,5,1,2,4,7,5,2 and the number of frames are 5 when LRU is used?",,midsem,pool,os questions bank /Classified OS Questions bank.docx
ea24d4e08e-42,0,,"What will be the number of page faults when the reference string is 6,5,1,4,2,1,2 and the number of frames are 7 when FIFO is used?",,midsem,pool,os questions bank /Classified OS Questions bank.docx
ea24d4e08e-43,0,,State difference between Virtual Address and Physical Address.,,midsem,pool,os questions bank /Classified OS Questions bank.docx
ea24d4e08e-44,0,,"Given Page Size as 16 bytes, Offset Bits are 4 and Virtual Address requires 11 Bits, what are the number of pages?


Given Page Size as 1 KB, Offset Bits are 5 and VPN requires 11 Bits, what are the number of pages?


What will be the number of hits and miss when the reference string is 6,5,4,2,4,2,5 and the number of frames are 5 when FIFO is used?

When the Pages and Frames are used how the the address is used to find the page number and frame number ?


 
 Compare contiguous and non-contiguous memory allocation.

 Explain in brief about virtual memory.


 Explain paging with an example.

 Write all page replacement policies and explain about them.


 Calculate the number of page faults by using FIFO for page sequence 2,3,2,1,5,2,4,5,3,2,5. The number of frames for this question are 3

 
 What is the use of valid-invalid bits in Paging?

 What is swapping and what is its purpose?


 State all columns present in the page table.

 Disadvantages of dynamic relocation.",,midsem,pool,os questions bank /Classified OS Questions bank.docx
ea24d4e08e-45,0,,"Which one of the following statements about FIFO scheduling is true?
- It is a preemptive scheduling policy
- It reduces average turnaround time
- It reduces average response time
- It suffers from the “convoy” problem
- It is different from the FCFS policy",,midsem,pool,os questions bank /Classified OS Questions bank.docx
ea24d4e08e-46,0,,"Which one of the following is true about this approach?
- It enables sharing of code between processes
- It translates addresses more slowly than most other approaches
- It provides protection between processes
- It prevents internal fragmentation",,midsem,pool,os questions bank /Classified OS Questions bank.docx
ea24d4e08e-47,0,,"When allocating a physical page to a process, DOS selects a random free physical
page (instead of, for example, the first free one on a free list). This approach will:
- Make the page table larger..
- Make heap allocation fail more often.
- Make physical memory more fragmented externally.
- Slow down address translation.
- None of the above",,midsem,pool,os questions bank /Classified OS Questions bank.docx
ea24d4e08e-48,0,,"TLB is
- A memory to store page table entries
- A collection of base/bounds pairs to help segmentation work quickly
- An OS component to speed up translation
- A hardware feature that ensures fair use of memory
- An address-translation cache",,midsem,pool,os questions bank /Classified OS Questions bank.docx
ea24d4e08e-49,0,,"“Data is encoded on each surface in concentric circles of sectors; we call one such
concentric circle a ______.”
- platter
- surface
- track
- sector
- block",,midsem,pool,os questions bank /Classified OS Questions bank.docx
ea24d4e08e-50,0,,What is a base register for?,,midsem,pool,os questions bank /Classified OS Questions bank.docx
ea24d4e08e-51,0,,"What type of address is in the base register: physical, or virtual?",,midsem,pool,os questions bank /Classified OS Questions bank.docx
ea24d4e08e-52,0,,What is a bounds register for?,,midsem,pool,os questions bank /Classified OS Questions bank.docx
ea24d4e08e-53,0,,Why do we need more than one base/bounds register pair?,,midsem,pool,os questions bank /Classified OS Questions bank.docx
ea24d4e08e-54,0,,"State true or False.
a. The main reason to have a multi-level page table is to speed up address translation.
b. The main reason to have a hardware TLB is to speed up address translation.
c. Using a multi-level page table increases TLB hit time.
d. As the amount of addressable physical memory grows, the size of each page-table entry (PTE) must grow as well.
e. As the size of the virtual address space grows, the amount of space occupied by a linear page table also grows.
f. In a 2-level multi-level page table, each page directory entry should have a valid bit.",,midsem,pool,os questions bank /Classified OS Questions bank.docx
ea24d4e08e-55,0,,Name and describe two advantages that segmentation has over simple dynamic relocation,,midsem,pool,os questions bank /Classified OS Questions bank.docx
ea24d4e08e-56,0,,"In a traditional single-threaded process, What are the stack and heaP used for?",,midsem,pool,os questions bank /Classified OS Questions bank.docx
ea24d4e08e-57,0,,"What are conditions
- TLB Hit
- TLB Miss
- Page Fault",,midsem,pool,os questions bank /Classified OS Questions bank.docx
ea24d4e08e-58,0,,"State whether one level page table is sufficient for virtual to physical translation.
Provide a valid reason for the same.
Given:
 Virtual Address: 32bit
 Page size:1KB page size
Ans: No it is not possible to maintain a one level page table for virtual to physical translation
Reason: the large memory overhead in maintaining page tables
Explanation:
Size of page table =
(total number of page table entries) *(size of a page table entry)
Let us see how many entries are there in page table
Number of entries in page table =
(virtual address space size)/(page size)
= (2^32)/(2^10)
= 2^22
Now, let us see how big each entry is.
If size of physical memory is 512 MB then number of bits required to address a byte in 512
MB is 29. So, there will be (512MB)/(1KB) = (2^29)/(2^10) page frames in physical memory.
To address a page frame 19 bits are required. Therefore, each entry in page table is required
to have 19 bits.
Note that page table entry also holds auxiliary information about the page such
as a present bit, a dirty or modified bit, address space or process ID information,
amongst others. So size of page table
> (total number of page table entries) *(size of a page table entry)
> (2^22 *19) bytes
> 9.5 MB
And this much memory is required for each process because each process maintains its own
page table. Also, size of page table will be more for physical memory more than 512MB.
Therefore, it is advised to use multilevel page table for such scenarios.",,midsem,pool,os questions bank /Classified OS Questions bank.docx
ea24d4e08e-59,0,,"Given six memory partitions of 300 KB , 600 KB , 350 KB , 200 KB , 750 KB , and 125KB
(in order), how would the first-fit, best-fit, and worst-fit algorithms place processes ofsize
115 KB , 500 KB , 358 KB , 200 KB , and 375 KB (in order)

Ans:
In the First Fit algorithm the First available Memory is allotted to the Process.
In the Best Fit algorithm the Memory in which the least amount of size will be wasted or left
over willbe allotted.
In the Worst Case Algorithm the Largest Memory will be allotted.
Worst Fit Algorithm :115 KB is put in 750 KB partition, leaving (300 KB, 600 KB, 350 KB,200
KB, 635 KB, 125 KB)500 KB is put in 635 KB partition, leaving (300 KB, 600 KB, 350 KB,200 KB,
135 KB, 125 KB)358 KB is put in 600 KB partition, leaving (300 KB, 242 KB, 350 KB,200 KB,
135 KB, 125 KB)200 KB is put in 350 KB partition, leaving (300 KB, 242 KB, 150 KB,200 KB,
135 KB, 125 KB)375 KB has to wait as no space is available which is having 375KB of Free
Memory.
First Fit Algorithm :115 KB is put in 300 KB partition, leaving (185 KB, 600 KB, 350 KB,200 KB,
750 KB, 125 KB)500 KB is put in 600 KB partition, leaving (185 KB, 100 KB, 350 KB,200 KB,
750 KB, 125 KB)358 KB is put in 750 KB partition, leaving (185 KB, 100 KB, 350 KB,200 KB,
392 KB, 125 KB)200 KB is put in 350 KB partition, leaving (185 KB, 100 KB, 150 KB,200 KB,
392 KB, 125 KB)375 KB is put in 392 KB partition, leaving (185 KB, 100 KB, 150 KB,200 KB, 17
KB, 125 KB)
Best Fit Algorithm :115 KB is put in 125 KB partition, leaving (300 KB, 600 KB, 350 KB,200 KB,
750 KB, 10 KB)500 KB is put in 600 KB partition, leaving (300 KB, 100 KB, 350 KB,200 KB, 750
KB, 10 KB)358 KB is put in 750 KB partition, leaving (300 KB, 100 KB, 350 KB,200 KB, 392 KB,
10 KB)200 KB is put in 200 KB partition, leaving (300 KB, 100 KB, 350 KB, 0KB, 392 KB, 10
KB)375 KB is put in 392 KB partition, leaving (300 KB, 100 KB, 350 KB, 0KB, 17 KB, 10 KB)",,midsem,pool,os questions bank /Classified OS Questions bank.docx
ea24d4e08e-60,0,,"Find
a. How many bits are there in the logical address?
b. How many bits are there in the physical address?
Given: logical address space of 64 pages of
1,024 words each, mapped onto a physical memory of 32 frames.


Ans: Addressing within a 1024-word page requires 10 bits because 1024 = 210. Since the
logical address space consists of 64 = 26 pages, the logical addresses must be 10+6 = 16 bits.
Similarly, since there are 32 = 25 physical frames, physical addresses are 5 + 10 = 15 bits
long.",,midsem,pool,os questions bank /Classified OS Questions bank.docx
ea24d4e08e-61,0,,"Explain Belady’s Anomaly and also state the reasons behind Belady’s Anomaly?

Ans:
Belady’s Anomaly is the phenomenon of increasing the number of page faults on increasing
the number of frames in main memory.
Reason Behind Belady’s Anomaly-
An algorithm suffers from Belady’s Anomaly if and only if it does not follow stack property.
Algorithms that follow stack property are called as stack based algorithms. Stack based
algorithms do not suffer from Belady’s Anomaly. This is because these algorithms assign
priority to a page for replacement that is independent of the number of frames in the main
memory. Reason Behind Belady’s Anomaly-An algorithm suffers from Belady’s Anomaly if
and only if it does not follow stack property. Algorithms that follow stack property are called
as stack based algorithms. Stack based algorithms do not suffer from Belady’s Anomaly.
This is because these algorithms assign priority to a page for replacement that is
independent of the number of frames in the main memory.",,midsem,pool,os questions bank /Classified OS Questions bank.docx
ea24d4e08e-62,0,,"Race conditions are possible in many computer systems. Consider a banking system
that maintains an account balance with two functions: deposit(amount) and withdraw(amount). These two functions are passed the amount that is to be deposited or
withdrawn from the bank account balance. Assume that a husband and wife share a bank
account. Concurrently, the husband calls the withdraw() function, and the wife calls
deposit(). Describe how a race condition is possible and what might be done to prevent
the race condition from occurring


Ans:
Assume that the balance in the account is $250.00 and that the husband calls
withdraw($50) and the wife calls deposit($100). Obviously, the correct value should be
$300.00. Since these two transactions will be serialized, the local value of the balance for
the husband becomes $200.00, but before he can commit the transaction, the deposit(100)
operation takes place and updates the shared value of the balance to $300.00. We then
switch back to the husband, and the value of the shared balance is set to $200.00—
obviously an incorrect value",,midsem,pool,os questions bank /Classified OS Questions bank.docx
ea24d4e08e-63,0,,"Given that the time to service a page fault is on the average 10 milliseconds, while a
memory access takes 1 microsecond. Then a 99.99% hit ratio results in average memory
access time of 


Ans: Average memory access time =
[(% of page miss)*(time to service a page fault) +
(% of page hit)*(memory access time)]/100
(99.99*1 + 0.01*10*1000)/100 = (99.99+100)/1000 = 199.99/1000 =1.9999 μs",,midsem,pool,os questions bank /Classified OS Questions bank.docx
ea24d4e08e-64,0,,"Consider a counting semaphore S is initialized to 7. Then, 20 P operations and 15 V
operations are performed on S. What is the final value of S?

Ans:
Final value of semaphore variable S
= 7 – (20 x 1) + (15 x 1)
= 7 – 20 + 15
= 2",,midsem,pool,os questions bank /Classified OS Questions bank.docx
ea24d4e08e-65,0,,"Give a simple example of a page reference sequence where the first page selected for replacement will be different for the clock and LRU page replacement algorithms. Assume that a
process is allocated frames, and the reference string contains page numbers from the set 0,1,2,3",,midsem,pool,os questions bank /Classified OS Questions bank.docx
ea24d4e08e-66,0,,How does dynamic loading aid in better memory space utilization?,,midsem,pool,os questions bank /Classified OS Questions bank.docx
ea24d4e08e-67,0,,What is Cycle Stealing?,,midsem,pool,os questions bank /Classified OS Questions bank.docx
ea24d4e08e-68,0,,"What is the principle of locality. How is locality exploited with memory virtualisation. 

Ans: 
The principle of locality is the tendency of a processor to access same set of memory location over a short period of time. There are two types of locality of reference: 
a) Temporal locality 
b) Spatial locality 
So not complete code is needed at particular of time. This can be implemented using memory virtualisation.",,midsem,pool,os questions bank /Classified OS Questions bank.docx
ea24d4e08e-69,0,,"How does trap differ from interrupts? 

Ans: 

Traps are raised by user programs to perform some functionalities while interrupts are raised by hardware to perform immediate action. 
Trap triggers trap handler while interrupts triggers interrupt handlers. 
Traps may occur only at specific times(synchronous) while interrupts may occur at any time(asynchronous).",,midsem,pool,os questions bank /Classified OS Questions bank.docx
ea24d4e08e-70,0,,"Consider memory mapping using single level page table. Assuming that the required pages are in the memory.Which case is more feasible: 
A) Memory reference time => 150 ns with a 20 ns overhead on hit. Assuming a 90% TLB hit and 10% TLB miss. 
B) Memory reference time => 100 ns with a 40 ns overhead on hit. Assuming a 30% TLB hit and 70% TLB miss. 


Ans: 


A) effective mem access time = (150 + 20)*0.9 + (150 + 150)*0.1 = 183 
B)effective mem access time = (100 + 40)*0.3 + (100 + 100)*0.7 = 182 
B < A : B is more feasible situation.",,midsem,pool,os questions bank /Classified OS Questions bank.docx
ea24d4e08e-71,0,,"What is the purpose of valid, protection, dirty bits?",,midsem,pool,os questions bank /Classified OS Questions bank.docx
ea24d4e08e-72,0,,What happens as you increase the no of pages that are allocated in each address space?,,midsem,pool,os questions bank /Classified OS Questions bank.docx
ea24d4e08e-73,0,,Explain why Trashing occurs and how to avoid it?,,midsem,pool,os questions bank /Classified OS Questions bank.docx
ea24d4e08e-74,0,,"In paging,what happens if linear page table becomes too big? What can be the solutions possible to avoid this?",,midsem,pool,os questions bank /Classified OS Questions bank.docx
ea24d4e08e-75,0,,"Consider the Pages referenced by the CPU in the order are 6, 7, 8, 9, 6, 7, 1, 6, 7, 8, 9, 1.Do consider that there are 3 frames and perform replacement using FIFO,  LRU, Optimal page replacement. Which replacement policy works fine here in this case?

Fragmentation and Paging

QUESTION 1 DESIGNING A MULTI-LEVEL PAGE TABLE
Given a VAS of ‘v’ bit address, where size of physical memory is ‘m’ bytes, and a page size of ‘s’ bytes, calculate the number of levels required in a multi-level page table required to hold the mapping of pages. (consider additional ‘x’ bits required to store other information in a PTE - like valid bit, dirty bit, etc.)

Solution:

number of page frames (f) = m/s so, PFN bits = log2(f)
therefore, size of one PTE (e) = x+log2(f) bits = (x+log2(f))/8 bytes

max number of PTEs one page can hold = s/e = s/((x+log2(f))/8)
= 8s/(x+log2(f))

so, PT index bits = log2(max PTEs on a page) = log2(8s/(x+log2(f)))
= log2(8s/(x+log2(m/s)))	…since f = m/s now, offset = log2(s)
we have the total levels in a multi-level page table as (VAS bits - offset)/PT index bits


hence,

levels in multi-PT designed for given information =

𝑣 − 𝑙𝑜𝑔2(𝑠)
𝑙𝑜𝑔2(	8𝑠	)
(𝑥+𝑙𝑜𝑔2( 𝑚 ))",,midsem,pool,os questions bank /Classified OS Questions bank.docx
ea24d4e08e-76,0,,When will the page faults occur? What is the procedure for handling the page fault?,,midsem,pool,os questions bank /Classified OS Questions bank.docx
ea24d4e08e-77,0,,During defragmentation do we need to block all running processes to serve memory requests?,,midsem,pool,os questions bank /Classified OS Questions bank.docx
ea24d4e08e-78,0,,"How many page faults would occur for the FIFO page replacement algorithm , assuming three frames per page ? reference string 1 2 3 4 2 1 5 6 2 1 2 3 7 6 3 2 1 2 3",,midsem,pool,os questions bank /Classified OS Questions bank.docx
ea24d4e08e-79,0,,What are the pros and cons of choosing a small page size?,,midsem,pool,os questions bank /Classified OS Questions bank.docx
ea24d4e08e-80,0,,What are the pros and cons of choosing a large page size?,,midsem,pool,os questions bank /Classified OS Questions bank.docx
ea24d4e08e-81,0,,"Explain the FIFO , optimal and LRU page replacement algorithm , using following string using 3 frames. 7 0 1 2 0 3 0 4 2 3 1 0 3 1 2 4 1 2",,midsem,pool,os questions bank /Classified OS Questions bank.docx
ea24d4e08e-82,0,,What is the basic approach of page replacement?,,midsem,pool,os questions bank /Classified OS Questions bank.docx
ea24d4e08e-83,0,,What is Belady’s anomaly? In which algorithm does it occur?,,midsem,pool,os questions bank /Classified OS Questions bank.docx
ea24d4e08e-84,0,,"Count and demonstrate the number of page faults with number of frames 3 with the following strings
7 0 1 2 3 0 4 2 3 5 6 2 1 0 1 7 1",,midsem,pool,os questions bank /Classified OS Questions bank.docx
ea24d4e08e-85,0,,Explain with a suitable example how external fragmentation problem is avoided and internal fragmentation appears in paging?,,midsem,pool,os questions bank /Classified OS Questions bank.docx
ea24d4e08e-86,0,,What is basic method of segmentation?,,midsem,pool,os questions bank /Classified OS Questions bank.docx
ea24d4e08e-87,0,,"Is it possible for an address to be generate neither of the exceptions you listed in question 29,
but still generate a page fault? If so, how? If not, why not?",,midsem,pool,os questions bank /Classified OS Questions bank.docx
ea24d4e08e-88,0,,difference between paging and segmentation?,,midsem,pool,os questions bank /Classified OS Questions bank.docx
ea24d4e08e-89,0,,Difference between course segmentation and fine grained segmentation?,,midsem,pool,os questions bank /Classified OS Questions bank.docx
ea24d4e08e-90,0,,"Consider a simple system running a single process. The size of physical frames and logical pages is
16 bytes. The RAM can hold 3 physical frames. The virtual addresses of the process are 6 bits in size.
The program generates the following 20 virtual address references as it runs on the CPU: 0, 1, 20, 2,
20, 21, 32, 31, 0, 60, 0, 0, 16, 1, 17, 18, 32, 31, 0, 61. (Note: the 6-bit addresses are shown in decimal
here.) Assume that the physical frames in RAM are initially empty and do not map to any logical
page. (a) Translate the virtual addresses above to logical page numbers referenced by the process.
That is, write down the reference string of 20 page numbers corresponding to the virtual address
accesses above. Assume pages are numbered starting from 0, 1, ...
(b) Calculate the number of page faults genrated by the accesses above, assuming a FIFO page
replacement algorithm. You must also correctly point out which page accesses in the reference
string shown by you in part (a) are responsible for the page faults.
(c) Repeat (b) above for the LRU page replacement algorithm.
(d) What would be the lowest number of page faults achievable in this example, assuming an
optimal page replacement algorithm were to be used? Repeat (b) above for the optimal algorithm.",,midsem,pool,os questions bank /Classified OS Questions bank.docx
ea24d4e08e-91,0,,"Consider a system where each process has a virtual address space of 2 v bytes. The physical
address space of the system is 2 p bytes, and the page size is 2 k bytes. The size of each page table
entry is 2 e bytes. The system uses hierarchical paging with l levels of page tables, where the page
table entries in the last level point to the actual physical pages of the process. Assume l ≥ 2. Let v0
denote the number of (most significant) bits of the virtual address that are used as an index into the
outermost page table during address translation.
(a) What is the number of logical pages of a process?
(b) What is the number of physical frames in the system?
(c) What is the number of PTEs that can be stored in a page?
(d) How many pages are required to store the innermost PTEs?
(e) Derive an expression for l in terms of v, p, k, and e. (f) Derive an expression for v0 in terms of l, v,
p, k, and e.
(f) Derive an expression for v0 in terms of l, v, p, k, and e.",,midsem,pool,os questions bank /Classified OS Questions bank.docx
ea24d4e08e-92,0,,"Consider a system with 8-bit virtual and physical addresses, and 16 byte pages. A process in this
system has 4 logical pages, which are mapped to 3 physical pages in the following manner: logical
page 0 maps to physical page 6, 1 maps to 3, 2 maps to 11, and logical page 5 is not mapped to any
physical page yet. All the other pages in the virtual address space of the process are marked invalid
in the page table. The MMU is given a pointer to this page table for address translation. Further, the
MMU has a small TLB cache that stores two entries, for logical pages 0 and 2. For each virtual
address shown below, describe what happens when that address is accessed by the CPU.
Specifically, you must answer what happens at the TLB (hit or miss?), MMU (which page table entry
is accessed?), OS (is there a trap of any kind?), and the physical memory (which physical address is
accessed?). You may write the translated physical address in binary format. (Note that it is not
implied that the accesses below happen one after the other; you must solve each part of the
question independently using the information provided above.
(a) Virtual address 7
(b) Virtual address 20
(c) Virtual address 70
(d) Virtual address 80",,midsem,pool,os questions bank /Classified OS Questions bank.docx
ea24d4e08e-93,0,,"In a demand paging system, it is intuitively expected that increasing the number of physical
frames will naturally lead to a reduction in the rate of page faults. However, this intuition does not
hold for some page replacement policies. A replacement policy is said to suffer from Belady’s
anomaly if increasing the number of physical frames in the system can sometimes lead to an
increase in the number of page faults. Consider two page replacement policies studied in class: FIFO
and LRU. For each of these two policies, you must state if the policy can suffer from Belady’s
anomaly (yes/no). Further, if you answer yes, you must provide an example of the occurrence of the
anomaly, where increasing the number of physical frames actually leads to an increase in the
number of page faults. If you answer no, you must provide an explanation of why you think the
anomaly can never occur with this policy. Hint: you may consider the following example. A process
has 5 logical pages, and accesses them in this order: 1, 2, 3, 4, 1, 2, 5, 1, 2, 3, 4, 5. You may find this
scenario useful in finding an example of Belady’s anomaly. Of course, you may use any other
example as well.",,midsem,pool,os questions bank /Classified OS Questions bank.docx
ea24d4e08e-94,0,,"Given a system with four page frames, the following table indicates page, load time, last reference time.

Page             Load Time              Last Reference
0                      167                        374
1                      321                        321
2                      254                        306
3                       154                         331

Which pages will replace by using FIFO and LRU  respectively , when a new page will come?

a)3,0
b)1,0
c)3,2
d)1,2",,midsem,pool,os questions bank /Classified OS Questions bank.docx
ea24d4e08e-95,0,,"Consider  a paging system uses 1 level page table residing in  M/M and a TLB M/M
Access time 100 ns. TLB lookup takes 20 ns . Each page transfer takes 500 ns to /from disk.TLB hit ratio 95% , page fault  rate=10%. Assume that  for 20 %  of total  page fault ,a  dirty page has to be written back to disk before required page is read in from disk . TLB   upde time is negligible. Find the average memory access time?
Ans) 155",,midsem,pool,os questions bank /Classified OS Questions bank.docx
ea24d4e08e-96,0,,"Consider a process running on a system with a 52-bit CPU (i.e., virtual addresses are 48 bits in size). The system has a physical memory of 8GB. The page size in the system is 4KB, and the size of a page table entry is 4 bytes. The OS uses hierarchical paging. Which of the following statements is/are rue? You can assume 2 10 = 1K, 2 20 = 1M, and so on.
(a) We require a 4-level page table to keep track of the virtual address space of a process.
(b) We require a 5-level page table to keep track of the virtual address space of a process.
(c) The most significant 9 bits are used to index into the outermost page directory by the MMU
during address translation.
(d) The most significant 40 bits of a virtual address denote the page number, and the least significant
12 bits denote the offset within a page.",,midsem,pool,os questions bank /Classified OS Questions bank.docx
ea24d4e08e-97,0,,"Consider a system with paging-based memory management, whose architecture allows for a 4GB virtual address space for processes. The size of logical pages and physical frames is 4KB. The system has 8GB of physical RAM. The system allows a maximum of 1K (=1024) processes to runconcurrently. Assuming the OS uses hierarchical paging, calculate the maximum memory space required to store the page tables of all processes in the system. Assume that each page table entry requires an additional 10 bits (beyond the frame number) to store various flags. Assume page table entries are rounded up to the nearest byte. Consider the memory required for both outer and inner page tables in your calculations.",,midsem,pool,os questions bank /Classified OS Questions bank.docx
ea24d4e08e-98,0,,"A system has 32 bit Virtual adress and 8KB page size.main memory is 128 MB..the size of
page table, when page table ,when pt entry has 1 valid bit 1 modified bit and frame bits
is_____(MB)p.s what is frame bits..is it the frame entry size?",,midsem,pool,os questions bank /Classified OS Questions bank.docx
ea24d4e08e-99,0,,what are the problem with paging in os and does it necessary in OS?,,midsem,pool,os questions bank /Classified OS Questions bank.docx
ea24d4e08e-100,0,,"what are the types in paging? And is there in any disadvantes in paging?


Problem 27)

Consider the following page reference string: 7,2,3,1,2,5,3,4,6,7,7,1,0,5, 4,6,2,3,0,1. Assume demand paging with 3 frames, how many page faults would occur for the following replacement algorithms? i. LRU replacement 18 page faults ii. FIFO replacement 17 page faults iii. Optimal replacement 13 page faults

Problem28)

Consider a computer system with a 32-bit logical address and 4-KB page size. The system supports up to 512-MB of physical memory. i. How many entries will be there in a conventional single-level page table and inverted page table? 7 Entries in conventional single-level page table = 2 32 2 12 = 220 = 106 Entries in inverted page table = 2 29 2 12 = 217 = 128 × 103 ii. What will be the memory requirement for storing these tables? Memory for storing single-level page table = number of pages × number of bits for representing frame = 106 × 17bits = 106 × 3bytes = 3MB Memory for storing inverted page table = number of frames × number of bits for representing page = 128 × 103 × 20bits = 128 × 103 × 3bytes = 384KB iii. If a memory reference takes 50 nanoseconds, how long does a paged memory reference take in the context of conventional page table? Access time to a paged memory reference take in the context of conventional page table = 2 × memory access time = 2 × 50 = 100 ns iv. If we add TLBs, and 75% of all page-table references are found in the TLBs, what is the effective memory reference time? (Assume that finding a page-table entry in the TLBs takes 2 nanoseconds, if the entry is present.) Access time in the context of TLB + Page Table (TLB hit = 75% and TLB miss = 25%) = (0.75 × (50+2)) + (0.25×(2+50+50)) = 64.5 ns


Consider a user program of logical address of size 6 pages and page size is 4 bytes. The physical address contains 300 frames. The user program consists of 22 instructions a, b, c, . . . u, v . Each instruction takes 1 byte. Assume at that time the free frames are 7, 26, 52, 20, 55, 6, 18, 21, 70, and 90. Find the following?
A) Draw the logical and physical maps and page tables? B) Allocate each page in the corresponding frame? C) Find the physical addresses for the instructions m, d, v, r? D) Calculate the fragmentation if exist? 


Answer 

 Physical map The physical address = page size * frame number + offset The physical address of m = 4*20 +0 = 80 The physical address of d = 4*7+3 = 31 The physical address of v = 4* 6 +1 = 25 The physical address of r = 4*55+ 1= 221 The external fragmentation = 0 The internal fragmentation = 2",,midsem,pool,os questions bank /Classified OS Questions bank.docx
ea24d4e08e-101,0,,"Use the three initially empty frames in the following page reference. Using the FIFO technique, locate the page errors, where the page reference sequence: 7,0,1, 2,0,3,0,4,2,3,0,3,2,1,2,0,1,7,0,1?

The page fault=15.",,midsem,pool,os questions bank /Classified OS Questions bank.docx
ea24d4e08e-102,0,,"How does the system tell the difference between pages in main memory and pages on the disk?
Ans: The system uses valid-invalid bit is used. This bit is set to ""valid"" when the page in memory, while it set to ""invalid"" when the page either not valid or is the page is valid but is on the disk, as in the following figure.",,midsem,pool,os questions bank /Classified OS Questions bank.docx
ea24d4e08e-103,0,,"What is the difference between paging and segmentation?

Answer:

Paging: It is generally a memory management technique that allows OS to retrieve processes from secondary storage into main memory. It is a non-contiguous allocation technique that divides each process in the form of pages.
Segmentation: It is generally a memory management technique that divides processes into modules and parts of different sizes. These parts and modules are known as segments that can be allocated to process.",,midsem,pool,os questions bank /Classified OS Questions bank.docx
ea24d4e08e-104,0,,"Let us assume , a machine with a 32-bit virtual address space and 64 MB physical memory. What is the approximate size of the page table if the page size is 4KB? (We assume single level paging)
Ans. We know that :
No. of entries in page table = (Virtual address space size )/(page size) So,no. of entries =2^(32-12) =2^20
No. of bits required to address the given physical memory= 26 So, number of page frames =2^(26-12)= 2^14
Each page table entry will contain 14 bits address of the page frame and 1 bit for valid-invalid bit.
Page table entry =16bits = 2 bytes
Size of page table= (total no. of page table entries) *(size of a page table entry)
=(2^20 * 2) =2MB",,midsem,pool,os questions bank /Classified OS Questions bank.docx
ea24d4e08e-105,0,,"Why is paging used?
Ans. Accessing data more quickly can be accomplished through paging. Because the OS copies a set number of pages from the storage device into the main memory, each time a programme needs a page, it can find it there. Paging permits a process’s physical address space to be noncontiguous.",,midsem,pool,os questions bank /Classified OS Questions bank.docx
ea24d4e08e-106,0,,"Consider the following Page reference string 1,2,3,4,2,3,4,5,6,7,3,2,4.The number of page frames=4, calculate the page faults and the hit ratio for First In First Out Page replacement algorithm",,midsem,pool,os questions bank /Classified OS Questions bank.docx
ea24d4e08e-107,0,,"Consider page sequence 2,3,2,1,5,2,4,5,3,2,5,2 and discuss working of following page replacement policies. Also count page faults: (use no. of Frames=3)",,midsem,pool,os questions bank /Classified OS Questions bank.docx
ea24d4e08e-108,0,,"How logical address is converted into physical address by memory management unit? Explain it with example.


Problem-37

Suppose an average page fault service time is 10 milliseconds, while a memory access takes 1 microsecond. Then a 99.99% hit ratio results in average memory access time of            

Solution:

Average memory access time =
[ (% of page miss)*(time to service a page fault) + (% of page hit)*(memory access time) ]/100

So, average memory access time in microseconds is

(99.99 *1 + 0.01*10*1000)/100 = (99.99+100)/1000 = 199.99/1000 =1.9999 µs


Problem-38

Consider a user program of logical address of size 6 pages and page size is 4 bytes. The physical address contains 300 frames. The user program consists of 22 instructions a, b, c, . . . u, v . Each instruction takes 1 byte. Assume at that time the free frames are 7, 26, 52, 20, 55, 6, 18, 21, 70, and 90. Find the following?
Draw the logical and physical maps and page tables?
Allocate each page in the corresponding frame?
Find the physical addresses for the instructions m, d, v, r?
Calculate the fragmentation if exist?

Solution :




The physical address = page size * frame number + offset The physical address of m = 4*20 +0 = 80
The physical address of d = 4*7+3 = 31 The physical address of v = 4* 6 +1 = 25 The physical address of r = 4*55+ 1= 221 The external fragmentation = 0
The internal fragmentation = 2


Problem-39

Consider the following page reference using three frames that are initially empty. Find the page faults using LRU algorithm, where the page reference sequence: 7,0,1,2,0,3,0,4,2,3,0,3,2,1,2,0,1,7,0,1?

Solution :




Therefore total page faults = 12

Problem-40

A processor uses 36 bit physical addresses and 32 bit virtual addresses, with a page frame size of 4 Kbytes. Each page table entry is of size 4 bytes. A three level page table is used for virtual to physical address translation, where the virtual address is used as follows
Bits 30-31 are used to index into the first level page table
Bits 21-29 are used to index into the second level page table
Bits 12-20 are used to index into the third level page table, and
Bits 0-11 are used as offset within the page
The number of bits required for addressing the next level page table (or page frame) in the page table entry of the first, second and third level page tables are respectively
(A) 20, 20 and 20
(B) 24, 24 and 24
(C) 24, 24 and 20
(D) 25, 25 and 24
Solution :

Virtual address size = 32 bits Physical address size = 36 bits Physical memory size = 2^36 bytes
Page frame size = 4K bytes = 2^12 bytes
No. of bits required to access physical memory frame = 36 – 12 = 24 So in third level of page table, 24 bits are required to access an entry.
9 bits of virtual address are used to access second level page table entry and size of pages in second level is 4 bytes. So size of second level page table is (2^9)*4 = 2^11 bytes. It means there are (2^36)/(2^11) possible locations to store this page table. Therefore the second page table requires 25 bits to address it. Similarly, the third page table needs 25 bits to address it.",,midsem,pool,os questions bank /Classified OS Questions bank.docx
ea24d4e08e-109,0,,"A system has 32 bit Virtual address and 8KB page size.main memory is 128 MB..the size of page table, when page table ,when pt entry has 1 valid bit 1 modified bit and frame bits is	(MB)p.s what is frame bits..is it the frame entry size?

Ans: By default the address translation of logical (virtual address) into physical address is done by page table.
A physical memory (main memory) page is also known as frame..Hence number of frames in main memory will decide how many frame bits we require for each page table..In addition to this we can have other bits in each page table entry like valid bit to determine whether the referred page is in valid address space or not, then dirty bits , protection bits etc are also made part of page table entry sometimes..
But unless mentioned they are not included in page table entry.Only frame no is considered..

We know
Page table size = No of logical pages * Page table entry size(Frame bits + Valid bits + Modified bits)
So no of pages =	Virtual address space / Page size
=	232 / 213
=	219

No of frame bits = log2(No of frames)
= log2(227 / 213)
= 14 bits

In addition one valid and one modified bit So page table entry size = 16 bits = 2 B
So page table size	= No of pages * Page table entry size
= 220 B
= 1 MB
Hence size of page table required = 1 MB",,midsem,pool,os questions bank /Classified OS Questions bank.docx
ea24d4e08e-110,0,,"A processor uses 36 bit physical addresses and 32 bit virtual addresses, with a page frame size of 4 Kbytes. Each page table entry is of size 4 bytes. A three level page table is used for virtual to physical address translation, where the virtual address is used as follows
Bits 30-31 are used to index into the first level page table
Bits 21-29 are used to index into the second level page table
Bits 12-20 are used to index into the third level page table, and
Bits 0-11 are used as offset within the page
The number of bits required for addressing the next level page table (or page frame) in the page table entry of the first, second and third level page tables are?

Ans: 25,25,24
Virtual address size = 32 bits Physical address size = 36 bits Physical memory size = 2^36 bytes
Page frame size = 4K bytes = 2^12 bytes
No. of bits required to access physical memory frame = 36 – 12 = 24

So in the third level of the page table, 24 bits are required to access an entry.
9 bits of virtual address are used to access the second level page table entry and size of pages in the second level is 4 bytes. So size of second level page table is (2^9)*4 = 2^11 bytes. It means there are (2^36)/(2^11) possible locations to store this page table. Therefore the second page table requires 25 bits to address it.
Similarly, the third page table needs 25 bits to address it.",,midsem,pool,os questions bank /Classified OS Questions bank.docx
ea24d4e08e-111,0,,"Explain demand paging?

Ans: Demand paging is a method that loads pages into memory on demand. This method is mostly used in virtual memory. In this, a page is only brought into memory when a location on that particular page is referenced during execution.

The following steps are generally followed:

Attempt to access the page.
If the page is valid (in memory) then continue processing instructions as normal. If a page is invalid then a page-fault trap occurs.
Check if the memory reference is a valid reference to a location on secondary memory. If not, the process is terminated (illegal memory access). Otherwise, we have to page in the required page.
Schedule disk operation to read the desired page into main memory. Restart the instruction that was interrupted by the operating system trap",,midsem,pool,os questions bank /Classified OS Questions bank.docx
ea24d4e08e-112,0,,"List the steps needed to handle page fault.

Ans:
The memory address requested is first checked, to make sure it was a valid memory request.
If the reference was invalid, the process is terminated. Otherwise, the page must be paged in.
A free frame is located, possibly from a free-frame list.
A disk operation is scheduled to bring in the necessary page from disk.
( This will usually block the process on an I/O wait, allowing some other process to use the CPU in the meantime. )
When the I/O operation is complete, the process’s page table is updated with the new frame number, and the invalid bit is changed to indicate that this is now a
valid page reference.
The instruction that caused the page fault must now be restarted from the beginning, ( as soon as this process gets another turn on the CPU. )",,midsem,pool,os questions bank /Classified OS Questions bank.docx
ea24d4e08e-113,0,,"Consider a program consists of five segments: S0 = 600, S1 = 14 KB, S2= 100 KB, S3 =580 KB, and S4 = 96 KB. Assume at that time, the available free space partitions of memory are 1200–1805, 50 – 150, 220-234, and
2500-3180. Find the following: 1. Draw logical to physical maps and segment table? 2. Allocate space for each segment in memory? 3. Calculate the external fragmentation and the internal fragmentation? 4. What are the addresses in physical memory for the following logical addresses: 0.580, (b) 1.17 (c) 2.66 (d) 3.82 (e) 4.20?

Ans:





External fragmentation =0.
Internal fragmentation = (160-150) +(1805-1800) + (3180-3176)
= 10 + 5 + 4 = 19
Fragmentation = external fragmentation + internal fragmentation = 0 + 19 = 19",,midsem,pool,os questions bank /Classified OS Questions bank.docx
ea24d4e08e-114,0,,"The physical addresses are
a) 0.580the physical address of 0.580 = 1200+580 = 1780.",,midsem,pool,os questions bank /Classified OS Questions bank.docx
ea24d4e08e-115,0,,"17 because d > limit of S1, the address is wrong.",,midsem,pool,os questions bank /Classified OS Questions bank.docx
ea24d4e08e-116,0,,66 the physical address of 2.66= 50 + 66 = 116,,midsem,pool,os questions bank /Classified OS Questions bank.docx
ea24d4e08e-117,0,,"82 the physical address is of 3.82 is = 2500 + 82 = 2582
e) 4.20 the physical address 4.20 = 3080+20 = 3100",,midsem,pool,os questions bank /Classified OS Questions bank.docx
ea24d4e08e-118,0,,"Let us consider a 32-bit machine and subdivide the virtual address into 4 pieces as follows: 
8-bit 4-bit 8-bit 12-bit 
Assuming 3-level page table is employed, such that the first 8 bits are for the first level and so on. Physical addresses are 44 bits and there are 4 protection bits per page. Answer the following questions .",,midsem,pool,os questions bank /Classified OS Questions bank.docx
ea24d4e08e-119,0,,What is the page size in such a system?,,midsem,pool,os questions bank /Classified OS Questions bank.docx
ea24d4e08e-120,0,,How much memory is consumed by the page table and wasted by internal fragmentation for a process that has 64K of memory starting at address 0?,,midsem,pool,os questions bank /Classified OS Questions bank.docx
ea24d4e08e-121,0,,"How much memory is consumed by the page table and wasted by internal fragmentation for a process that has a code segment of 48K starting at address 0x1000000, a data segment of 600K starting at address 0x80000000 and a stack segment of 64K starting at address 0xf0000000 and growing upward (towards higher addresses)? 

Answer 1:",,midsem,pool,os questions bank /Classified OS Questions bank.docx
ea24d4e08e-122,0,64.0,"4K. The last 12 bits of the virtual address are the offset in a page, varying from 0 to 4095. So the page size is 4096, that is, 4K. 

Answer 2: 
2912 or 4224 bytes for page tables, 0 bytes for internal fragmentation. Using the subdivision above, the 1st level page table contains 256 entries, each entry pointing to a 2nd level page table. A 2nd level page table contains 16 entries, each entry pointing to a 3rd page table. A 3rd page table contains 256 entries, each entry pointing to a page. The process's address space consists of 16 pages, thus we need 1 third-level page table. Therefore we need 1 entry in a 2nd level page table, and one entry in the first level page table. Therefore the size is: 256 entries for the first table, 16 entries for the 2nd level page table, and 1 3rd level page table containing 256 entries. 
Since physical addresses are 44 bits and page size is 4K, the page frame number occupies 32 bits. Taking the 4 protection bits into account, each entry of the level-3 page table takes (32+4) = 36 bits. Rounding up to make entries byte (word) aligned would make each entry consume 40 (64) bits or 5 (8) bytes. For a 256 entry table, we need 1280 (2048) bytes. The top-level page table should not assume that 2nd level page tables are page-aligned. So, we store full physical addresses there. Fortunately, we do not need control bits. So, each entry is at least 44 bits (6 bytes for byte-aligned, 8 bytes for word-aligned). Each top-level page table is therefore 256*6 = 1536 bytes (256 * 8 = 2048 bytes). 
Trying to take advantage of the 256-entry alignment to reduce entry size is probably not worth the trouble. Doing so would be complex; you would need to write a new memory allocator that guarantees such alignment. Further, we cannot quite fit a table into a 1024-byte aligned region (44-10 = 34 bits per address, which would require more than 4 bytes per entry), and rounding the size up to the next power of 2 would not save us any size over just storing pointers and using the regular allocator. 
Similarly, each entry in the 2nd level page table is a 44-bit physical pointer, 6 bytes (8 bytes) when aligned to byte (word) alignment. A 16 entry table is therefore 96 (128) bytes. So the space required is 1536 (2048) bytes for the top-level page table + 96 (128) bytes for one second-level page table + 1280 (2048) bytes for one third-level page table = 2912 (4224) bytes. Since the process can fit exactly into 16 pages, there is no memory wasted by internal fragmentation. 

Answer 3: 
5664 or 8576 bytes for page tables, 0 bytes. First, the stack, data and code segments are at addresses that require having 3 page table entries active in the first level page table, so we have 3 second-level page tables. For 48K, you need 12 pages or 1 third-level page table; for 600K, you need 150 pages, or 1 third-level page table and for 64K you need 16 pages or 1 third-level page table. 
So the space required is 1536 (2048) bytes for the top level page table + 3 * 96 (3 * 128) bytes for 3 second-level page tables + 3 * 1280 (3 * 2048) for 3 third-level page table = 5664 (8576) bytes. 
As the code, data, stack segment of the process fits exactly into 12, 150, 16 pages respectively, there is no memory wasted by internal fragmentation.",,midsem,pool,os questions bank /Classified OS Questions bank.docx
ea24d4e08e-123,0,,"Consider a two level paging scheme. The page size is 4 KB and page table entry size is 4 bytes. The size of outer page table is 4 KB. Give the division of virtual address space. 

Sol: Given- 
• Page size = 4 KB 
• Page table entry size = 4 bytes 
• Page table size = 4 KB 

Let the number of bits in virtual address = n bits



 Number of Bits in Page Offset- 
We have, 
Page size 
= 4 KB 
= 212 B 
Thus, Number of bits in page offset = 12 bits

Process Size- 
Number of bits in virtual address = n bits 
Thus, 
Process size = 2n bytes 

Number of Pages of Process- 
Number of pages the process is divided 
= Process size / Page size 
= 2n B / 4 KB 
= 2n B / 212 B 
= 2n-12 pages

Inner Page Table Size- 
Inner page table keeps track of the frames storing the pages of process. 
Inner page table size 
= Number of entries in inner page table x Page table entry size 
= Number of pages the process is divided x Page table entry size 
= 2n-12 x 4 bytes 
= 2n-12+2 bytes 
= 2n-10 bytes 

Number of Pages of Inner Page Table- 
Number of pages the inner page table is divided 
= Inner page table size / Page size 
= 2n-10 B / 4 KB 
= 2n-10 B / 212 B 
= 2n-22 pages  
= 2n-10-12 

Now, these 2n-22 pages of inner page table are stored in different frames of the main memory. 

Number of Page Table Entries in One Page of Inner Page Table- 
Number of page table entries in one page of inner page table 
= Page size / Page table entry size 
= 4 KB / 4 bytes 
= 1 K 
= 210 entries 

Number of Bits Required to Search an Entry in One Page of Inner Page Table- 
One page of inner page table contains 210 entries. 
Thus, 
Number of bits required to search a particular entry in one page of inner page table = 10 bits 



Outer Page Table Size- 
Outer page table is required to keep track of the frames storing the pages of inner page table. 
Outer page table size 
= Number of entries in outer page table x Page table entry size 
= Number of pages the inner page table is divided x Page table entry size 
= 2n-22 x 4 bytes 
= 2n-22+2 bytes 
= 2n-20 bytes 
But we are given outer page table size = 4 KB 
Thus, 
2n-20 bytes = 4 KB 
2n-20 = 212 
n – 20 = 12 
∴ n = 32 
Thus, number of bits in virtual address = 32 bits 





Number of Bits Required to Search an Entry in Outer Page Table- 
Method-01: 
Number of bits required to search a particular entry in outer page table 
= Number of bits in virtual address – (Number of bits required to search an entry in inner page table + Number of bits in page offset) 
= 32 bits – (10 bits + 12 bits) 
= 32 bits – 22 bitS
= 10 bits 

Method-02: 
Number of entries in outer page table 
= Number of pages the inner page table is divided 
= 2n-22 
= 232-22 
= 210 
Thus, Number of bits required to search a particular entry in outer page table = 10 bits",,midsem,pool,os questions bank /Classified OS Questions bank.docx
ea24d4e08e-124,0,,"Consider a three level paging scheme. The page size is 4 KB and page table entry size is 4 bytes. The size of outermost page table is 4 KB. Give the division of virtual address space. 

Sol:Consider a three level paging scheme. The page size is 4 KB and page table entry size is 4 bytes. The size of outermost page table is 4 KB. Give the division of virtual address space. 
Solution- 
Given- 
• Page size = 4 KB 
• Page table entry size = 4 bytes 
• Page table size = 4 KB 

Let the number of bits in virtual address = n bits

Number of Bits in Page Offset- 
We have, 
Page size 
= 4 KB 
= 212 B 
Thus, Number of bits in page offset = 12 bits


Process Size- 
Number of bits in virtual address = n bits 
Thus, 
Process size = 2n bytes 
Number of Pages of Process- 
Number of pages the process is divided 
= Process size / Page size 
= 2n B / 4 KB 
= 2n B / 212 B 
= 2n-12 pages 

Inner Page Table Size- 
Inner page table keeps track of the frames storing the pages of process. 
Inner page table size 
= Number of entries in inner page table x Page table entry size 
= Number of pages the process is divided x Page table entry size 
= 2n-12 x 4 bytes 
= 2n-12+2 bytes 
= 2n-10 bytes 
Number of Pages of Inner Page Table- 
Number of pages the inner page table is divided 
= Inner page table size / Page size 
= 2n-10 B / 4 KB 
= 2n-10 B / 212 B 
= 2n-10-12 
= 2n-22 pages 

Now, these 2n-22 pages of inner page table are stored in different frames of the main memory. 
Number of Page Table Entries in One Page of Inner Page Table- 
Number of page table entries in one page of inner page table 
= Page size / Page table entry size 

Outer Page Table-1 Size- 
Outer page table-1 is required to keep track of the frames storing the pages of inner page table. 
Outer page table-1 size 
= Number of entries in outer page table-1 x Page table entry size 
= Number of pages the inner page table is divided x Page table entry size 
= 2n-22 x 4 bytes 
= 2n-22+2 bytes 
= 2n-20 bytes 

Number of Pages of Outer Page Table-1 
Number of pages the outer page table-1 is divided 
= 4 KB / 4 bytes 
= 1 K 
= 210 entries 
Number of Bits Required to Search an Entry in One Page of Inner Page Table- 
One page of inner page table contains 210 entries. 
Thus, number of bits required to search a particular entry in one page of inner page table = 10 bits   = Outer page table-1 size / Page size 
= 2n-20 B / 4 KB 
= 2n-20 B / 212 B 
= 2n-20-12 
= 2n-32 pages 

Now, these 2n-32 pages of outer page table-1 are stored in different frames of the main memory. 

Number of Page Table Entries in One Page of Outer Page Table-1 
Number of page table entries in one page of outer page table-1 
= Page size / Page table entry size 
= 4 KB / 4 bytes 
= 1 K 
= 210 entries 

Number of Bits Required to Search an Entry in One Page of Outer Page Table-1 
One page of outer page table-1 contains 210 entries. 
Thus, 
Number of bits required to search a particular entry in one page of outer page table-1 = 10 bits 




Outer Page Table-2 Size- 
Outer page table-2 is required to keep track of the frames storing the pages of outer page table-1. 
Outer page table-2 size 
= Number of entries in outer page table-2 x Page table entry size 
= Number of pages the outer page table-1 is divided x Page table entry size 
= 2n-32 x 4 bytes 
= 2n-32+2 bytes 
= 2n-30 bytes 
But we are given outermost page table size = 4 KB 
Thus, 
2n-30 bytes = 4 KB 
2n-30 = 212 
n – 30 = 12 
∴ n = 42 
Thus, number of bits in virtual address = 42 bits



Number of Bits Required to Search an Entry in Outer Page Table-2 

Method-01: 
Number of bits required to search a particular entry in outer page table-2 
= Number of bits in virtual address – (Number of bits required to search an entry in outer page table-1 + Number of bits required to search an entry in inner page table + Number of bits in page offset) 
= 42 bits – (10 bits + 10 bits + 12 bits) 
= 42 bits – 32 bits 
= 10 bits 

Method-02: 
Number of entries in outer page table-2 
= Number of pages the outer page table-1 is divided 
= 2n-32 
= 242-32 
= 210 
Thus, Number of bits required to search a particular entry in outer page table-2 = 10 bits",,midsem,pool,os questions bank /Classified OS Questions bank.docx
ea24d4e08e-125,0,,": Calculate the number of address bits, if the memory has a size of 16 GB. Assume the memory is 4-byte addressable. 
Sol: If the given address consists of ‘k’ bits, then 2k locations are possible. 
Size of memory = 2k x Size of one location. 
Given that the size of memory is 16 GB. (16 GB = 234 B) 
2k x 4 = 234 
2k = 234 / 22 (∵ 22 = 4)
 2k = 232 

∴ k = 32 bits",,midsem,pool,os questions bank /Classified OS Questions bank.docx
ea24d4e08e-126,0,,"State the major difference between External and Internal Fragmenetaion, give examples in which these type of Fragmentaion is shown.",,midsem,pool,os questions bank /Classified OS Questions bank.docx
ea24d4e08e-127,0,,What is fragmentation? Explain types of fragmentations with suitable examples.,,midsem,pool,os questions bank /Classified OS Questions bank.docx
ea24d4e08e-128,0,,Explain segmentation with example,,midsem,pool,os questions bank /Classified OS Questions bank.docx
ea24d4e08e-129,0,1.0,"What are the problems in paging that lead to segmentation and what are still persisting even if we use segmentation?

Process Synchronisation

QUESTION 1

CAR DEALERSHIP

A typical car dealership sells and orders cars based on their stock. Once a delaership runs out of cars, it is time to order some cars from the inventory of the car manufacturer, which itself churns out a specific number of cars (a figure predefined based on some
supply-demand statistics by a bunch of “has-been” MBA graduates). Your job is to implement a rough algorithm that will oversee this. To keep things simple, we will sell only a generic car model across ‘x’ dealerships...a weird car brand some might say!

Given:
n = dealership stock m = inventory capacity

Solution:

int dealers = x;

sem_t fullStock[x] = {n} // array of sem init to max cars in stock sem_t emptyStock[x] = {0}

sem_t fullInventory = {m} // sem init to max inventory size sem_t emptyInventory

num_cars[x] = {n}; tot_cars = m;

buyCars(int c, int d) // c = number of cars customer wants to buy
// d = car dealership number
{
for(i = 0; i < c; i++)
{
sem_wait(&fullStock[d]); sem_wait(&buyerMutex);
purchase(); // complete the purchase of a car num_cars[x]--;
sem_post(&buyerMutex); sem_post(&emptyStock[d]);
}
}

dealer(int d)

{
while(1)
{
sem_wait(&emptyStock[d]); sem_wait(&buyerMutex); if(d_cars[d] == 0)
getCars(d); sem_post(&buyerMutex)
// we post on sem fullStock n times to make sure the semantics of our sem (range n) is not violated
for(i = 0; i < n; i++)
{
sem_post(&fullStock[d]);
}
}
}
getCars(int d)
{
for(i = 0; i < n; i++)
{
sem_wait(&fullInventory); sem_wait(&sellerMutex); tot_cars --;
num_cars[d] ++; sem_post(&sellerMutex); sem_post(&emptyInventory);
}
}
manufacturer()
{
while(1)
{
sem_wait(&emptyInventory); sem_wait(&sellerMutex);
if (tot_cars == 0)
tot_cars += m; // add m cars to inventory sem_post(&sellerMutex);
// we post on sem fullInventory m times to make sure the semantics of our sem (range m) is not violated
for(i = 0; i < m; i++)
{
sem_post(&fullInventory);
}
}",,midsem,pool,os questions bank /Classified OS Questions bank.docx
ea24d4e08e-130,0,,What is the low level code logic behind the Test and Set atomic implementation Using hardware support?,,midsem,pool,os questions bank /Classified OS Questions bank.docx
ea24d4e08e-131,0,,How is the lock held by the next thread when unpark(tid) system call is used ?,,midsem,pool,os questions bank /Classified OS Questions bank.docx
ea24d4e08e-132,0,,Write implementation of spin lock using compare and swap instruction.,,midsem,pool,os questions bank /Classified OS Questions bank.docx
ea24d4e08e-133,0,,What is the solution for race condition.,,midsem,pool,os questions bank /Classified OS Questions bank.docx
ea24d4e08e-134,0,,What are critical regions? Explain semaphores with example,,midsem,pool,os questions bank /Classified OS Questions bank.docx
ea24d4e08e-135,0,,Explain spin locks in the context of semaphore .what is solution for race condition?,,midsem,pool,os questions bank /Classified OS Questions bank.docx
ea24d4e08e-136,0,,. Semophore itself is a critical section problem .how this can we manage in uniprocessor and multiprocessor condition?,,midsem,pool,os questions bank /Classified OS Questions bank.docx
ea24d4e08e-137,0,,Describe the classical synchronization problem and solutions for readers writers problem.,,midsem,pool,os questions bank /Classified OS Questions bank.docx
ea24d4e08e-138,0,,What is race condition ? why hardware solution of critical section synchronization problem needed?,,midsem,pool,os questions bank /Classified OS Questions bank.docx
ea24d4e08e-139,0,,What is solution for race condition?,,midsem,pool,os questions bank /Classified OS Questions bank.docx
ea24d4e08e-140,0,,Explain producer consumer problem.,,midsem,pool,os questions bank /Classified OS Questions bank.docx
ea24d4e08e-141,0,,Write on Condition Variables.,,midsem,pool,os questions bank /Classified OS Questions bank.docx
ea24d4e08e-142,0,,"While handling a large data structure in a critical section , using a local is efficient or there is any other mechanism to be followed to avoid data race conditions?",,midsem,pool,os questions bank /Classified OS Questions bank.docx
ea24d4e08e-143,0,,"What happens if a consumer thread in a waiting queue does not respond to the wake signal given by producer thread , is that thread or next thread gets removed from that waiting queue or not?",,midsem,pool,os questions bank /Classified OS Questions bank.docx
ea24d4e08e-144,0,,What happens if we get into the situation of data race in the lock mechanism itself?,,midsem,pool,os questions bank /Classified OS Questions bank.docx
ea24d4e08e-145,0,,"Consider the following scenario. A town has a very popular restaurant. The restaurant can hold N diners. The number of people in the town who wish to eat at the restaurant, and are waiting outside its doors, is much larger than N. The restaurant runs its service in the following manner. Whenever it is ready for service, it opens its front door and waits for diners to come in. Once N diners enter, it closes its front door and proceeds to serve these diners. Once service finishes, the backdoor is opened and the diners are let out through the backdoor. Once all diners have exited, another batch of N diners is admitted again through the front door. This process continues indefinitey. The restaurant does not mind if the same diner is part of multiple batches. We model the diners and the restaurant as threads in a multithreaded program. The threads must be synchronized as follows. A diner cannot enter until the restaurant has opened its front door to let people in. The restaurant
cannot start service until N diners have come in. The diners cannot exit until the back door is open.
The restaurant cannot close the backdoor and prepare for the next batch until all the diners of the
previous batch have left. Below is given unsynchronized pseudocode for the diner and restaurant
threads. Your task is to complete the code such that the threads work as desired. Please write down
the complete synchronized code of each thread in your solution. You are given the following
variables (semaphores and initial values, integers) to use in your solution. The names of the variables
must give you a clue about their possible usage. You must not use any other variable in your
solution. sem (init to 0): entering_diners, exiting_diners, enter_done, exit_done sem (init to 1):
mutex_enter, mutex_exit Integer counters (init to 0): count_enter, count_exit All changes to the
counters and other variables must be done by you in your solution. None of the actions performed
by the unsynchronized code below will modify any of the variables above.
(a) Unsynchronized code for the restaurant thread is given below. Add suitable synchronization in
your solution in between these actions of the restaurant. openFrontDoor() closeFrontDoor()
serveFood() openBackDoor() closeBackDoor()
(b) Unsynchronized code for the diner thread is given below. Add suitable synchronization in your
solution around these actions of the diner. enterRestaurant() eat() exitRestaurant()",,midsem,pool,os questions bank /Classified OS Questions bank.docx
ea24d4e08e-146,0,,"Consider two processes P1 and P2  executing their respective codes. Initial value of global variables P1 and P2 inside are “False”.

P1
While(TRUE)
{
     While(P1 inside);
      P1 inside= true;
        C.S.     //Critical Section
     P1 inside=false;

}

P2
While(TRUE)
{
     While(P2 inside);
      P2 inside= true;
        C.S.      //Critical Section
     P2  inside=false;

}


Consider the below statements:",,midsem,pool,os questions bank /Classified OS Questions bank.docx
ea24d4e08e-147,0,,Mutual Exclusion is satisfied .,,midsem,pool,os questions bank /Classified OS Questions bank.docx
ea24d4e08e-148,0,,Mutual Exclusion is not satisfied,,midsem,pool,os questions bank /Classified OS Questions bank.docx
ea24d4e08e-149,0,1.0,"It is possible for deadlock.
Which of the above are True?
a)Only 1
b)Only 2
c)Only 1 and 3
d)Only  2 and 3

Answer)b


QQ2.  A shared  variable x, initialized to zero is operated by four processes W,X,Y,Z. Process W and X increment x by one , while process Y,Z decrement  x by two. Each process before  reading perform ‘wait’ on a semaphore  ‘S’ and signal on ‘S’ after store if semaphore  ‘S’ is initialized to two. Find what is the maximum possible value of  x after all processes complete execution ?

a)-2
b) -1
c) 1
d) 2

Answer) d

QQ3.  Suppose we want to synchronize two processes P and Q  using binary semaphores  S,T.

Process P
While(1)
{
	W
             Print ‘0’
             Print ‘0’
              X
}

Process Q
While(1)
{
	Y
             Print ‘1’
             Print ‘1’
              Z
}
Output String should be like: ‘001100110011’
Which option is correct?
                 W            X                 Y                  Z
P(S)        V(S)             P(T)              V(T)           S,T=1
P(S)        V(T)             P(T)              V(S)           S=1,T=0
P(S)        V(T)             P(T)              V(S) 	  S,T=1
P(S)        V(S)             P(T)              V(T)           S=1,T=0



Ans) c",,midsem,pool,os questions bank /Classified OS Questions bank.docx
ea24d4e08e-150,0,,What is the role of critical section in process synchronization?,,midsem,pool,os questions bank /Classified OS Questions bank.docx
ea24d4e08e-151,0,,What are the operations available in semaphores?Which kind of problem can be solved using semaphores?,,midsem,pool,os questions bank /Classified OS Questions bank.docx
ea24d4e08e-152,0,,"The atomic fetch-and-set x, y instruction retrieves the previous value of x from y and unconditionally sets the memory location x to 1 without allowing any other access during the process. Take into account the following binary semaphore implementation of the P and V functions.
AcquireLock(L){
 	while (Fetch_And_Add(L,1))
 	L = 1;
   }
  ReleaseLock(L){
 	L = 0;
   }This implementation (A) fails as L can overflow
fails as L can take on a non-zero value when the lock is actually available
works correctly but may starve some processes (D) works correctly without starvation

Answer (B)
Take closer look the below while loop. while (Fetch_And_Add(L,1))
L = 1; // A waiting process can be here just after
// the lock is released, and can make L = 1.
Consider a situation where a process has just released the lock and made L = 0. Let there be one more process waiting for the lock, means executing the AcquireLock() function. Just after the L was made 0, let the waiting processes executed the line L = 1. Now, the lock is available and L = 1. Since L is 1, the waiting process (and any other future coming processes) can not come out of the while loop.
The above problem can be resolved by changing the AcuireLock() to following. AcquireLock(L){
while (Fetch_And_Add(L,1))
{ // Do Nothing }

}",,midsem,pool,os questions bank /Classified OS Questions bank.docx
ea24d4e08e-153,0,,"The atomic fetch-and-set x, y instruction fetches the previous value of x from y and unconditionally sets the memory location x to 1 without allowing any other access during the process. Take into account the following binary semaphore implementation of the P and V functions.
void P (binary_semaphore *s) { unsigned y;
unsigned *x = &(s->value); do {
fetch-and-set x, y;
} while (y);

}

void V (binary_semaphore *s) { S->value = 0;
} The implementation may not work if context switching is disabled in P.Explain?


Let us talk about the operation P(). It stores the value of s in x, then it fetches the old value of x, stores it in y and sets x as 1. The while loop of a process will continue forever if some other process doesn’t execute V() and sets the value of s as 0. If context switching is disabled in P, the while loop will run forever as no other process will be able to execute V().",,midsem,pool,os questions bank /Classified OS Questions bank.docx
ea24d4e08e-154,0,,"ssume P1 is one of n processes. Pn can reserve and release one resource unit at a time from a pool of m identical ones that they share. The maximum resource requirement of process Pi is Si, where Si > 0.
Which of the following is a necessary condition to prevent deadlock from happening?
Answer (c)
In the extreme condition, all processes acquire Si-1 resources and need 1 more resource. So following condition must be true to make sure that deadlock never occurs.
summation of (Si-1) from i=1 to n < m
The above expression can be written as following. summation of (Si) from i=1 to n < (m + n)",,midsem,pool,os questions bank /Classified OS Questions bank.docx
ea24d4e08e-155,0,,"What conditions must be met in order to solve the critical-section problem?
Answer: The requirements are: 1. Mutual exclusion. If process Pi is executing in its critical section, then no other processes can be executing in their critical section. 2. Progress. If no process is executing in its critical section and some processes wish to enter their critical section, then only those processes that are not executing in their remainder sections can participate in the decision on which will enter its CS next, and this selection cannot be postponed indefinitely. (No process should have to wait forever to enter its critical section. 3. Bounded waiting. There exists a bound, or limit, on the number of times that other processes are allowed to enter their critical sections after a process has made a request to enter its critical section and before that request is granted.",,midsem,pool,os questions bank /Classified OS Questions bank.docx
ea24d4e08e-156,0,,"The P and V operations on counting semaphores are defined as 

 P(s): s = s-1;
if s < 0 then wait; V(s) : s = s-1;
ifs <= 0 then wakeup a process waiting on s;
Assume that Pb and Vb the wait and signal opeíations on binaíy semaphoíes aíe píovided. ľwo binaíy semaphoíes Xb and Yb aíe used to implement the semaphoíe opeíations P(s) and V(s) as follows:

P(s): Pb (Xb);
S = s - 1;
if(s < 0){
Vb(Xb);
Pb(Yb);
}
Else Vb (Xb); V(s): Pb (Xb);
S = s + 1;
if(s <= 0) Vb(Yb); Vb(Xb);
ľhe initial values of Xb and Yb aíe íespectively?
Ans: Explanation: Suppose Xb = 0, then because of P(s): Pb(Xb) opeíation, Xb will be
-1 and píocess will get blocked as it will enteí into waiting section.


So, Xb will be one.


Suppose s=2(means 2 píocess aíe accessing shaíed íesouíce), taking Xb as 1,


fiíst P(s): Pb(Xb) opeíation will make Xb as zeío. s will be 1 and ľhen Vb(Xb) opeíation will be executed which will incíease the count of Xb as one. ľhen same píocess will be íepeated making Xb as one and s as zeío.


Now suppose one moíe píocess comes, then Xb will be 0 but s will be -1 which will make this píocess go into loop (s <0) and will íesult into calling Vb(Xb) and Pb(Yb) opeíations. Vb(Xb) will íesult into Xb as 1 and Pb(Yb) will íesult into decíementing the value of Yb.
case 1: if Yb has value as 0, it will be -1 and it will go into waiting and will be blocked.total 2 píocess will access shaíed íesouíce (accoíding to counting 
semaphoíe, max 3 píocess can access shaíed íesouíce) and value of s is -1 means only 1 píocess will be waiting foí íesouíces and just now, one píocess got blocked. So it is still tíue.


case 2: if Yb has value as 1, it will be 0. ľotal 3 píocess will access shaíed íesouíce (accoíding to counting semaphoíe, max 2 píocess can access shaíed íesouíce) and value of s is -1 means only 1 píocess will be waiting foí íesouíces and but theíe is no píocess waiting foí íesouíces.So it is false.",,midsem,pool,os questions bank /Classified OS Questions bank.docx
ea24d4e08e-157,0,,"A cíucial section of code must be accessed by two píocesses, P1 and P2. ľhink about the píocesses' use of the following synchíonisation   constíuct:
/* P1 */ while(true){ want s1=true;
while(wants2 == true){
/* Critical Section */
wants1 = false;
}
/* Reminder Section */
}
/* P2 */ while(true){ want s2=true;
while(wants1 == true){
/* Critical Section */
Wants2 = false;
}
/* Reminder Section */
}
Heíe wants1 and wants2 aíe shaíed vaíiables, which aíe initialized to false. Which one of the following statements is ľRUE about the above constíuct?
It does not ensure mutual exclusion.
It does not ensure bounded waiting.
It requires that processes enter the critical section in strict alternation.
It does not prevent deadlocks, but ensures mutual exclusion. Answer: (D)

Explanation:
Bounded waiting :There exists a bound, or limit, on the number of times other processes are allowed to enter their critical sections after a process has made request to enter its critical section and before that request is granted.

mutual exclusion prevents simultaneous access to a shared resource. This concept is used in concurrent programming with a critical section, a piece of code in which processes or threads access a shared resource.",,midsem,pool,os questions bank /Classified OS Questions bank.docx
ea24d4e08e-158,0,,"what is Process Synchronization and what is the need for it?
Ans-> when multiple processes execute concurrently sharing system resources, then inconsistent results might be produced. Process Synchronization is a mechanism that deals with the synchronization of processes. It controls the execution of processes running concurrently to ensure that consistent results are produced.
Process synchronization is needed-
When multiple processes execute concurrently sharing some system resources.
To avoid the inconsistent results.",,midsem,pool,os questions bank /Classified OS Questions bank.docx
ea24d4e08e-159,0,1.0,"onsider two processes P1 and P2 are executing concurrently. Both the processes share a common variable named “count” having initial value = 5. Process P1 tries to increment the value of count. Process P2 tries to decrement the value of count. What are the possible values of count?
Ans-> In assembly language, the increment instruction may be written as-
LOAD
INCREMENT
STORE
Case-01: The execution order of the instructions may be- P1(1), P1(2), P1(3), P2(1), P2(2), P2(3)
In this case, Final value of count = 5
Case-02: The execution order of the instructions may be- P2(1), P2(2), P2(3), P1(1), P1(2), P1(3)
In this case, Final value of count = 5
Case-03: The execution order of the instructions may be- P1(1), P2(1), P2(2), P2(3), P1(2), P1(3)
In this case, Final value of count = 6
Case-04: The execution order of the instructions may be- P2(1), P1(1), P1(2), P1(3), P2(2), P2(3)
In this case, Final value of count = 4
Case-05: The execution order of the instructions may be- P1(1), P1(2), P2(1), P2(2), P1(3), P2(3)
In this case, Final value of count = 4",,midsem,pool,os questions bank /Classified OS Questions bank.docx
ea24d4e08e-160,0,1.0,"he following two functions P1 and P2 that share a variable B with an initial value of 2 execute concurrently-
P1(){ C=B-1; B=2*C;
} P2(){
D=2*B;
B=D-1;
}
What are the distinct values of B?
Ans-> Case-01: The execution order of the instructions may be- P1(1), P1(2), P2(1), P2(2)
In this case, Final value of B = 3
Case-02: The execution order of the instructions may be- P2(1), P2(2), P1(1), P1(2)
In this case, Final value of B = 4
Case-03:The execution order of the instructions may be- P1(1), P2(1), P2(2), P1(2)
In this case, Final value of B = 2
Case-04: The execution order of the instructions may be- P2(1), P1(1), P1(2), P2(2)
In this case, Final value of B = 3

Case-05: The execution order of the instructions may be- P1(1), P2(1), P1(2), P2(2)
In this case, Final value of B = 3
Case-06: The execution order of the instructions may be- P2(1), P1(1), P2(2), P1(2)
In this case, Final value of B = 2
From here, Distinct values that may be produced are 2, 3 and 4. Therefore, Number of distinct values that may be produced = 3",,midsem,pool,os questions bank /Classified OS Questions bank.docx
ea24d4e08e-161,0,,"In the following code,

pthread_mutex_t lock = PTHREAD_MUTEX_INITIALIZER; pthread_cond_t init = PTHREAD_COND_INITIALIZER; Pthread_mutex_lock(&lock);
while (initialized == 0) Pthread_cond_wait(&init, &lock); Pthread_mutex_unlock(&lock);
The code text to see whether the variable initialized has been set to 0, then calls the wait routine to sleep until the other thread wakes it up.
The following is the awaking code, Pthread_mutex_lock(&lock); initialized = 1; Pthread_cond_signal(&init); Pthread_mutex_unlock(&lock);
You might have noticed that the wait call takes a lock as its second input, but the signal call only takes a condition. Explain.


Answer:

The reason is that the wait call, in addition to putting the calling thread to sleep, releases the lock when putting told the caller to sleep.
Otherwise how could another thread acquire the lock and signal it to wake up?
However, before returning after being woken, the pthread_cond_wait() re-acquires the lock, thus ensuring that anytime the waiting thread is running between the lock acquired at the beginning of the wait sequence and the lock release at the end, it holds the lock.",,midsem,pool,os questions bank /Classified OS Questions bank.docx
ea24d4e08e-162,0,,"Disabling interrupts was one of the earlier methods proposed for the implementation of locks. Discuss the flaws in this approach.

Answer:

This approach allows any calling thread to perform a preview of a pre-village operation (turning interrupts on and off), which is quite a risky thing. A greedy program could call lock() at the beginning of its execution and thus monopolize the processor or a malicious program could call lock() and go into an endless loop, and OS will never regain its control of the system.

This method will not work in multiprocessor scenarios. If multiple threads are running on different CPUs and each tries to enter the same critical section, even if the interrupts are disabled, the threads will be able to run on other processors and can enter the critical section.
This approach can be inefficient. Compared to normal instruction execution, code that masks or unmasks interrupts tends to be executed slowly by modern CPUs.
For these reasons, turning off interrupts is only used in limited contexts as a solution for mutual exclusion.",,midsem,pool,os questions bank /Classified OS Questions bank.docx
ea24d4e08e-163,0,,"What are the main conditions that an efficient lock is expected to fulfill?

Answer:

The first and foremost task of a lock is to provide mutual exclusion (i.e. preventing multiple threads from entering a critical section).
To make sure that each thread contending for the lock get a fair shot at acquiring it once it is free. None of the threads starve.
Finally check its performance. There are two cases here. First, is, when a single thread is running and grabs and releases the lock, what is the overhead of doing so? Another is the case where multiple threads are contending for the lock on a single CPU.
By comparing these different scenarios, we can better understand the performance impact of using various locking techniques",,midsem,pool,os questions bank /Classified OS Questions bank.docx
ea24d4e08e-164,0,,"Why can the producer-consumer problem be solved by mutex
 Ans. Mutex is used to solve the producer-consumer problem as mutex helps in mutual exclusion. It stops multiple processes from
accessing the critical section. Mutexes only have binary values, 0
and 1, therefore, whenever a process tries to enter the critical section code, it first uses the wait operation to check the mutex value.
Wait(mutex):
Wait(mutex) reduces mutex's value by 1. Consequently, let's say that a process P1 tries to enter the critical region when the mutex value is 1. P1 performs wait(mutex), which lowers the value of mutex. When P1 enters the code's crucial region, the mutex's value now changes to 0.

Now, if Process P2 tries to enter the critical area, it will attempt to lower the mutex value once more. The mutex value, however, is already 0. As a result, wait(mutex) won't run, and P2 will continue to wait for P1 to exit the critical section.

Now, imagine that P2 executes signal to exit the critical section (mutex).

Signal(mutex):
signal(mutex) raises mutex's value by 1. Mutex value once more rises to 1. Now, by executing wait, the process P2 that was in a busy-waiting state will be able to enter the critical section (mutex). Therefore, mutex aids in the processes' mutual exclusion.

Wait and signal operations on mutex are present in the aforementioned section in both the Producer process code and the Consumer process code, which aids in mutual exclusion and fixes the Producer Consumer problem.",,midsem,pool,os questions bank /Classified OS Questions bank.docx
ea24d4e08e-165,0,,What happens if there is a race condition on the lock itself?,,midsem,pool,os questions bank /Classified OS Questions bank.docx
ea24d4e08e-166,0,,What happens if data race happen in lock mechanism itself?,,midsem,pool,os questions bank /Classified OS Questions bank.docx
ea24d4e08e-167,0,,What happens if consumer thread doesn’t respond to wake signal by producer thread?,,midsem,pool,os questions bank /Classified OS Questions bank.docx
ea24d4e08e-168,0,,"Consider the methods used by processes P1 and P2 for accessing their critical sections whenever needed, as given below. The initial values of shared Boolean variables S1 and S2 are randomly assigned.



Which one of the following statements describes the properties achieved?
Mutual exclusion but not progress
Progress but not mutual exclusion
Neither mutual exclusion nor progress
Both mutual exclusion and progress

Solution :
The initial values of shared Boolean variables S1 and S2 are randomly assigned. The assigned values may be-
S1 = 0 and S2 = 0
S1 = 0 and S2 = 1
S1 = 1 and S2 = 0
S1 = 1 and S2 = 1

Case-01: If S1 = 0 and S2 = 0

In this case,
Process P1 will be trapped inside an infinite while loop.
However, process P2 gets the chance to execute.
Process P2 breaks the while loop condition, executes the critical section and then sets S2 = 1.
Now, S1 = 0 and S2 = 1.

Now, process P2 can not enter the critical section again but process P1 can enter the critical section.
Process P1 breaks the while loop condition, executes the critical section and then sets S1 = 1.
Now, S1 = 1 and S2 = 1.
Now, process P1 can not enter the critical section again but process P2 can enter the critical section.

Thus,
Processes P1 and P2 executes the critical section alternately starting with process P2.
Mutual exclusion is guaranteed.
Progress is not guaranteed because if one process does not execute, then other process would never be able to execute again.
Processes have to necessarily execute the critical section in strict alteration.

Case-02: If S1 = 0 and S2 = 1

In this case,
Process P2 will be trapped inside an infinite while loop.
However, process P1 gets the chance to execute.
Process P1 breaks the while loop condition, executes the critical section and then sets S1 = 1.
Now, S1 = 1 and S2 = 1.
Now, process P1 can not enter the critical section again but process P2 can enter the critical section.
Process P2 breaks the while loop condition, executes the critical section and then sets S2 = 0.
Now, S1 = 1 and S2 = 0.
Now, process P2 can not enter the critical section again but process P1 can enter the critical section.

Thus,
Processes P1 and P2 executes the critical section alternately starting with process P1.
Mutual exclusion is guaranteed.
Progress is not guaranteed because if one process does not execute, then other process would never be able to execute again.
Processes have to necessarily execute the critical section in strict alteration.

Case-03: If S1 = 1 and S2 = 0 This case is same as case-02. Case-04: If S1 = 1 and S2 = 1 This case is same as case-01.
Thus, Overall we can conclude-
Processes P1 and P2 executes the critical section alternatively.
Mutual exclusion is guaranteed.
Progress is not guaranteed because if one process does not execute, then other process would never be able to execute again.
Processes have to necessarily execute the critical section in strict alteration.

So option A) is correct",,midsem,pool,os questions bank /Classified OS Questions bank.docx
ea24d4e08e-169,0,0.0,"Let m[0]…m[4] be mutexes (binary semaphores) and P[0] …. P[4] be processes.
Suppose each process P[i] executes the following: wait (m[i]); wait(m[(i+1) mode 4]);
------

release (m[i]); release (m[(i+1)mod 4]);

This could cause
Thrashing
Deadlock
Starvation, but not deadlock
None of the above

Ans: Deadlock Explanation:
You can easily see a deadlock in a situation where.. P[0] has acquired m[0] and waiting for m[1]
P[1] has acquired m[1] and waiting for m[2] P[2] has acquired m[2] and waiting for m[3] P[3] has acquired m[3] and waiting for m[0]",,midsem,pool,os questions bank /Classified OS Questions bank.docx
ea24d4e08e-170,0,,"Consider Peterson’s algorithm for mutual exclusion between two concurrent processes i and j. The program executed by process is shown below.

repeat
flag [i] = true; turn = j;
while ( P ) do no-op;
Enter critical section, perform actions, then exit critical section
flag [ i ] = false;
Perform other non-critical section actions.

until false;
For the program to guarantee mutual exclusion, the predicate P in the while loop should be
flag [j] = true and turn = i
flag [j] = true and turn = j
flag [i] = true and turn = j
flag [i] = true and turn = i",,midsem,pool,os questions bank /Classified OS Questions bank.docx
ea24d4e08e-171,0,,"Assume that n processes, P1,.... Pn, share m identical resource units that may
be reserved and released one at a time. Process Pi's maximum resource need is
Si, where Si > 0. Which of the following does not qualify as a sufficient
requirement for preventing deadlock?
Ans: (b)
Basically, Peterson’s algorithm provides guaranteed mutual exclusion by using the two following constructs – flag[] and turn. flag[] controls the willingness of a process to be entered in a critical section. While turn controls the process that is allowed to be entered in the critical section. So by replacing P with the following, flag [j] = true and turn = j
process i will not enter the critical section if process j wants to enter the critical section and it is process j’s turn to enter the critical section. The same concept can be extended for more than two processes.",,midsem,pool,os questions bank /Classified OS Questions bank.docx
ea24d4e08e-172,0,,"Davidis a  hardware engineer.Hecame up with a great idea which can help in solving the critical section problemand that hecalled it as atomic counters. An atomic counter is a variable in memory that can be sampled and incremented in one atomic operation. Also, it can be reset to 0. That is, the two opreations allowed on the shared variable a are:
j = a++;// execute in one atomic operationa = 0;
Show that whether this technique is possible if yes implement it.

Solution: 
This hardware solution can help implement a solution to the C.S. as follows: 
atomic inside = 0; // inside is an atomic counter
 int a; 
while(true) 
{ a = inside++;
 if(a != 1) 
goto retry;
 /* enter C.S. */
 ...
 /* exit C.S. */ 
inside = 0; 
}",,midsem,pool,os questions bank /Classified OS Questions bank.docx
ea24d4e08e-173,0,,"The atomic fetch-and-set x, y instruction unconditionally sets the memory location x to 1 and fetches the old value of x in y without allowing any intervening access to the memory location x. consider the following implementation of P and V functions on a binary semaphore . 
void P (binary_semaphore *s) { 
unsigned y; 
unsigned *x = &(s->value); 
do { 
fetch-and-set x, y; 
} while (y); 
} 
void V (binary_semaphore *s) { 
S->value = 0; 
} 

Sol: Let us talk about the operation P(). It stores the value of s in x, then it fetches the old value of x, stores it in y and sets x as 1. The while loop of a process will continue forever if some other process doesn’t execute V() and sets the value of s as 0. If context switching is disabled in P, the while loop will run forever as no other process will be able to execute V().",,midsem,pool,os questions bank /Classified OS Questions bank.docx
ea24d4e08e-174,0,1.0,"Consider a semaphore S, initialized with value 1. Consider 10 processes P1,P2…P10.All processes have the same code as given below but one process P10 has signal(S) in place of wait(S). If all processes can execute multiple times, then maximum number of processes which can be in the critical section together. 
While(true) { 
Wait(S) 
C.S 
Signal(s) 
} 
Sol: P1,P2,P3,P4…P9 
While(true) { 
Wait(S) 
C.S 
Signal(s) 
} 
P10 
While(true) { 
Signal(S) 
C.S 
Signal(s) 

} 
S=1; 
Run P10 => S=3 
Run P10 => S=5 
Run P10 => S=7 
Run P10 => S=10 
P10 in critical section => S=10


 In Context Switching between user level threads and kernel level thread, which is faster and why?
 When the following code is executed, how many child process are created?
fork();
fork();
fork();
fork();
fork();
When a race condition occurs and what are the possible ways to stop them?
What is MUTEX?

What are the problems of the synchronizatrion?
What are the advantages of the threads over process?
What are the advantages of the process over threads?


 How many processes are created by the following code? 
Main() {
Fork();
Fork();
Fork();
}



 What are conditional variables and what is the use of it?


 Write Producer Consumer code.


In the dinning philosophers problem there is a round table and N philosophers are
sitting with N forks between them. The task given to each philosopher is that he have to
pick both the fork on the left and right but with the constraint that if each philosopher
first picks the fork an right(lets say) then it will cause deadlock while waiting for the other
fork.Write a possible solution for this problem

Ans:
A variable state is associated with each philosopher, and can be one of EATING
(holdingboth forks) or THINKING (when not eating). Further, a condition variable is
associated with each philosopher to make them sleep and wake them up when needed.
Each philosopher must call the pickup function before eating, and putdown function when
done. Both these functions use a mutex to change states only when both forks are available.
bothForksFree(i):
return (state[leftNbr(i)] != EATING && state[rightNbr(i)] != EATING)
putdown(i):
lock(mutex)
state[i] = THINKING
if(bothForksFree(leftNbr(i)))
signal(leftNbr(i))
if(bothForksFree(rightNbr(i)))
signal(rightNbr(i))
unlock(mutex)
pickup(i):
lock(mutex)
while(!bothForksFree(i))
wait(condvar[i])
state[i] = EATING
unlock(mutex)

Consider a system consisting of n processes (P0, P1, ………Pn -1) each process has a
segment of code which is known as critical section in which the process may be changing
common variable, updating a table, writing a file and so on. The important feature of the
system is that when the process is executing in its critical section no other process is to be
allowed to execute in its critical section. The execution of critical sections by the processes
is a mutually exclusive. The critical section problem is to design a protocol that the process
can use to cooperate each process must request permission to enter its critical section.
The section of code implementing this request is the entry section. The critical section is
followed on exit section. The remaining code is the remainder section
Example:
While (1)
{
Entry Section;
Critical Section;
Exit Section;
Remainder Section;
}

Ans:
A solution to the critical section problem must satisfy the following three conditions.",,midsem,pool,os questions bank /Classified OS Questions bank.docx
ea24d4e08e-175,0,,"Mutual Exclusion: If process Pi is executing in its critical section then no any other
process
can be executing in their critical section.",,midsem,pool,os questions bank /Classified OS Questions bank.docx
ea24d4e08e-176,0,,"Progress: If no process is executing in its critical section and some process wish to enter
their critical sections then only those process that are not executing in their remainder
section can enter its critical section next.",,midsem,pool,os questions bank /Classified OS Questions bank.docx
ea24d4e08e-177,0,0.0,"Bounded waiting: There exists a bound on the number of times that other processes are
allowed to enter their critical sections after a process has made a request.




Multiple people are entering and exiting a room that has a light switch. You are writing a computer program to model the people in this situation as threads in an application. You must fill in the functions onEnter() and onExit() that are invoked by a thread/person when the person enters and exits a room respectively. We require that the first person entering a room must turn on the light switch by invoking the function turnOnSwitch(), while the last person leaving the room must turn off the switch by invoking turnOffSwitch(). You must invoke these functions suitably in your code below. You may use any synchronization primitives of your choice to achieve this desired goal. You may also use any variables required in your solution, which are shared across all threads/persons. (a) Variables and initial values (b) Code onEnter() to be run by thread/person entering (c) Code onExit() to be run by thread/person exiting


Solution:-

variables: mutex, count
onEnter():
lock(mutex)
count++
if(count==1)
turnOnSwitch()
unlock(mutex)

onExit():
lock(mutex)
Count–
if(count==0)
turnOffSwitch()
unlock(mutex)


Consider the following snapshot of a system running n processes. Process i is holding xi instances of a resource R for 1<=i<=n. Currently, all instances of R are occupied. Further, for all i, process i has placed a request for an additional yi instances while holding the xi instances it already has. There are exactly two processes p and q such that yp = yq = 0. Which of the following can serve as a necessary condition to guarantee that the system is not approaching a deadlock?

Solution:-



Clearly, processes Pp and Pq do not require any additional resource.
So they continue their execution.
After getting executed completely, they release the units allocated to them.
Thus, the total units that get free up = xp + xq
 
Now,
To ensure that other processes are executed without any deadlock, the total amount of units freely available currently ( xp + xq ) must be able to meet the requirements of some other process.
If available ( xp + xq ) units could not meet the requirement of any other process, then certainly there would be deadlock.
 
Thus, for no deadlock, the necessary condition is-
xp + xq >= min yk where k ≠ p, q


A single processor system has three resource types X, Y and Z, which are shared by three processes. There are 5 units of each resource type. Consider the following scenario, where the column alloc denotes the number of units of each resource type allocated to each process, and the column request denotes the number of units of each resource type requested by a process in order to complete execution. Which of these processes will finish LAST?




Solution:-

According to question-
Total = [ X Y Z ] = [ 5 5 5 ]
Total _Alloc = [ X Y Z ] = [5 4 3]
 Now,
Available
= Total – Total_Alloc
= [ 5 5 5 ] – [5 4 3]
= [ 0 1 2 ]
 
Step-01:
 
With the instances available currently, only the requirement of the process P1 can be satisfied.
So, process P1 is allocated the requested resources.
It completes its execution and then free up the instances of resources held by it.
 
Then,
Available
= [ 0 1 2 ] + [ 2 0 1]
= [ 2 1 3 ]
 
Step-02:
 
With the instances available currently, only the requirement of the process P0 can be satisfied.
So, process P0 is allocated the requested resources.
It completes its execution and then free up the instances of resources held by it.
 
Then-
Available
= [ 2 1 3 ] + [ 1 2 1 ]
= [ 3 3 4 ]
 
Step-03:
 
With the instances available currently, the requirement of the process P2 can be satisfied.
So, process P2 is allocated the requested resources.
It completes its execution and then free up the instances of resources held by it.
 
Then-
Available
= [ 3 3 4 ] + [ 2 2 1 ]
= [ 5 5 5 ]
 
Thus,
There exists a safe sequence P1, P0, P2 in which all the processes can be executed.
So, the system is in a safe state.
Process P2 will be executed at last.
 
One example of co-operative approach for switching between processes ?

What are types of semaphores and why are they named so?

Implement B-tree and start with a simple locking strategy such as a single lock. Measure its performance as the number of concurrent threads increases.


NUMERICALS on Semaphores and critical section

Problem1:
 
The enter_CS( ) and leave_CS( ) functions to implement critical section of a process are realized using test and set instruction as follows-
 void enter_CS(X)
{while (test-and-set(X));}
void leave_CS(X)
{X = 0;}
 In the above solution, X is a memory location associated with the CS and is initialized to 0. Now, consider the following statements-
The above solution to CS problem is deadlock-free
The solution is starvation free
The processes enter CS in FIFO order
More than one process can enter CS at the same time.
Which of the above statements is true?
I only
I and II
II and III
IV only
 
Solution-
 
Clearly, the given mechanism is test and set lock which has the following characteristics-
It ensures mutual exclusion.
It ensures freedom from deadlock.
It may cause the process to starve for the CPU.
It does not guarantee that processes will always execute in a FIFO order otherwise there would be no starvation.
 
Thus, Option (A) is correct.

Problem2
 counting semaphore S is initialized to 10. Then, 6 P operations and 4 V operations are performed on S. What is the final value of S?
 
Solution-
 
We know-
P operation also called as wait operation decrements the value of semaphore variable by 1.
V operation also called as signal operation increments the value of semaphore variable by 1.
 
Thus,
Final value of semaphore variable S
= 10 – (6 x 1) + (4 x 1)
= 10 – 6 + 4
= 8
 
Problem3:
 
A counting semaphore S is initialized to 7. Then, 20 P operations and 15 V operations are performed on S. What is the final value of S?
 
Solution-
 
We know-
P operation also called as wait operation decrements the value of semaphore variable by 1.
V operation also called as signal operation increments the value of semaphore variable by 1.
 Thus,
Final value of semaphore variable S
= 7 – (20 x 1) + (15 x 1)
= 7 – 20 + 15
= 2
 
Problem4:
 
A shared variable x, initialized to zero, is operated on by four concurrent processes W, X, Y, Z as follows. Each of the processes W and X reads x from memory, increments by one, stores it to memory and then terminates. Each of the processes Y and Z reads x from memory, decrements by two, stores it to memory, and then terminates. Each process before reading x invokes the P operation (i.e. wait) on a counting semaphore S and invokes the V operation (i.e. signal) on the semaphore S after storing x to memory. Semaphore S is initialized to two. What is the maximum possible value of x after all processes complete execution?
-2
-1
1
2
 
Solution-
 The given question may be pictorially represented as-
 Initially, counting semaphore S is initialized with value 2.
 
Now, We have been asked the maximum possible value of x after all the processes complete execution.
 
Clearly,
Processes W and X increments the value of x.
Processes Y and Z decrements the value of x.
 
To obtain the maximum value of x, the processes must execute in such a way that-
Only the impact of the processes W and X remains on the value of x.
The impact of processes Y and Z gets lost on the value of x.
 Step-01:
 
Process W arrives.
It executes the wait(S) operation and the value of S decrements by 1. Now, S = 1.
It reads the value x = 0.
It gets preempted.
 Step-02:
 
Process Y arrives.
It executes the wait(S) operation and the value of S decrements by 1. Now, S = 0.
It reads the value x = 0.
It decrements the value of x by 2. Now, x = 0 – 2 = -2.
It writes the value x = -2 in the memory.
It executes the signal(S) operation and the value of S increments by 1. Now, S = 1.
Now, execution of process Y is completed.
 
Step-03:
 
Process Z arrives.
It executes the wait(S) operation and the value of S decrements by 1. Now, S = 0.
It reads the value x = -2.
It decrements the value of x by 2. Now, x = – 2 – 2 = -4.
It writes the value x = -4 in the memory.
It executes the signal(S) operation and the value of S increments by 1. Now, S = 1.
Now, execution of process Z is completed.
 
Step-04:
 
Process W gets scheduled again.
It resumes its execution from where it left.
Before preemption it had already read the value x = 0.
Now, it increments the value of x by 1. Now, x = 0 + 1 = 1.
It writes the value x = 1 in the memory.
It executes the signal(S) operation and the value of S increments by 1. Now, S = 2.
Now, execution of process W is completed.
 
Step-05:
 
Process X arrives.
It executes the wait(S) operation and the value of S decrements by 1. Now, S = 1.
It reads the value x = 1.
It increments the value of x by 1. Now, x = 1 + 1 = 2.
It writes the value x = 2 in the memory.
It executes the signal(S) operation and the value of S increments by 1. Now, S = 2.
Now, execution of process X is completed.
 
Thus,
Final value of x = 2.
This is the maximum possible value of x that can be achieved after executing all the 4 processes.
Option (D) is correct.
Problem5:
 Each process Pi, i = 1, 2, …, 9 is coded as follows-
repeat
P(mutex)
{ Critical Section }
V(mutex)
forever 
The code for P10 is identical except that it uses V(mutex) in place of P(mutex). What is the largest number of processes that can be inside the critical section at any moment?
1
2
3
None of these
 
Solution-
 
Code for Processes P1, P2, … , P9
 
repeat
P(mutex)
{ Critical Section }
V(mutex)
forever
 Code for Process P10
 repeat
V(mutex)
{ Critical Section }
V(mutex)
forever 
Consider mutex is initialized with 1.
Then-
All the 10 processes may be present inside the critical section at the same time.
If there would have been more number of processes, then they could also be present inside the critical section at the same time.
 
The explanation is as follows-
 
Explanation-
 
Scene-01:
 
Initially, process P1 arrives.
It performs the wait operation on mutex and sets its value to 0.
It then enters the critical section.
 Scene-02:
 
Consider the processes P2, P3, … , P9 arrives when process P1 is executing the critical section.
All the other processes get blocked and are put to sleep in the waiting list.
 
Scene-03:
 
Process P10 arrives.
It performs the signal operation on mutex.
It selects one process from the waiting list say process P2 and wakes it up.
Process P2 can now enter the critical section (P1 is already present).
Now, process P10 enters the critical section (P1 and P2 are already present).
After executing critical section, during exit, it again performs the signal operation on mutex.
It selects one process from the waiting list say process P3 and wakes it up.
Process P3 can now enter the critical section (P1 and P2 are already present).
Process P10 may keep on executing repeatedly.
It wakes up 2 processes each time during its course of execution.
In this manner, all the processes blocked in the waiting list may get entry inside the critical section.
 Thus, Option (D) is correct.
 Problem6:
 Let m[0]…m[4] be mutexes (binary semaphores) and P[0]…P[4] be processes. Suppose each process P[i] executes the following:
wait(m[i]);
wait(m[(i+1) mod 4]);
………….
release(m[i]);
release(m[(i+1) mod 4]);
This could cause-
Thrashing
Deadlock
Starvation but not deadlock
None of the above
 Solution-
 Given processes have to execute the wait operations as-
Process P0 : wait(m[0]); wait(m[1]);
Process P1 : wait(m[1]); wait(m[2]);
Process P2 : wait(m[2]); wait(m[3]);
Process P3 : wait(m[3]); wait(m[0]);
Process P4 : wait(m[4]); wait(m[1]);
 Now,
A deadlock may be caused when different processes execute the wait operations on mutexes.
The occurrence of following scenes will give birth to a deadlock.
Scene-01:
 
Process P0 arrives.
It executes wait(m[0]) and gets preempted.
 Scene-02:
 Process P1 gets scheduled.
It executes wait(m[1]) and gets preempted.
Scene-03:
 
Process P2 gets scheduled.
It executes wait(m[2]) and gets preempted.
 
Scene-04:
 
Process P3 gets scheduled.
It executes wait(m[3]) and gets preempted.
 
Scene-05:
 
Process P4 gets scheduled.
It executes wait(m[4]) and gets preempted.
 
Now,
The system is in a deadlock state since no process can proceed its execution.
Thus, Option (B) is correct.
 
Problem-07:
 
In the above question, which of the following pairs of processes may be present inside the critical section at the same time?
(P0, P2)
(P1, P3)
(P2, P4)
(P3, P4)
All of these
 
Solution-
 
All the given pair of processes in options execute wait operation on different mutexes.
Hence, they can get entry inside the critical section at the same time.
Thus, Option (E) is correct.
 NOTE-
 
Mutual exclusion is violated here.
Maximum number of processes that may be present inside the critical section at the same time = 2.
Problem-08:
 
The following program consists of 3 concurrent processes and 3 binary semaphores. The semaphores are initialized as S0 = 1, S1 = 0 and S2 = 0.
 
 
How many times will process P0 print ‘0’?
At least twice
Exactly twice
Exactly thrice
Exactly once
 Solution-
 
Maximum Number Of Times Process P0 Can Print ‘0’-
 
 
The occurrence of following scenes will cause process P0 to print ‘0’ three times-
 
Scene-01:
 
Process P0 arrives.
It executes wait operation on semaphore S0 successfully. Now, S0 = 0.
It then prints ‘0’. (1st time)
It executes signal operation on semaphore S1. Now, S1 = 1.
It executes signal operation on semaphore S2. Now, S2 = 1.
While loop causes process P0 to execute again.
It executes wait operation on semaphore S0 unsuccessfully and gets blocked.
 
Scene-02:
 
Process P1 gets scheduled.
It executes wait operation on semaphore S1 successfully. Now, S1 = 0.
It executes signal operation on semaphore S0 which wakes up the process P0.
The execution of process P1 is completed.
 
Scene-03:
 
Process P0 gets scheduled again.
It prints ‘0’. (2nd time)
It executes signal operation on semaphore S1. Now, S1 = 1.
It executes signal operation on semaphore S2. Now, S2 = 1.
While loop causes process P0 to execute again.
It executes wait operation on semaphore S0 unsuccessfully and gets blocked.
 
Scene-04:
 
Process P2 gets scheduled.
It executes wait operation on semaphore S2 successfully. Now, S2 = 0.
It executes signal operation on semaphore S0 which wakes up the process P0.
The execution of process P2 is completed.
 
Scene-05:
 
Process P0 gets scheduled again.
It prints ‘0’. (3rd time)
It executes signal operation on semaphore S1. Now, S1 = 1.
It executes signal operation on semaphore S2. Now, S2 = 1.
While loop causes process P0 to execute again.
It executes wait operation on semaphore S0 unsuccessfully and gets blocked.
 
Now,
The execution of processes P1 and P2 is already completed.
There is no other process in the system which can perform signal operation on semaphore S0.
Thus, process P0 can not execute any more.
 
Thus, maximum number of times process P0 can print ‘0’ = 3 times.
Problem-9

A counting semaphore S is initialised to 10. Then, 6 P operations and 4 V operations are performed on S. What is the final value of S?

Solution :

We know that
P operation also called as wait operation decrements the value of semaphore variable by 1.
V operation also called as signal operation increments the value of semaphore variable by 1.

Thus,
Final value of semaphore variable S
= 10 – (6 x 1) + (4 x 1)
= 10 – 6 + 4

= 8",,midsem,pool,os questions bank /Classified OS Questions bank.docx
ea24d4e08e-178,0,,"How would you improve performance when using semaphores?
Ans: 
There are a few ways that you could improve performance when using semaphores:",,midsem,pool,os questions bank /Classified OS Questions bank.docx
ea24d4e08e-179,0,,Use a lock-free algorithm – this will allow your program to avoid the overhead of acquiring and releasing locks,,midsem,pool,os questions bank /Classified OS Questions bank.docx
ea24d4e08e-180,0,,Use a priority queue – this will ensure that the threads with the highest priority are able to acquire the semaphore first,,midsem,pool,os questions bank /Classified OS Questions bank.docx
ea24d4e08e-181,0,,"Use a fair semaphore – this will ensure that all threads have a fair chance of acquiring the semaphore, instead of one thread hogging the semaphore and preventing other threads from making progress",,midsem,pool,os questions bank /Classified OS Questions bank.docx
ea24d4e08e-182,0,,"Consider the readers and writers problem discussed above. Recall that multiple readers can be allowed to read concurrently, while only one writer at a time can access the critical section. Write down pseudocode to implement the functions readLock, readUnlock, writeLock, and writeUnlock that are invoked by the readers and writers to realize read/write locks. You must use only semaphores, and no other synchronization mechanism, in your solution. Further, you must avoid using more semaphores than is necessary. Clearly list all the variables (semaphores, and any other flags/counters you may need) and their initial values at the start of your solution. Use the notation down(x) and up(x) to invoke atomic down and up operations on a semaphore x that are available via the OS API. Use sensible names for your variables. 

Solution:-
sem lock = 1;
 sem writer_can_enter = 1; 
int readCount = 0;
 readLock: 
down(lock)
 readCount++
 if(readCount ==1)
 down(writer_can_enter) //don’t coexist with a writer 
up(lock)
readUnlock:
 down(lock)
 readCount–
 if(readCount == 0) 
up(writer_can_enter) 
up(lock)
 writeLock:
 down(writer_can_enter) 
writeUnlock: 
up(writer_can_enter)


DEADLOCK",,midsem,pool,os questions bank /Classified OS Questions bank.docx
ea24d4e08e-183,0,,What is deadlock? Explain deadlock prevention in details.,,midsem,pool,os questions bank /Classified OS Questions bank.docx
ea24d4e08e-184,0,,What are the methods for handling deadlock ?,,midsem,pool,os questions bank /Classified OS Questions bank.docx
ea24d4e08e-185,0,,What are the necessary conditions for deadlock?,,midsem,pool,os questions bank /Classified OS Questions bank.docx
ea24d4e08e-186,0,,How we can avoid Deadlock Avoidance?,,midsem,pool,os questions bank /Classified OS Questions bank.docx
ea24d4e08e-187,0,,A System requires 2 units of resources having 3 process the minimum no of units of R such that no deadlock will occur?,,midsem,pool,os questions bank /Classified OS Questions bank.docx
ea24d4e08e-188,0,,Distinguish between deadlock and starvation.,,midsem,pool,os questions bank /Classified OS Questions bank.docx
ea24d4e08e-189,0,,what are the things which leads a system into deadlock situation?,,midsem,pool,os questions bank /Classified OS Questions bank.docx
ea24d4e08e-190,0,,"What is a safe state and what is its use of deadlock avoidance?
A state is safe if the system can allocate all resources requested by all processes ( up to their stated maximums ) without entering a deadlock state. System is in safe state if there exists a safe sequence of all processes. Deadlock Avoidance: Ensure that a system will never enter an unsafe state.",,midsem,pool,os questions bank /Classified OS Questions bank.docx
ea24d4e08e-191,0,,"What is Deadlock?
Deadlock is a situation when two or more processes wait for each other to finish and none of them ever finish. Consider an example when two trains are coming toward each other on same track and there is only one track, none of the trains can move once they are in front of each other. Similar situation occurs in operating systems when there are two or more processes hold some resources and wait for resources held by other(s).",,midsem,pool,os questions bank /Classified OS Questions bank.docx
ea24d4e08e-192,0,,"system is having 3 user processes P1, P2 and P3 where P1 requires 21 units of resource R, P2 requires 31 units of resource R, P3 requires 41 units of resource R. The minimum number of units of R that ensures no deadlock is
 	?

Solution :

In worst case,
The number of units that each process holds = One less than its maximum demand
So,
Process P1 holds 20 units of resource R
Process P2 holds 30 units of resource R
Process P3 holds 40 units of resource R Thus,
Maximum number of units of resource R that ensures deadlock = 20 + 30 + 40 = 90
Minimum number of units of resource R that ensures no deadlock = 90 + 1 = 91",,midsem,pool,os questions bank /Classified OS Questions bank.docx
ea24d4e08e-193,0,,"How to prevent deadlock?

Answer:

Mutual Exclusion:

When you have sharable resources, there will be no fight for resources, which will prevent deadlock conditions.

Hold and Wait:

In this condition, a process holding resources is waiting for other resources. But there are ways to eliminate this condition:

When the process beforehand specifies the resources it requires. In this way, the process doesn’t have to wait for allocation.
By releasing all the resources the process is currently holding and then making a new request.
	
No pre-emption:

Preemption means temporary interruption of program execution. Normally processes can’t be preempted. Suppose some process P1 wants a resource R1 held by process P2. This situation will lead to a deadlock state. But to avoid deadlock, the process P2 is preempted, and resource R1 could be released and given to process P1. Then we can prevent deadlock.",,midsem,pool,os questions bank /Classified OS Questions bank.docx
ea24d4e08e-194,0,,"Circular Wait:

We can eliminate this circular wait condition by giving priority to each resource. A process accesses the resources in increasing order of priority. If a request is made for a low-priority resource(being held by some other resource), the request will be considered invalid.",,midsem,pool,os questions bank /Classified OS Questions bank.docx
ea24d4e08e-195,0,,Given a system that has 5 number of identical resources. There are N number of processes competing for them. What will be the minimum value if N that can cause deadlock when a process can request for atmost 3 resouces?,,midsem,pool,os questions bank /Classified OS Questions bank.docx
ea24d4e08e-196,0,,Consider a system as deadlock free and each process can request for maximun 5 resources. What will be the min imum number of identical resources will be the system have?,,midsem,pool,os questions bank /Classified OS Questions bank.docx
ea24d4e08e-197,0,,When the deadlock occurs and what are the different handling method to handle deadlocks?,,midsem,pool,os questions bank /Classified OS Questions bank.docx
ea24d4e08e-198,0,,What is deadlock? Explain conditions of occurrence deadlock.,,midsem,pool,os questions bank /Classified OS Questions bank.docx
ea24d4e08e-199,0,,"Vaibhav, Suraj and Uday go to a Chinese restaurant. But they go there at 8 pm (Busy time). So, waiter apologize and says he can provide only 2 pairs of chopsticks (i.e., four chopsticks), which need to be share between 3 friends.  Now, Vaibhav come up with an idea. He suggests to put all four chopsticks in an empty glass at center table & each diner should obey the following protocol: 
while ( ! had_enough_to_eat() ) 
{ 
aquire_one_chopstick(); 
aquire_one_chopstick(); 
eat(); 
release_one_chopstick(); 
release_one_chopstick(); 
} 
Can this plan lead to a deadlock? Explain your answer. 

Answer: No. Deadlock cannot occur because there are enough chopsticks to guarantee that at least one of the 3 diners will be able to get the 2 chopsticks that he/she needs. Once that diner finishes, he/she will release their chopsticks for someone else. So, everyone will finish.",,midsem,pool,os questions bank /Classified OS Questions bank.docx
ea24d4e08e-200,0,,"(Read above problem first) 
Suppose, now instead of 3 diners, we have 'D' number of diners. Furthermore, each diner may acquire different number of chopsticks. Let`s say 'C' number of total chopstick will satisfy the needs of all diners (e.g., for 4 people (D=4), assuming each require 3 chopsticks, then 'C' will be C = 3*4=12). 
Now, each dinners protocol is displayed below: 

int s; 
int num_sticks = my_chopsticks_requirement(); 
while (! had_enough_to_eat()) 
{ 
for (s=0; s <num_sticks; s++) 
{ 
acquire_one_chopstick(); 
} 
eat(); 
for (s=0; s <num_sticks; s++) 
{ 
release_one_chopstick(); 
}
} 
what is the smallest number of chopsticks (in terms of C and D), needed to ensure that deadlock cannot occur? Explain your answer. 
Ans: 
C-D+1. 
This guarantees that every dinner cat get all but one of chopstick it needs (C-D), with one additional chopstick to guarantee that at least one dinner gets all of the chopstick it needs. 
Example, Suppose D=2 and diner_1 require 1 chopstick and diner_2 require 11 chopsticks. Therefore C = 12 
So, C-D+1= 12-2+1=11 
So maximum chopstick requirement is satisfied.",,midsem,pool,os questions bank /Classified OS Questions bank.docx
ea24d4e08e-201,0,,To write a C program to implement algorithm for deadlock detection,,midsem,pool,os questions bank /Classified OS Questions bank.docx
ea24d4e08e-202,0,,"What are the necessary conditions which can lead to a deadlock in a system?

BANKERS ALGO
Problem on bankers algo 
A single processor system has three resource types X, Y and Z, which are shared by three processes. There are 5 units of each resource type. Consider the following scenario, where the column alloc denotes the number of units of each resource type allocated to each process, and the column request denotes the number of units of each resource type requested by a process in order to complete execution. Which of these processes will finish LAST?
P0
P1
P2
None of the above since the system is in a deadlock
 
 
Solution-
 
According to question-
Total = [ X Y Z ] = [ 5 5 5 ]
Total _Alloc = [ X Y Z ] = [5 4 3]
 
Now,
Available
= Total – Total_Alloc
= [ 5 5 5 ] – [5 4 3]
= [ 0 1 2 ]
 
Step-01:
 
With the instances available currently, only the requirement of the process P1 can be satisfied.
So, process P1 is allocated the requested resources.
It completes its execution and then free up the instances of resources held by it.
 
Then,
Available
= [ 0 1 2 ] + [ 2 0 1]
= [ 2 1 3 ]
 
Step-02:
 
With the instances available currently, only the requirement of the process P0 can be satisfied.
So, process P0 is allocated the requested resources.
It completes its execution and then free up the instances of resources held by it.
 
Then-
Available
= [ 2 1 3 ] + [ 1 2 1 ]
= [ 3 3 4 ]
 
Step-03:
 
With the instances available currently, the requirement of the process P2 can be satisfied.
So, process P2 is allocated the requested resources.
It completes its execution and then free up the instances of resources held by it.
 
Then-
Available
= [ 3 3 4 ] + [ 2 2 1 ]
= [ 5 5 5 ]
 
Thus,
There exists a safe sequence P1, P0, P2 in which all the processes can be executed.
So, the system is in a safe state.
Process P2 will be executed at last.
 
Thus, Option (C) is correct.
 
Problem-02:
 
An operating system uses the banker’s algorithm for deadlock avoidance when managing the allocation of three resource types X, Y and Z to three processes P0, P1 and P2. The table given below presents the current system state. Here, the Allocation matrix shows the current number of resources of each type allocated to each process and the Max matrix shows the maximum number of resources of each type required by each process during its execution.
 
There are 3 units of type X, 2 units of type Y and 2 units of type Z still available. The system is currently in safe state. Consider the following independent requests for additional resources in the current state-
 
REQ1: P0 requests 0 units of X, 0 units of Y and 2 units of Z
REQ2: P1 requests 2 units of X, 0 units of Y and 0 units of Z
 
Which of the following is TRUE?
Only REQ1 can be permitted
Only REQ2 can be permitted
Both REQ1 and REQ2 can be permitted
Neither REQ1 nor REQ2 can be permitted
 
Solution-
 
According to question,
Available = [ X Y Z ] = [ 3 2 2 ]
Now,
Need = Max – Allocation
So, we have-
 
 
Currently, the system is in safe state.
(It is given in question. If we want, we can check)
 
Checking Whether REQ1 Can Be Entertained-
 
Need of P0 = [ 0 0 2 ]
Available = [ 3 2 2 ]
 
Clearly,
With the instances available currently, the requirement of REQ1 can be satisfied.
So, banker’s algorithm assumes that the request REQ1 is entertained.
It then modifies its data structures as-
 
 
Available
= [ 3 2 2 ] – [ 0 0 2 ]
= [ 3 2 0 ]
 
Now, it follows the safety algorithm to check whether this resulting state is a safe state or not.
If it is a safe state, then REQ1 can be permitted otherwise not.
 
Step-01:
 
With the instances available currently, only the requirement of the process P1 can be satisfied.
So, process P1 is allocated the requested resources.
It completes its execution and then free up the instances of resources held by it.
 
Then-
Available
= [ 3 2 0 ] + [ 3 2 0 ]
= [ 6 4 0 ]
 
Now,
It is not possible to entertain any process.
The system has entered the deadlock state which is an unsafe state.
Thus, REQ1 will not be permitted.
 
Checking Whether REQ2 Can Be Entertained-
 
Need of P1 = [ 2 0 0 ]
Available = [ 3 2 2 ]
 
Clearly,
With the instances available currently, the requirement of REQ1 can be satisfied.
So, banker’s algorithm assumes the request REQ2 is entertained.
It then modifies its data structures as-
 
 
Available
= [ 3 2 2 ] – [ 2 0 0 ]
= [ 1 2 2 ]
 
Now, it follows the safety algorithm to check whether this resulting state is a safe state or not.
If it is a safe state, then REQ2 can be permitted otherwise not.
 
Step-01:
 
With the instances available currently, only the requirement of the process P1 can be satisfied.
So, process P1 is allocated the requested resources.
It completes its execution and then free up the instances of resources held by it.
 
Then-
Available
= [ 1 2 2 ] + [ 5 2 0 ]
= [ 6 4 2 ]
 
Step-02:
 
With the instances available currently, only the requirement of the process P2 can be satisfied.
So, process P2 is allocated the requested resources.
It completes its execution and then free up the instances of resources held by it.
 
Then-
Available
= [ 6 4 2 ] + [ 2 1 1 ]
= [ 8 5 3 ]
 Step-03:
 
With the instances available currently, the requirement of the process P0 can be satisfied.
So, process P0 is allocated the requested resources.
It completes its execution and then free up the instances of resources held by it.
 
Then-
Available
= [ 8 5 3 ] + [ 0 0 1 ]
= [ 8 5 4 ]
 
Thus,
There exists a safe sequence P1, P2, P0 in which all the processes can be executed.
So, the system is in a safe state.
Thus, REQ2 can be permitted.
 
Thus, Correct Option is (B).",,midsem,pool,os questions bank /Classified OS Questions bank.docx
ea24d4e08e-203,0,,"What is Banker's algorithm and what is it used for?












System Calls


Consider the following code from the provided `fork_shape.c' file
  	
  | 1 // fork_shape.c: predict the shape of this set of fork() calls
  | 2 #include <stdio.h>
  | 3 #include <unistd.h>
  | 4 #include <wait.h>
  | 5 int main(void) {
  | 6	pid_t pid = -1;
  | 7	for(int i=0; i<4; i++){
  | 8	pid = fork();
  | 9	if(pid != 0){
  | 10	break;
  | 11	}
  | 12	}
  | 13	waitpid(pid, NULL, 0);
  | 14	printf(""pid = %d, parent pid = %d\n"", getpid(), getppid());
  | 15	return 0;
  | 16 }
  	

How many total processes will print their PIDs?
What shape of process hierarchy will this code produce? Draw a picture of it.
Will the order of printing be consistent or arbitrary? Why?",,midsem,pool,os questions bank /Classified OS Questions bank.docx
ea24d4e08e-204,0,,"How are zombie processes created and how do they reap?
-If the parent process exits before the child process the child process becomes an orphan/zombie process and after termination it is adopted by init process where it eventually reaps.",,midsem,pool,os questions bank /Classified OS Questions bank.docx
ea24d4e08e-205,0,,"Why is it important to reap?
-Because the terminated/dead process exists as a zombie process which keeps consuming the memory allocated to OS Data Structure. wait() reaps any arbitrary child process but if we want to reap any specific child process, we use waitpid() function",,midsem,pool,os questions bank /Classified OS Questions bank.docx
ea24d4e08e-206,0,,"wait() block parent until child terminates. Are there any non-blocking ways to invoke wait?
-wait() is always blocking and waitpid() can be blocking or non-blocking Using the WNOHANG option ,which Returns immediately regardless of the child’s status it can wait without blocking parent process

int pid = waitpid(child_pid, &status, WNOHANG); // specific child OR
int pid = waitpid( -1, &status, WNOHANG); // any child (P.T.O)",,midsem,pool,os questions bank /Classified OS Questions bank.docx
ea24d4e08e-207,0,,What are system calls? How do they work?,,midsem,pool,os questions bank /Classified OS Questions bank.docx
ea24d4e08e-208,0,,"How many new processes are created by the following code?
Int main (){ If(fork){
Fork;
}
Fork; fork;
}",,midsem,pool,os questions bank /Classified OS Questions bank.docx
ea24d4e08e-209,0,,Write flow of handling a system call.,,midsem,pool,os questions bank /Classified OS Questions bank.docx
ea24d4e08e-210,0,,"#include<stdio.h> int main(){
if (fork() && fork()) fork();
printf(“hello”);
return 0;
}
Print the result?",,midsem,pool,os questions bank /Classified OS Questions bank.docx
ea24d4e08e-211,0,,Is there a mechanism through which child can communicate with the parent process which is created by using fork() ?,,midsem,pool,os questions bank /Classified OS Questions bank.docx
ea24d4e08e-212,0,,"How does it map the calls made by a process as open(), read(), write() ?",,midsem,pool,os questions bank /Classified OS Questions bank.docx
ea24d4e08e-213,0,,"Consider a multithreaded application server handling requests from clients. Every new request
that arrives at the server causes a new thread to be spawned to handle that request. The server can
provide service to only one request/thread at a time, and other threads that arrive when the server
is busy must wait for service using a synchronization primitive (semaphore or condition variable). In
order to avoid excessive waiting times, the server does not wish to have more than N
requests/threads in the system (including the waiting requests and any request it is currently
serving). You may assume that N > 2. Given this constraint, a newly arriving thread must first check if
N other requests are already in the system: if yes, it must exit without waiting and return an error
value to the client, by calling the function thr exit failure(). This function terminates the thread and
does not return. When a thread is ready for service, it must call the function get service(). Your code
should ensure that no more than one thread calls this function at any point of time. This function
blocks the thread for the duration of the service. Note that, while the thread receiving service is
blocked, other arriving threads must be free to join the queue, or exit if the system is overloaded.
After a thread returns from get service(), it must enable one of the waiting threads to seek service (if
any are waiting), and then terminate itself succesfully by calling the function thr exit success(). This
function terminates the thread and does not return. You are required to write pseudocode of the
function to be run by the request threads in this system, as per the specification above. Your
solution must use only locks and condition variables for synchronization. Clearly state all the
variables used and their initial values at the start of your solution.",,midsem,pool,os questions bank /Classified OS Questions bank.docx
ea24d4e08e-214,0,,"Consider the following code:
	#include <stdio.h>
 	#include <unistd.h>
	Int main()
{
	If((fork() && (!fork()) {
	If(fork() || fork()) {
   	fork();
 	 }
         }
         printf(“hello”);
         return 0;
}

How many times “Hello” will be printed?
a)5
b)6
c)7
d)8

Answer) c",,midsem,pool,os questions bank /Classified OS Questions bank.docx
ea24d4e08e-215,0,,"Consider the following code fragment:
if (fork() == 0)
{ a = a + 5; printf(“%d,%d\n”, a, &a); }
else { a = a –5; printf(“%d, %d\n”, a, &a); }
Let u, v be the values printed by the parent process, and x, y be the values printed by the child process. Which one of the following is TRUE?
u = x + 10 and v = y
u = x + 10 and v != y
u + 10 = x and v = y
u + 10 = x and v != y Answer (c)
fork() returns 0 in child process and process ID of child process in parent  process.
In Child (x), a = a + 5
In Parent (u), a = a – 5; Therefore x = u + 10.
The physical addresses of ‘a’ in parent and child must be different. But our program accesses virtual addresses (assuming we are running on an OS that uses virtual memory). The child process gets an exact copy of parent process and virtual address of ‘a’ doesn’t change in child process. Therefore, we get same addresses in both parent and child.",,midsem,pool,os questions bank /Classified OS Questions bank.docx
ea24d4e08e-216,0,,Explain in brief about User Calls and Kernel Calls.,,midsem,pool,os questions bank /Classified OS Questions bank.docx
ea24d4e08e-217,0,,Why system calls look like procedure calls?,,midsem,pool,os questions bank /Classified OS Questions bank.docx
ea24d4e08e-218,0,,Do all privileged functionalities get expose to users through system calls?,,midsem,pool,os questions bank /Classified OS Questions bank.docx
ea24d4e08e-219,0,,What if you don’t join threads using pthread.join()?,,midsem,pool,os questions bank /Classified OS Questions bank.docx
ea24d4e08e-220,0,,Can the privileged instruction creating or deleting user account be done using system call ?,,midsem,pool,os questions bank /Classified OS Questions bank.docx
ea24d4e08e-221,0,,Which is the first program which runs on system boot ?,,midsem,pool,os questions bank /Classified OS Questions bank.docx
ea24d4e08e-222,0,,Why we need two system calls fork and exec ?,,midsem,pool,os questions bank /Classified OS Questions bank.docx
ea24d4e08e-223,0,,What happens when a timer interrupt is raised ?,,midsem,pool,os questions bank /Classified OS Questions bank.docx
ea24d4e08e-224,0,,"Using a basic system call as an example (e.g., getpid or uptime), describe
what is normally involved in obtaining the result, from the point when the
function in the C library is called to the point where the function returns.
Process AND Process States",,midsem,pool,os questions bank /Classified OS Questions bank.docx
ea24d4e08e-225,0,,Why does the process gets blocked when its initiates an I/O request?,,midsem,pool,os questions bank /Classified OS Questions bank.docx
ea24d4e08e-226,0,,Give three reasons for the system to select a new process to run.,,midsem,pool,os questions bank /Classified OS Questions bank.docx
ea24d4e08e-227,0,,"State if the given sequence is possible or not.
Process A is running , I/O complete interrupt arrives. Timer interrupt arrives. Scheduler runs. I/O interrupt handler runs. Process B is running.",,midsem,pool,os questions bank /Classified OS Questions bank.docx
ea24d4e08e-228,0,,Write the flow of context switch,,midsem,pool,os questions bank /Classified OS Questions bank.docx
ea24d4e08e-229,0,,"Explain When a process directly switches from running state to ready state
.which scheduler is involved in such switching?",,midsem,pool,os questions bank /Classified OS Questions bank.docx
ea24d4e08e-230,0,,Can a running process after going through I/O can be directed taken to ready state without passing through block state? Why?,,midsem,pool,os questions bank /Classified OS Questions bank.docx
ea24d4e08e-231,0,,"what are the responsibilities of short term scheduler , long term scheduler and medium term scheduler?",,midsem,pool,os questions bank /Classified OS Questions bank.docx
ea24d4e08e-232,0,,What is the difference between process and program?,,midsem,pool,os questions bank /Classified OS Questions bank.docx
ea24d4e08e-233,0,,"What is a pipe?
A traditional pipe is unnamed and can be used only for the communication of related process. If unrelated processes are required to communicate – named pipes are required.
It is a pipe whose access point is a file available on the file system. When this file is opened for reading, a process is granted access to the reading end of the pipe. Similarly, when the file is opened for writing, the process is granted access to writing end of the pipe.
A named pipe is also referred to as FIFO or named FIFO.",,midsem,pool,os questions bank /Classified OS Questions bank.docx
ea24d4e08e-234,0,,"A process is a dynamic object, but a program is a static object. State whether given statement is true or not. If true, then elaborate.
Ans-> Yes, given statement is true. A process is a dynamic object, but a program is a static object. A program is static entity. It contains only code. When program is brought in memory and executed then it becomes a process. A program in execution is called process. A process is an active entity and a program is a passive entity. Process resides in main memory, but program resides in secondary memory. The span of time for the process is limited, but the span of time for the program is unlimited.",,midsem,pool,os questions bank /Classified OS Questions bank.docx
ea24d4e08e-235,0,,"what are the different states of process and explain the transitions between them (when does a process moves from one state to other)?
Ans-> different states of process:
Running: The process is being executed.
Ready: The process is waiting to be assigned to a processor(waiting to be scheduled).
Blocked: suspended, not ready to run
Apart from the above states there are two other states also:
New: The process is being created.
Terminate: The process has finished execution. Transitions from one state to other:
Ready to Running: When it is time to select a process to run, the operating system move the processes from the ready state to the running state.
Running to Ready: When the time slot for the process expires or if an interrupt signal occurs, then the operating system shifts the running process to the ready state.
Running to Blocked: A process is put into the waiting state if the process needs an event to occur, or an I/O device is to read.
Blocked to Ready: A process in the blocked state is moved to the ready state when the event for which it has been waiting has completed.",,midsem,pool,os questions bank /Classified OS Questions bank.docx
ea24d4e08e-236,0,,"what are the components of process or explain Process Control Block?
Ans-> The PCB is a central store of information that allows the operating system to locate all the key information about the process. The operating system uses this information and performs the operations in the process.
Components of a process:
Memory: code(instruction for program to execute), stack(static memory) and heap(dynamic memory)
CPU: contains registers, stack pointer, program counter and general purpose registers Context/state related info: pid, user, open file descriptors, etc
All these information is contained inside PCB of process.",,midsem,pool,os questions bank /Classified OS Questions bank.docx
ea24d4e08e-237,0,,"What is difference between process and thread? Ans. Processes:-
When any program is in execution ,it is called process.
Process takes more time for create, terminate and to context switch.
The execution of other processes will not be impacted if one process is blocked.
Child processes are unaffected by changes to the parent process.
Processes do not share data with each other. Threads:-
A segment of process is called thread.
	Thread takes less time for create, terminate and to context switch.
All other user-level threads are also blocked if one of those threads is blocked.
Any changes to the main thread may have an impact on the behaviour of the other threads of the process because all threads of the same process share address space and other resources.
Data is shared between threads.",,midsem,pool,os questions bank /Classified OS Questions bank.docx
ea24d4e08e-238,0,,What is difference between multitasking and multiprocessing OS?,,midsem,pool,os questions bank /Classified OS Questions bank.docx
ea24d4e08e-239,0,,"Consider three processes, all arriving at time zero, with total execution time of 10, 20 and 30 units, respectively. Each process spends the first 20% of execution time doing I/O, the next 70% of time doing computation, and the last 10% of time doing I/O again. The operating system uses a shortest remaining compute time first scheduling algorithm and schedules a new process either when the running process gets blocked on I/O or when the running process finishes its compute burst. Assume that all I/O operations can be overlapped as much as possible. For what percentage of time does the CPU remain idle?
(A) 0% (B) 10.6% (C) 30.0% (D) 89.4%

Ans: 10.6%
Let three processes be p0, p1 and p2. Their execution time is 10, 20 and 30 respectively. p0 spends first 2 time units in I/O, 7 units of CPU time and finally 1 unit in I/O. p1 spends first 4 units in I/O, 14 units of CPU time and finally 2 units in I/O. p2 spends first 6 units in I/O, 21 units of CPU time and finally 3 units in I/O.

idle	p0	p1	p2	idle 0	2		9		23		44		47

Total time spent = 47 Idle time = 2 + 3 = 5
Percentage of idle time = (5/47)*100 = 10.6 %",,midsem,pool,os questions bank /Classified OS Questions bank.docx
ea24d4e08e-240,0,,What makes a process diffrenet than a thread?,,midsem,pool,os questions bank /Classified OS Questions bank.docx
ea24d4e08e-241,0,,What function is used to create a child process and what function is used to halt the child process?,,midsem,pool,os questions bank /Classified OS Questions bank.docx
ea24d4e08e-242,0,,How to identify if the current process is child or parent?,,midsem,pool,os questions bank /Classified OS Questions bank.docx
ea24d4e08e-243,0,,How the fork() function mechanism works?,,midsem,pool,os questions bank /Classified OS Questions bank.docx
ea24d4e08e-244,0,,How the halting is done is using the wait() function?,,midsem,pool,os questions bank /Classified OS Questions bank.docx
ea24d4e08e-245,0,,"Expalin fork(), wait() and exec() relationship.",,midsem,pool,os questions bank /Classified OS Questions bank.docx
ea24d4e08e-246,0,,What are the diffrent values returned by fork() and what do they stand for?,,midsem,pool,os questions bank /Classified OS Questions bank.docx
ea24d4e08e-247,0,,Differentiate between process and thread,,midsem,pool,os questions bank /Classified OS Questions bank.docx
ea24d4e08e-248,0,,What does process control block contain?,,midsem,pool,os questions bank /Classified OS Questions bank.docx
ea24d4e08e-249,0,,What are the different IPC mechanisms?,,midsem,pool,os questions bank /Classified OS Questions bank.docx
ea24d4e08e-250,0,,"What is main difference between program and process?


Explain with reason which of the given statements are true .Given the process State
transition diagram for a uniprocessor system. ASSUMPTION(There is always some process
in the ready queue)



A. A process P2 in blocked state can make transition E while another process P1 is in running state.
B. The OS uses preemptive scheduling.
C. If a process makes a transition D, it would result in another process making transition A immediately.
D. The OS uses non-preemptive scheduling.



Ans:
C is False If a process makes a transition D, it would result in another process making transition B, not A. A is true A process can move to ready state when I/O completes irrespective of other
process being in running state or not. B is true

Q. Find the waiting time for the Process P2.
Given:
A) Arrival and execution times of the Process
Process Execution time Arrival time
P1 	20 	0
P2 	25 	15
P3 	10 	30
P4 	15 	45
B)OS uses SRT(Shortest Remaining Time first Scheduling Algorithm)


Ans:
At time 0, P1 is the only process, P1 runs for 15 time units.
At time 15, P2 arrives, but P1 has the shortest remaining time. So P1 continues for 5 more
time units.
At time 20, P2 is the only process. So it runs for 10 time units
At time 30, P3 is the shortest remaining time process. So it runs for 10 time units
At time 40, P2 runs as it is the only process. P2 runs for 5 time units.
At time 45, P3 arrives, but P2 has the shortest remaining time. So P2 continues for 10 more
time units.
P2 completes its execution at time 55
Total waiting time for P2 = Complition time - (Arrival time + Execution time)
= 55 - (15 + 25)
= 15
Consider three processes, all arriving at time zero, with total execution time of 10, 20
and 30 units, respectively. Each process spends the first 20% of execution time doing I/O,
the next 70% of time doing computation, and the last 10% of time doing I/O again.

Assume:
A)All I/O operations can be overlapped as much as possible.
B) The operating system uses a shortest remaining compute time first scheduling algorithm and schedules a new process either when the running process gets blocked on I/O or when the running process finishes its compute burst

For what percentage of time does the CPU remain idle?

Ans.10.64
Let three processes be p0, p1 and p2. Their execution time is 10, 20 and 30 respectively. p0
spends first 2 time units in I/O, 7 units of CPU time and finally 1 unit in I/O. p1 spends first 4
units in I/O, 14 units of CPU time and finally 2 units in I/O. p2 spends first 6 units in I/O, 21
units of CPU time and finally 3 units in I/O.
idle p0 p1 p2 idle
0 2 9 23 44 47
Total time spent = 47
Idle time = 2 + 3 = 5
Percentage of idle time = (5/47)*100 = 10.6 %



Scheduling",,midsem,pool,os questions bank /Classified OS Questions bank.docx
ea24d4e08e-251,0,,State different scheduling algorithms. Explain them.,,midsem,pool,os questions bank /Classified OS Questions bank.docx
ea24d4e08e-252,0,,What are the 3 different types of scheduling queues.,,midsem,pool,os questions bank /Classified OS Questions bank.docx
ea24d4e08e-253,0,,What are the types of scheduling alogorithms and explain any of two?,,midsem,pool,os questions bank /Classified OS Questions bank.docx
ea24d4e08e-254,0,,What is difference between multilevel queue scheduling and multilevel feedback queue scheduling?,,midsem,pool,os questions bank /Classified OS Questions bank.docx
ea24d4e08e-255,0,,What is response ratio time?,,midsem,pool,os questions bank /Classified OS Questions bank.docx
ea24d4e08e-256,0,,If there is no pre-emption then which scheduling policies of CPU -Virtualization will be efficient and which gives least response time?,,midsem,pool,os questions bank /Classified OS Questions bank.docx
ea24d4e08e-257,0,,"In a real time system, processes indicate hard constraints about when they need to run. If you were designing a scheduler for such a system, speculate about how would you use that information and what scheduling algorithm you would implement?",,midsem,pool,os questions bank /Classified OS Questions bank.docx
ea24d4e08e-258,0,,disadvantages of completely fair scheduler?,,midsem,pool,os questions bank /Classified OS Questions bank.docx
ea24d4e08e-259,0,,Which scheduling policy is most suitable in real time environment? And Which scheduling is fastest?,,midsem,pool,os questions bank /Classified OS Questions bank.docx
ea24d4e08e-260,0,,Why process scheduling is required and Which type of scheduling is best?,,midsem,pool,os questions bank /Classified OS Questions bank.docx
ea24d4e08e-261,0,,"What is the main purpose of disk scheduling and ,How is performance measured in disk scheduling?",,midsem,pool,os questions bank /Classified OS Questions bank.docx
ea24d4e08e-262,0,,"What are turn around time and response time?
The basic difference b/w the turn around time and response time is:-
Turn around time is the interval between the submission of a job and its completion.
Response time is the interval b/w the submission of the request, and the first response to that request.
Problem 13 -
Consider a disk queue with requests for I/O to blocks on cylinders 98, 183, 41, 122, 14, 124, 65, 67. The C-SCAN scheduling algorithm is used. The head is initially at cylinder number 53 moving towards larger cylinder numbers on its servicing pass. The cylinders are numbered from 0 to 199. The total head movement (in number of cylinders) incurred while servicing these requests is _______.
 
Solution
Total head movements incurred while servicing these requests
= (65 – 53) + (67 – 65) + (98 – 67) + (122 – 98) + (124 – 122) + (183 – 124) + (199 – 183) + (199 – 0) + (14 – 0) + (41 – 14)
= 12 + 2 + 31 + 24 + 2 + 59 + 16 + 199 + 14 + 27
= 386
Problem 14
Consider a disk queue with requests for I/O to blocks on cylinders 98, 183, 41, 122, 14, 124, 65, 67. The SCAN scheduling algorithm is used. The head is initially at cylinder number 53 moving towards larger cylinder numbers on its servicing pass. The cylinders are numbered from 0 to 199. The total head movement (in number of cylinders) incurred while servicing these requests is _______.
Solution-
Total head movements incurred while servicing these requests
= (65 – 53) + (67 – 65) + (98 – 67) + (122 – 98) + (124 – 122) + (183 – 124) + (199 – 183) + (199 – 41) + (41 – 14)
= 12 + 2 + 31 + 24 + 2 + 59 + 16 + 158 + 27
= 331",,midsem,pool,os questions bank /Classified OS Questions bank.docx
ea24d4e08e-263,0,,"Given a gantt chart and scheduling algorithm used is Round Robin. Time Quantum used is 5ms.

Find the average turnaround time and average waiting time?
Ans-> average turnaround time: we have to find out the turnaround time of each process in order to calculate average turnaround time. Therefore, turnaround time of
P1 = 14 + 30 = 44ms P2 = 15 + 6 = 21ms P3 = 16 + 8 = 24ms
Hence, Average Turnaround Time = (44 + 21 + 24) / 3 = 29.66ms
Average waiting time: Same concept for finding the Waiting Time. Therefore, waiting time of
P1 = 0 + (15 - 5) + (24 - 20) = 14ms
P2 = 5 + (20 - 10) = 15ms
P3 = 10 + (21 - 15) = 16ms
Therefore, Average Waiting Time = (14 + 15 + 16) / 3 = 15ms",,midsem,pool,os questions bank /Classified OS Questions bank.docx
ea24d4e08e-264,0,,"explain the difference between Preemptive Scheduling and Non-Preemptive Scheduling. Give examples of scheduling policies for each of them.
Ans-> In Preemptive Scheduling, the resources are allocated to the process for a limited amount of time and then taken away, and the process is again placed back in the ready queue if that process still has CPU burst time remaining. That process stays in the ready queue till it gets its next chance to executed.

Algorithms based on preemptive scheduling are: Round Robin (RR), Shortest Remaining Time First (SRTF), Priority (preemptive version), etc.
Non-Preemptive Scheduling: In this scheduling, once the resources (CPU cycles) are allocated to a process, the process holds the CPU till it gets terminated or reaches a waiting state.
Algorithms based on non-preemptive scheduling are: Shortest Job First (SJF basically non preemptive) and Priority (non-preemptive version), etc.",,midsem,pool,os questions bank /Classified OS Questions bank.docx
ea24d4e08e-265,0,,"Consider the collection of these five processes, whose arrival and burst times are provided :-


Calculate the average waiting time and average turnaround time if the CPU scheduling policy is SJF preemptive.

Ans.-
Turn Around time = Exit time – Arrival time 
Waiting time = Turn Around time – Burst time

Average Turn Around time = (1 + 5 + 4 + 16 + 9) / 5 = 35 / 5 = 7 unit
Average waiting time = (0 + 1 + 2 + 10 + 6) / 5 = 19 / 5 = 3.8 unit",,midsem,pool,os questions bank /Classified OS Questions bank.docx
ea24d4e08e-266,0,,Why I/O jobs are treated as a series of separate jobs?,,midsem,pool,os questions bank /Classified OS Questions bank.docx
ea24d4e08e-267,0,,Why CPU-bound jobs aren’t given priority for response time?,,midsem,pool,os questions bank /Classified OS Questions bank.docx
ea24d4e08e-268,0,,At what end does new jobs enter MLFQ?,,midsem,pool,os questions bank /Classified OS Questions bank.docx
ea24d4e08e-269,0,,Is starvation possible in MLFQ?,,midsem,pool,os questions bank /Classified OS Questions bank.docx
ea24d4e08e-270,0,,What is the maximum time does a process can be without getting scheduled in MLFQ?,,midsem,pool,os questions bank /Classified OS Questions bank.docx
ea24d4e08e-271,0,,"Consider three process, all arriving at time zero, with total execution time of 10, 20 and 30 units respectively. Each process spends the first 20% of execution time doing I/O, the next 70% of time doing computation, and the last 10% of time doing I/O again. The operating system uses a shortest remaining compute time first scheduling algorithm and schedules a new process either when the running process gets blocked on I/O or when the running process finishes its compute burst. Assume that all I/O operations can be overlapped as much as possible. For what percentage of does the CPU remain idle?

Solution :

According to question, we have-




The scheduling algorithm used is Shortest Remaining Time First.

Gantt Chart-


Percentage of time CPU remains idle
= (5 / 47) x 100
= 10.638%

Problem-24

Consider the set of 6 processes whose arrival time and burst time are given below



If the CPU scheduling policy is Round Robin with time quantum = 3, calculate the average waiting time and average turn around time.

Solution :

Ready Queue :
P3, P1, P4, P2, P3, P6, P1, P4, P2, P3, P5, P4




Now, we know-
Turn Around time = Exit time – Arrival time
Waiting time = Turn Around time – Burst time



Now,
Average Turn Around time = (27 + 23 + 30 + 29 + 4 + 15) / 6 = 128 / 6 = 21.33 unit",,midsem,pool,os questions bank /Classified OS Questions bank.docx
ea24d4e08e-272,0,,What are the scheduling criteria for different algorithms?,,midsem,pool,os questions bank /Classified OS Questions bank.docx
ea24d4e08e-273,0,,"Explain SJF, FCFS, Priority and Round Robin Algorithm and state the major diffence between them.",,midsem,pool,os questions bank /Classified OS Questions bank.docx
ea24d4e08e-274,0,,In which Algorithm the starvation condition is most likely to occur?,,midsem,pool,os questions bank /Classified OS Questions bank.docx
ea24d4e08e-275,0,,"Describe the functioning of clock, hardware support is needed, What data structures can
be used?",,midsem,pool,os questions bank /Classified OS Questions bank.docx
ea24d4e08e-276,0,,"If a system is thrashing, how can we try to reduce thrashing within the OS?",,midsem,pool,os questions bank /Classified OS Questions bank.docx
ea24d4e08e-277,0,,How does LRU works?,,midsem,pool,os questions bank /Classified OS Questions bank.docx
ea24d4e08e-278,0,,Can clock behave like a LRU?,,midsem,pool,os questions bank /Classified OS Questions bank.docx
ea24d4e08e-279,0,,What replacement policy can we use in worst-case LRU situation?,,midsem,pool,os questions bank /Classified OS Questions bank.docx
ea24d4e08e-280,0,,What is a cooperative approach to scheduling? Is it beneficial?,,midsem,pool,os questions bank /Classified OS Questions bank.docx
ea24d4e08e-281,0,,Define the term dispatch latency?,,midsem,pool,os questions bank /Classified OS Questions bank.docx
ea24d4e08e-282,0,,Why there is bad turnaround time in round robin ?,,midsem,pool,os questions bank /Classified OS Questions bank.docx
ea24d4e08e-283,0,,When will we prefer round robin over STCF ?,,midsem,pool,os questions bank /Classified OS Questions bank.docx
ea24d4e08e-284,0,,"write a C program for implementation of Priority scheduling algorithms?



I/O",,midsem,pool,os questions bank /Classified OS Questions bank.docx
ea24d4e08e-285,0,,Why does Write buffering improves performance?,,midsem,pool,os questions bank /Classified OS Questions bank.docx
ea24d4e08e-286,0,,What is difference between spooling and buffering?,,midsem,pool,os questions bank /Classified OS Questions bank.docx
ea24d4e08e-287,0,,What is input spooling? Differentiate between Process switch vs context switch?,,midsem,pool,os questions bank /Classified OS Questions bank.docx
ea24d4e08e-288,0,,What is the purpose of an I/O status information?,,midsem,pool,os questions bank /Classified OS Questions bank.docx
ea24d4e08e-289,0,,"Consider a disk system with 100 cylinders. The requests to access the cylinders occur in following sequence-
4, 34, 10, 7, 19, 73, 2, 15, 6, 20
Assuming that the head is currently at cylinder 50, what is the time taken to satisfy all requests if it takes 1 ms to move from one cylinder to adjacent one and shortest seek time first policy is used?

Solution :



Total head movements incurred while servicing these requests
= (50 – 34) + (34 – 20) + (20 – 19) + (19 – 15) + (15 – 10) + (10 – 7) + (7 – 6) + (6 – 4)
+ (4 – 2) + (73 – 2)
= 16 + 14 + 1 + 4 + 5 + 3 + 1 + 2 + 2 + 71
= 119

Time taken for one head movement = 1 msec. So, Time taken for 119 head movements
= 119 x 1 msec
= 119 msec",,midsem,pool,os questions bank /Classified OS Questions bank.docx
ea24d4e08e-290,0,,Can we say MLFQ CPU scheduling from learns from past behaviour of the process and then predicts its future behaviour? Provide reasons for your answer.,,midsem,pool,os questions bank /Classified OS Questions bank.docx
ea24d4e08e-291,0,,What can you say about adjusting Tq to trade off in Round Robin policy scheduling?,,midsem,pool,os questions bank /Classified OS Questions bank.docx
ea24d4e08e-292,0,,On considering the Pages reference order by CPU as 0 2 1 0 3 1 0 3 2 1 0 3. Calculate hit % in the case of FIFO and Optimal replacement policy when no of frames is i)3 ii)4. Explain what you observed and how can it support Belady’s anomaly?,,midsem,pool,os questions bank /Classified OS Questions bank.docx
ea24d4e08e-293,0,,A certain moving arm disk-storage device has the following specifications: Number of tracks per surface =4004 Track storage capacity =130030 bytes Disk speed =3600 rpm Average seek time =30 m secs. Estimate the average latency the disk storage capacity and the data transfer rate.,,midsem,pool,os questions bank /Classified OS Questions bank.docx
ea24d4e08e-294,0,,Sol: Avg Latency =12×60R =12×603600=8.33 ms,,midsem,pool,os questions bank /Classified OS Questions bank.docx
ea24d4e08e-295,0,,Disk Storage Capacity = (We need a number of surface to calculate it) 404×130030Bytes≃50 MB per surface (approx),,midsem,pool,os questions bank /Classified OS Questions bank.docx
ea24d4e08e-296,0,,Data transfer rate = Track capacity ×R60=130030×360060=7801.8 kBps,,midsem,pool,os questions bank /Classified OS Questions bank.docx
ea24d4e08e-297,0,,"Consider three processes (process id 0, 1, 2 respectively) with compute time bursts 2, 4 and 8 time units. All processes arrive at time zero. Consider the longest remaining time first (LRTF) scheduling algorithm. In LRTF ties are broken by giving priority to the process with the lowest process id. The average turn around time is: 

Sol: Let the processes be p0, p1 and p2. These processes will be executed in following order. 
p2 p1 p2 p1 p2 p0 p1 p2 p0 p1 p2 
0 4 5 6 7 8 9 10 11 12 13 14 
Turn around time of a process is total time between submission of the process and its completion. 
Turn around time of p0 = 12 (12-0) 
Turn around time of p1 = 13 (13-0) 
Turn around time of p2 = 14 (14-0) 
Average turn around time is (12+13+14)/3 = 13.",,midsem,pool,os questions bank /Classified OS Questions bank.docx
ea24d4e08e-298,0,,"Suppose the following disk request sequence (track numbers) for a disk with 100 tracks is given: 45, 20, 90, 10, 50, 60, 80 and 70. Assume that the initial position of the R/W head is on track 50. The additional distance that will be traversed by the R/W head when the Shortest Seek Time First (SSTF) algorithm is used compared to the SCAN (Elevator) algorithm (assuming that SCAN algorithm moves towards 100 when it starts execution) is _________ tracks 

Sol: using SSTF algorithm 
Number of track are 100. 
Initial Position of R/W head is 50. 
The requests are: 45, 20, 90, 10, 50, 60, 80 and 70


Using SCAN Algorithm


Number of cylinders crosses = 0 + 10 + 10 + 10 + 10 + 10 + 55 + 25 + 10 = 140 
The SCAN algorithm travels for 10 additional tracks.






Kernel",,midsem,pool,os questions bank /Classified OS Questions bank.docx
ea24d4e08e-299,0,,What happens if the Kernel trust on the User stack to restore the state of a process?,,midsem,pool,os questions bank /Classified OS Questions bank.docx
ea24d4e08e-300,0,,Describe how interrupts are implemented.,,midsem,pool,os questions bank /Classified OS Questions bank.docx
ea24d4e08e-301,0,,"What are the different types of Kernel?
Monolithic Kernels –In this architecture of kernel, all the system services were packaged into a single system module which lead to poor maintainability and huge size of kernel.
Microkernels – They follow the modular approach of architecture. Maintainability became easier with this model as only the concerned module is to be altered and loaded for every function. This model also keeps a tab on the ever growing code size of the kernel.",,midsem,pool,os questions bank /Classified OS Questions bank.docx
ea24d4e08e-302,0,,"What is the difference between Kernel and OS?

Kernel: Kernel is a system program that controls all programs running on the computer. The kernel is basically a bridge between the software and hardware of the system.

Operating System: Operating system is a system program that runs on the computer to provide an interface to the computer user so that they can easily operate on the computer.",,midsem,pool,os questions bank /Classified OS Questions bank.docx
ea24d4e08e-303,0,,"Give examples of process handled by Kernel, OS and Users.
Write basic code of shell.",,midsem,pool,os questions bank /Classified OS Questions bank.docx
ea24d4e08e-304,0,,"Which is true about operating systems?
- They always make systems run faster
- They never crash
- They generally make systems easier to use
- None of the above

In UNIX, what is used to set the task priority?
What is root partition?
what is monolithic kernel
What is difference between monolithic os and micro-kernel os ?",,midsem,pool,os questions bank /Classified OS Questions bank.docx
b5247bb860-0,0,2.0,What is the purpose of a trap table in an operating system? What does it contain? When is it consulted? When is it loaded? Answer concisely.  [2m],,midsem,pool,os questions bank /combined Mid sem questions.docx
b5247bb860-1,0,2.0,"Context switching between two threads of execution within the operating system is usually performed by a small assembly language function. In general terms, what does this small function do internally? [2m]",,midsem,pool,os questions bank /combined Mid sem questions.docx
b5247bb860-2,0,2.0,"Consider the following code and answer the questions:
    int main(void) {
   	pid_t pid = -1;
   	for(int i=0; i<4; i++){
   	pid = fork();
   	if(pid != 0){
   	break;
   	}
   	}
   	waitpid(pid, NULL, 0);
   	printf("" %d,  %d,  %d \n"", getpid(), pid, &pid);
 	return 0;
   }
Draw the shape (illustration) of process hierarchy that this code produces clearly indicating different processes and their relationship by appropriate name/IDs. [2m]
What are the values printed by each process? Will they be same or different? [1m]
Will the order of printing be consistent or arbitrary? Why? [1m]",,midsem,pool,os questions bank /combined Mid sem questions.docx
b5247bb860-3,0,3.0,"Given a 3-level MLFQ scheduler with a quantum length of 2 ms, 4ms, 6ms in its highest, middle and lowest queue respectively. 
a) How often would you have to boost jobs back to the highest priority level to guarantee that a single long-running (and potentially starving) job gets at least 20% of the CPU, assuming there are not too many processes competing for CPU? [1.5m]
b) Let say the priority boost happen every 8 ms and 3 jobs arrive together in the order A, B & C with job length of 6, 20 and 10 respectively. When the priority boost fires, the current job is pre-empted and the next scheduled job is run in round-robin order. Draw the scheduling in the below graph (as discussed in class) showing the vertical lines for key events and clearly labelling the X-axis times. [3m]",,midsem,pool,os questions bank /combined Mid sem questions.docx
b5247bb860-4,0,2.0,"a) What does TLB miss handler do when TLB miss occurs during an address translation. Explain your answer based on the valid and present bits of the page table entry.	[1.5m]	
b) Consider a paging system that uses a one-level page table residing in main memory and a TLB for address translation. Each main memory access takes 100 ns and TLB lookup takes 20 ns. Each page transfer to/from the disk takes 5000 ns. Assume that the TLB hit ratio is 90%, page fault rate is 10%. Assume TLB update time and page table entry update is negligible. What is the average memory access time (in ns) ? [2m]",,midsem,pool,os questions bank /combined Mid sem questions.docx
b5247bb860-5,0,3.0,"A certain computer system uses segmented paging architecture for memory virtualization. The memory is byte addressable. Both virtual and physical address spaces contain 64K bytes each. The virtual address space is divided into 8 non-overlapping equal size segments. The memory management unit (MMU) has a hardware segment table, each entry of which contains the physical address of the page table for the segment. Page tables are stored in the main memory and consist of 2 byte page table entries. What is the minimum page size in bytes so that the page table for a segment requires at most one page to store it? Show suitable calculations. [3m]",,midsem,pool,os questions bank /combined Mid sem questions.docx
b5247bb860-6,0,,"Consider an OS using a two-level page table. Assume a 32-bit virtual address space, 4 KB pages, page table entry (PTE) is 4 bytes in size. Answer the following questions	[2+2 = 4m]
What is the minimum number of valid virtual pages in an address space such that the multi-level page table becomes its maximum size? Explain.
What is the minimum number of pages needed for the multi-level page table (including the page directory) when there are 1025 contiguous valid pages somewhere in the virtual address space? Explain.",,midsem,pool,os questions bank /combined Mid sem questions.docx
b5247bb860-7,0,2.0,"Consider a main memory with five page frames and the following sequence of page references: 3, 8, 2, 3, 9, 1, 6, 3, 8, 9, 3, 6, 2, 1, 3. Assuming all frames are empty initially, find the number of page faults using Least Recently Used (LRU) page replacement policies? Show suitable calculations [2m]

--------------xxx-----------------


Course Outcomes: 
At the end of the course the students will be able to:

CO1: Demonstrate understanding of CPU and Memory virtualization and implement related concepts.
CO2: Demonstrate understanding of concurrency issues and implement solutions to related problems
CO3: Demonstrate knowledge and understanding of how operating systems manages persistent data storage.

Mapping of Course Outcomes to Program outcomes:


Question Paper to CO mapping:


Assessment of Attainment of Course Outcomes:",,midsem,pool,os questions bank /combined Mid sem questions.docx
9bee9fa698-0,0,,"1. Answer yes/no, and provide a brief explanation. (a) Is it necessary for threads in a process to have separate stacks?",,midsem,pool,Pactise Questions/Practise Questions on Concurrency.pdf
9bee9fa698-1,0,,"1. Answer yes/no, and provide a brief explanation. (b) Is it necessary for threads in a process to have separate copies of the program executable?",,midsem,pool,Pactise Questions/Practise Questions on Concurrency.pdf
9bee9fa698-2,0,,"2. Can one have concurrent execution of threads/processes without having parallelism? If yes, describe how. If not, explain why not.",,midsem,pool,Pactise Questions/Practise Questions on Concurrency.pdf
9bee9fa698-3,0,,"3. Consider a multithreaded webserver running on a machine with N parallel CPU cores. The server has M worker threads. Every incoming request is put in a request queue, and served by one of the free worker threads. The server is fully saturated and has a certain throughput at saturation. Under which circumstances will increasing M lead to an increase in the saturation throughput of the server?",,midsem,pool,Pactise Questions/Practise Questions on Concurrency.pdf
9bee9fa698-4,0,,4. Consider a process that uses a user level threading library to spawn 10 user level threads. The library maps these 10 threads on to 2 kernel threads. The process is executing on a 8-core system. What is the maximum number of threads of a process that can be executing in parallel?,,midsem,pool,Pactise Questions/Practise Questions on Concurrency.pdf
9bee9fa698-5,0,,"5. Consider a user level threading library that multiplexes N > 1 user level threads over M ≥ 1 kernel threads. The library manages the concurrent scheduling of the multiple user threads that map to the same kernel thread internally, and the programmer using the library has no visibility or control on this scheduling or on the mapping between user threads and kernel threads. The N user level threads all access and update a shared data structure. When (or, under what conditions) should the user level threads use mutexes to guarantee the consistency of the shared data structure?",,midsem,pool,Pactise Questions/Practise Questions on Concurrency.pdf
9bee9fa698-6,0,,6. Creating user level threads in a Linux application via any threading library always leads to the creation of corresponding kernel-level threads. [T/F],,midsem,pool,Pactise Questions/Practise Questions on Concurrency.pdf
9bee9fa698-7,0,,"7. Consider a Linux application with two threads T1 and T2 that both share and access a common variable x. Thread T1 uses a pthread mutex lock to protect its access to x. Now, if thread T2 tries to write to x without locking, then the Linux kernel generates a trap. [T/F]",,midsem,pool,Pactise Questions/Practise Questions on Concurrency.pdf
9bee9fa698-8,0,,"8. In a single processor system, the kernel can simply disable interrupts to safely access kernel data structures, and does not need to use any spin locks. [T/F]",,midsem,pool,Pactise Questions/Practise Questions on Concurrency.pdf
9bee9fa698-9,0,,"9. In the pthread condition variable API, a process calling wait on the condition variable must do so with a mutex held. State one problem that would occur if the API were to allow calls to wait without requiring a mutex to be held.",,midsem,pool,Pactise Questions/Practise Questions on Concurrency.pdf
9bee9fa698-10,0,,"10. Consider N threads in a process that share a global variable in the program. If one thread makes a change to the variable, is this change visible to other threads? (Yes/No)",,midsem,pool,Pactise Questions/Practise Questions on Concurrency.pdf
9bee9fa698-11,0,,"11. Consider N threads in a process. If one thread passes certain arguments to a function in the program, are these arguments visible to the other threads? (Yes/No)",,midsem,pool,Pactise Questions/Practise Questions on Concurrency.pdf
9bee9fa698-12,0,,"12. Consider a user program thread that has locked a pthread mutex lock (that blocks when waiting for lock to be released) in user space. In modern operating systems, can this thread be context switched out or interrupted while holding the lock? (Yes/No)",,midsem,pool,Pactise Questions/Practise Questions on Concurrency.pdf
9bee9fa698-13,0,,13. Repeat the previous question when the thread holds a pthread spinlock in user space.,,midsem,pool,Pactise Questions/Practise Questions on Concurrency.pdf
9bee9fa698-14,0,,"14. Consider a process that has switched to kernel mode and has acquired a spinlock to modify a kernel data structure. In modern operating systems, will this process be interrupted by external hardware before it releases the spinlock? (Yes/No)",,midsem,pool,Pactise Questions/Practise Questions on Concurrency.pdf
9bee9fa698-15,0,,"15. Consider a process that has switched to kernel mode and has acquired a spinlock to modify a kernel data structure. In modern operating systems, will this process initiate a disk read before it releases the spinlock? (Yes/No)",,midsem,pool,Pactise Questions/Practise Questions on Concurrency.pdf
9bee9fa698-16,0,,"16. When a user space process executes the wakeup/signal system call on a pthread condition variable, does it always lead to an immediate context switch of the process that calls signal (immediately after the signal instruction)? (Yes/No)",,midsem,pool,Pactise Questions/Practise Questions on Concurrency.pdf
9bee9fa698-17,0,,17. a). Multiple threads that are part of the same process have their own program counter and stack pointer values. True/False?,,midsem,pool,Pactise Questions/Practise Questions on Concurrency.pdf
9bee9fa698-18,0,,17. b). Multiple threads that are part of the same process have their own copies of global variables. True/False?,,midsem,pool,Pactise Questions/Practise Questions on Concurrency.pdf
9bee9fa698-19,0,,"18. A lecturer is about to ask his students to not talk in the class. Just as he is about to make the announcement a student starts talking, so he waits until the talking is finished. Just as he is about to make the announcement (for the second time) another student starts talking, so he waits until this conversation is finished. This process continues forever. This is an example of: (A) a critical section  (B) starvation (C) FCFS  (D) deadlock",,midsem,pool,Pactise Questions/Practise Questions on Concurrency.pdf
9bee9fa698-20,0,,"19. Suppose we have N process which use 2 critical sections which are protected using locks. You can assume that the critical sections are independent of each other, the processes implement the critical region protocol correctly and that there is no starvation. What is the maximum number of suspended processes?",,midsem,pool,Pactise Questions/Practise Questions on Concurrency.pdf
9bee9fa698-21,0,,"20. Suppose you try to enforce mutual exclusion among two process as follows: PROCESS 1: while (true) { p1_in_crit_sect = true; turn = 1; while (p2_in_crit_sect && turn==2) ; /* do nothing */ … critical section … p1_in_crit_sect = false; } PROCESS 2: while (true) { p2_in_crit_sect = true; turn=2; while (p1_in_crit_sect && turn==1) ; /* do nothing */ … critical section … p2_in_crit_sect = false; } Will this code enforce mutual exclusion, bounded-wait and no deadlock?",,midsem,pool,Pactise Questions/Practise Questions on Concurrency.pdf
9bee9fa698-22,0,,"21. With respect to a simple spin lock implementation using test-and-set atomic instruction, select which of the following statements are TRUE: I. It requires a preemptive scheduler to work correctly on single processor II. The implementation is starvation free. III. The processes/threads get access to CS in FIFO order. IV. Performance issue (wastage of CPU cycles) when there is high contention V. Good for multi processor scenario and small CS",,midsem,pool,Pactise Questions/Practise Questions on Concurrency.pdf
9bee9fa698-23,0,,22. (a) Provide two programming examples of multithreading giving improved performance over a single-threaded solution.,,midsem,pool,Pactise Questions/Practise Questions on Concurrency.pdf
9bee9fa698-24,0,,22. (b) Provide two programming examples of multithreading that would not improve performance over a single-threaded solution.,,midsem,pool,Pactise Questions/Practise Questions on Concurrency.pdf
9bee9fa698-25,0,,22. (c) What resources are used when a thread is created? How do they differ from those used when a process is created?,,midsem,pool,Pactise Questions/Practise Questions on Concurrency.pdf
9bee9fa698-26,0,,"23. Several processes wish to read and write data shared between them. Some processes only want to read, while others want to update the shared data. Multiple readers may concurrently access the data. However, a writer must not access the data concurrently with anyone else, either a reader or a writer. Write down pseudocode to implement the functions readLock, readUnlock, writeLock, and writeUnlock that are invoked by the readers and writers to realize read/write locks. You must use condition variables and mutexes only in your solution.",,midsem,pool,Pactise Questions/Practise Questions on Concurrency.pdf
9bee9fa698-27,0,,"24. Consider the readers and writers problem discussed above. Recall that multiple readers can be allowed to read concurrently, while only one writer at a time can access the critical section. Write down pseudocode to implement the functions readLock, readUnlock, writeLock, and writeUnlock that are invoked by the readers and writers to realize read/write locks. You must use only semaphores, and no other synchronization mechanism, in your solution.",,midsem,pool,Pactise Questions/Practise Questions on Concurrency.pdf
9bee9fa698-28,0,,"19. Consider the readers and writers problem as discussed above. We wish to implement synchronization between readers and writers, while giving preference to writers, where no waiting writer should be kept waiting for longer than necessary. For example, suppose reader process R1 is actively reading. And a writer process W1 and reader process R2 arrive while R1 is reading. While it might be fine to allow R2 in, this could prolong the waiting time of W1 beyond the absolute minimum of waiting until R1 finishes. Therefore, if we want writer preference, R2 should not be allowed before W1. Your goal is to write down pseudocode for read lock, read unlock, write lock, and write unlock functions that the processes should call, in order to realize read/write locks with writer preference.",,midsem,pool,Pactise Questions/Practise Questions on Concurrency.pdf
9bee9fa698-29,0,,20. Write a solution to the readers-writers problem with preference to writers discussed,,midsem,pool,Pactise Questions/Practise Questions on Concurrency.pdf
9bee9fa698-30,0,,"Consider the famous dining philosophers’ problem. N philosophers are sitting around a table with N forks between them. Each philosopher must pick up both forks on her left and right before she can start eating. If each philosopher first picks the fork on her left (or right), then all will deadlock while waiting for the other fork. The goal is to come up with an algorithm that lets all philosophers eat, without deadlock or starvation. Write a solution to this problem using condition variables.",,midsem,pool,Pactise Questions/Practise Questions on Concurrency.pdf
9bee9fa698-31,0,,Semaphore variables and initial values:,,midsem,pool,Pactise Questions/Practise Questions on Concurrency.pdf
9bee9fa698-32,0,,Patient process: consultDoctor(); noteTreatment();,,midsem,pool,Pactise Questions/Practise Questions on Concurrency.pdf
9bee9fa698-33,0,,Doctor process: while(1) { treatPatient(); },,midsem,pool,Pactise Questions/Practise Questions on Concurrency.pdf
9bee9fa698-34,0,4.0,Producer: struct shmem_structure *shptr = get_shared_memory_structure(); while(1) { int produced = produceNext();,,midsem,pool,Pactise Questions/Practise Questions on Concurrency.pdf
9bee9fa698-35,0,4.0,Consumer: struct shmem_ structure *shptr = get_shared_memory_structure(); while(1) { int consumed; //fill this value from producer consumeNext(consumed); },,midsem,pool,Pactise Questions/Practise Questions on Concurrency.pdf
9bee9fa698-36,0,,"Consider a multithreaded banking application. The main process receives requests to tranfer money from one account to the other, and each request is handled by a separate worker thread in the application. All threads access shared data of all user bank accounts. Bank accounts are represented by a unique integer account number, a balance, and a lock of type mylock (much like a pthreads mutex) as shown below. struct account { int accountnum; int balance; mylock lock; }; Each thread that receives a transfer request must implement the transfer function shown below, which transfers money from one account to the other. Add correct locking (by calling the dolock(&lock) and unlock(&lock) functions on a mylock variable) to the tranfer function below, so that no race conditions occur when several worker threads concurrently perform transfers. Note that you must use the fine-grained per account lock provided as part of the account object itself, and not a global lock of your own. Also make sure your solution is deadlock free, when multiple threads access the same pair of accounts concurrently. void transfer(struct account *from, struct account *to, int amount) { from->balance -= amount; // dont write anything... to->balance += amount; // ...between these two lines }",,midsem,pool,Pactise Questions/Practise Questions on Concurrency.pdf
9bee9fa698-37,0,6.0,"Consider a process with three threads A, B, and C. The default thread of the process receives multiple requests, and places them in a request queue that is accessible by all the three threads A, B, and C. For each request, we require that the request must first be processed by thread A, then B, then C, then B again, and finally by A before it can be removed and discarded from the queue. Thread A must read the next request from the queue only after it is finished with all the above steps of the previous one. Write down code for the functions run by the threads A, B, and C, to enable this synchronization. You can only worry about the synchronization logic and ignore the application specific processing done by the threads. You may use any synchronization primitive of your choice to solve this question.",,midsem,pool,Pactise Questions/Practise Questions on Concurrency.pdf
9bee9fa698-38,0,,sem A1Done = 0; sem B1Done = 0; //Thread A //Thread B A1 B1 down(B1Done) down(A1Done) up(A1Done) up(B1Done) A2 B2,,midsem,pool,Pactise Questions/Practise Questions on Concurrency.pdf
9bee9fa698-39,0,,sem A1Done = 0; sem B1Done = 0; //Thread A //Thread B A1 B1 down(B1Done) up(B1Done) up(A1Done) down(A1Done) A2 B2,,midsem,pool,Pactise Questions/Practise Questions on Concurrency.pdf
9bee9fa698-40,0,,sem A1Done = 0; sem B1Done = 0; //Thread A //Thread B A1 B1 up(A1Done) up(B1Done) down(B1Done) down(A1Done) A2 B2,,midsem,pool,Pactise Questions/Practise Questions on Concurrency.pdf
9bee9fa698-41,0,,"Now consider a generalization of the above problem for the case of N threads that want to each execute their first operation before any thread proceeds to the second operation. Below is the code that each thread runs in order to achieve this synchronization. count is an integer shared variable, and mutex is a mutex binary semaphore that protects this shared variable. step1Done is a semaphore initialized to zero. You are told that this code is wrong and does not work correctly. Further, you can fix it by changing it slightly (e.g., adding one statement, or rearranging the code in some way). Suggest the change to be made to the code in the snippet below to fix it. You must use only semaphores and no other synchronization mechanism. //run first step down(mutex); count++; up(mutex); if(count == N) up(step1Done); down(step1Done); //run second step",,midsem,pool,Pactise Questions/Practise Questions on Concurrency.pdf
9bee9fa698-42,0,,"The cigarette smokers problem is a classical synchronization problem that involves 4 threads: one agent and three smokers. The smokers require three ingredients to smoke a cigarette: tobacco, paper, and matches. Each smoker has one of the three ingredients and waits for the other two, smokes the cigar once he obtains all ingredients, and repeats this forever. The agent repeatedly puts out two ingredients at a time and makes them available. In the correct solution of this problem, the smoker with the complementary ingredient should finish smoking his cigar. Consider the following solution to the problem. The shared variables are three semaphores tobacco, paper and matches initialized to 0, and semaphore doneSmoking initialized to 1. The agent code performs down(doneSmoking), then picks two of the three ingredients at random and performs up on the corresponding two semaphores, and repeats. The smoker with tobacco runs the following code in a loop. down(paper) down(matches) //make and smoke cigar up(doneSmoking) Similarly, the smoker with matches waits for tobacco and paper, and the smoker with paper waits for tobacco and matches, before signaling",,midsem,pool,Pactise Questions/Practise Questions on Concurrency.pdf
9bee9fa698-43,0,8.0,"Does the code above solve the synchronization problem correctly? If you answer yes, provide a justification for why the code is correct. If you answer no, describe what the error is and also provide a correct solution to the problem. (If you think the code is incorrect and are providing another solution, you may change the code of both the agent and the smokers. You can also introduce new variables as necessary. You must use only semaphores to solve the problem.)",,midsem,pool,Pactise Questions/Practise Questions on Concurrency.pdf
9bee9fa698-44,0,9.0,"Consider a server program running in an online market place firm. The program receives buy and sell orders for one type of commodity from external clients. For every buy or sell request received by the server, the main process spawns a new buy or sell thread. We require that every buy thread waits until a sell thread arrives, and vice versa. A matched pair of buy and sell threads will both return a response to the clients and exit. You may assume that all buy/sell requests are identical to each other, so that any buy thread can be matched with any sell thread. The code executed by the buy thread is shown below (the code of the sell thread would be symmetric). You have to write the synchronization logic that must be run at the start of the execution of the thread to enable it to wait for a matching sell thread to arrive (if none exists already). Once the threads are matched, you may assume that the function completeBuy() takes care of the application logic for exchanging information with the matching thread, communicating with the client, and finishing the transaction. You may use any synchronization technique of your choice. //declare any variables here buy_thread_function:  //start of sync logic //end of sync logic  completeBuy();",,midsem,pool,Pactise Questions/Practise Questions on Concurrency.pdf
9bee9fa698-45,0,10.0,"Consider the following classical synchronization problem called the barbershop problem. A barbershop consists of a room with N chairs. If a customer enters the barbershop and all chairs are occupied, then the customer leaves the shop. If the barber is busy, but chairs are available, then the customer sits in one of the free chairs and awaits his turn. The barber moves onto the next waiting seated customer after he finishes one hair cut. If there are no customers to be served, the barber goes to sleep. If the barber is asleep when a customer arrives, the customer wakes up the barber to give him a hair cut. A waiting customer vacates his chair after his hair cut completes. Your goal is to write the pseudocode for the customer and barber threads below with suitable synchronization. You must use only semaphores to solve this problem. Use the standard notation of invoking up/down functions on a semaphore variable. The following variables (3 semaphores and a count) are provided to you for your solution. You must use these variables and declare any additional variables if required. semaphore mutex = 1, customers = 0, barber = 0; int waiting_count = 0; Some functions to invoke in your customer and barber threads are: • A customer who finds the waiting room full should call the function leave() to exit the shop permanently. This function does not return. • A customer should invoke the function getHairCut() in order to get his hair cut. This function returns when the hair cut completes. • The barber thread should call cutHair() to give a hair cut. When the barber invokes this function, there should be exactly one customer invoking getHairCut() concurrently.",,midsem,pool,Pactise Questions/Practise Questions on Concurrency.pdf
e8c08a2e73-0,0,,What is a workload? What scheduling metrics are discussed till now? Can you think of others?,,midsem,pool,Pactise Questions/Discussion and Practise Questions on CPU scheduling.pdf
e8c08a2e73-1,0,,What is the difference between preemptive and non-preemptive schedulers and what are their drawbacks?,,midsem,pool,Pactise Questions/Discussion and Practise Questions on CPU scheduling.pdf
e8c08a2e73-2,0,,What is FIFO? what data structures would we use to implement it? What drawback(s) does FIFO have?,,midsem,pool,Pactise Questions/Discussion and Practise Questions on CPU scheduling.pdf
e8c08a2e73-3,0,,How does SJF improve over FIFO? What are its limitations?,,midsem,pool,Pactise Questions/Discussion and Practise Questions on CPU scheduling.pdf
e8c08a2e73-4,0,,Is SJF fair? What if there are a lot of small jobs and a few long ones?,,midsem,pool,Pactise Questions/Discussion and Practise Questions on CPU scheduling.pdf
e8c08a2e73-5,0,,How does STCF improve over SJF? Is STCF fair?,,midsem,pool,Pactise Questions/Discussion and Practise Questions on CPU scheduling.pdf
e8c08a2e73-6,0,,What is response time? How well does STCF perform to minimize response time?,,midsem,pool,Pactise Questions/Discussion and Practise Questions on CPU scheduling.pdf
e8c08a2e73-7,0,,What is a time slice? Why don't we make the time slice really small (1 instruction)?,,midsem,pool,Pactise Questions/Discussion and Practise Questions on CPU scheduling.pdf
e8c08a2e73-8,0,,How does RR minimize response time? What is the max response time for a newly arrived job?,,midsem,pool,Pactise Questions/Discussion and Practise Questions on CPU scheduling.pdf
e8c08a2e73-9,0,,Is RR fair? How does RR performs in terms of turnaround-time?,,midsem,pool,Pactise Questions/Discussion and Practise Questions on CPU scheduling.pdf
e8c08a2e73-10,0,,How does I/O affect our model of CPU scheduling? Why should we treat jobs that do I/O as a series of separate jobs? Are there any disadvantages to do this?,,midsem,pool,Pactise Questions/Discussion and Practise Questions on CPU scheduling.pdf
e8c08a2e73-11,0,,What are the goals of MLFQ? How is an MLFQ scheduler built?,,midsem,pool,Pactise Questions/Discussion and Practise Questions on CPU scheduling.pdf
e8c08a2e73-12,0,,Where do new jobs enter MLFQ (to what end)? What happens when a job uses its entire time slice?,,midsem,pool,Pactise Questions/Discussion and Practise Questions on CPU scheduling.pdf
e8c08a2e73-13,0,,How does MLFQ approximate SJF? Is MLFQ fair?,,midsem,pool,Pactise Questions/Discussion and Practise Questions on CPU scheduling.pdf
e8c08a2e73-14,0,,What is starvation? Is it possible to starve in MLFQ? why (not)?,,midsem,pool,Pactise Questions/Discussion and Practise Questions on CPU scheduling.pdf
e8c08a2e73-15,0,,"What is ""gaming the system/scheduler""? Is it possible in MLFQ?",,midsem,pool,Pactise Questions/Discussion and Practise Questions on CPU scheduling.pdf
e8c08a2e73-16,0,,Does the anti-gaming rule 4 stop cheating & minimize TT for short jobs? What if my job legitimately uses just about a whole timeslice and then does I/0?,,midsem,pool,Pactise Questions/Discussion and Practise Questions on CPU scheduling.pdf
e8c08a2e73-17,0,,What is the longest a process can go without being scheduled in MLFQ? Is this a hard bound (no because of # of processes),,midsem,pool,Pactise Questions/Discussion and Practise Questions on CPU scheduling.pdf
e8c08a2e73-18,0,,"Consider the following three processes that arrive in a system at the specified times, along with the duration of their CPU bursts. Process P1 arrives at time t=0, and has a CPU burst of 10 time units. P2 arrives at t=2, and has a CPU burst of 2 units. P3 arrives at t=3, and has a CPU burst of 3 units. Assume that the processes execute only once for the duration of their CPU burst, and terminate immediately. Calculate the time of completion of the three processes under each of the following scheduling policies. For each policy, you must state the completion time of all three processes, P1, P2, and P3. Assume there are no other processes in the scheduler’s queue. For the preemptive policies, assume that a running process can be immediately preempted as soon as the new process arrives (if the policy should decide to premempt).",,midsem,pool,Pactise Questions/Discussion and Practise Questions on CPU scheduling.pdf
e8c08a2e73-19,0,,First Come First Serve,,midsem,pool,Pactise Questions/Discussion and Practise Questions on CPU scheduling.pdf
e8c08a2e73-20,0,,Shortest Job First (non-preemptive),,midsem,pool,Pactise Questions/Discussion and Practise Questions on CPU scheduling.pdf
e8c08a2e73-21,0,,Shortest Remaining Time First (preemptive),,midsem,pool,Pactise Questions/Discussion and Practise Questions on CPU scheduling.pdf
e8c08a2e73-22,0,,Round robin (preemptive) with a time slice of (atmost) 5 units per process,,midsem,pool,Pactise Questions/Discussion and Practise Questions on CPU scheduling.pdf
e8c08a2e73-23,0,,"Consider the following set of processes, with the length of the CPU burst given in milliseconds.",,midsem,pool,Pactise Questions/Discussion and Practise Questions on CPU scheduling.pdf
e8c08a2e73-24,0,,"Draw four Gantt charts that illustrate the  execution of these processes using the following scheduling algorithms: FCFS, SJF, non-preemptive priority (a smaller priority number implies a higher priority), and RR (quantum = 1).",,midsem,pool,Pactise Questions/Discussion and Practise Questions on CPU scheduling.pdf
e8c08a2e73-25,0,,What is the turnaround time of each process for each of the scheduling algorithms in part a?,,midsem,pool,Pactise Questions/Discussion and Practise Questions on CPU scheduling.pdf
e8c08a2e73-26,0,,What is the waiting time of each process for each of the scheduling algorithms in part a?,,midsem,pool,Pactise Questions/Discussion and Practise Questions on CPU scheduling.pdf
e8c08a2e73-27,0,,Which of the algorithms om part a results in the minimum average waiting time (over all processes)?,,midsem,pool,Pactise Questions/Discussion and Practise Questions on CPU scheduling.pdf
e8c08a2e73-28,0,,"Consider the following set of processes, with the length of the CPU burst and arrival time given in milliseconds.",,midsem,pool,Pactise Questions/Discussion and Practise Questions on CPU scheduling.pdf
e8c08a2e73-29,0,,Which of the algorithms from part a results in the minimum average waiting time (over all processes)?,,midsem,pool,Pactise Questions/Discussion and Practise Questions on CPU scheduling.pdf
e8c08a2e73-30,0,,"In the context of Round Robin (RR) scheduling, answer the following:",,midsem,pool,Pactise Questions/Discussion and Practise Questions on CPU scheduling.pdf
e8c08a2e73-31,0,,What are the major strengths and weaknesses of the RR approach?,,midsem,pool,Pactise Questions/Discussion and Practise Questions on CPU scheduling.pdf
e8c08a2e73-32,0,,How does reducing the time quanta of RR change its behavior/performance?,,midsem,pool,Pactise Questions/Discussion and Practise Questions on CPU scheduling.pdf
e8c08a2e73-33,0,,"If a random job is picked to run next at each quantum, how would that change its performance (is it better, worse, or quite similar)?",,midsem,pool,Pactise Questions/Discussion and Practise Questions on CPU scheduling.pdf
e8c08a2e73-34,0,,Consider a variant of the Round Robin (RR) scheduling algorithm in which the entries in the ready queue are pointers to the PCBs,,midsem,pool,Pactise Questions/Discussion and Practise Questions on CPU scheduling.pdf
e8c08a2e73-35,0,,What would be the effect of putting two pointers to the same process in the ready queue?,,midsem,pool,Pactise Questions/Discussion and Practise Questions on CPU scheduling.pdf
e8c08a2e73-36,0,,What would be major advantages and disadvantages of this scheme?,,midsem,pool,Pactise Questions/Discussion and Practise Questions on CPU scheduling.pdf
e8c08a2e73-37,0,,How would you modify the basic RR algorithm to achieve the same effect without the duplicate pointers?,,midsem,pool,Pactise Questions/Discussion and Practise Questions on CPU scheduling.pdf
e8c08a2e73-38,0,,"In a particular workload given in table below, Jobs A and B are completely CPU-bound processes. Job C requires 1 unit of CPU followed by 4 time units of I/O, in a pattern repeated thrice, followed by 1 unit of CPU. For each job sequence, C stands for CPU and I stands for I/O.",,midsem,pool,Pactise Questions/Discussion and Practise Questions on CPU scheduling.pdf
e8c08a2e73-39,0,,Round Robin with a 1-unit time quantum,,midsem,pool,Pactise Questions/Discussion and Practise Questions on CPU scheduling.pdf
e8c08a2e73-40,0,,"From the given workload, which of the above scheduling policies maximize(s) CPU utilization as well as most suited for interactive jobs? If there is more than one, explain the primary advantage of using one over the other.",,midsem,pool,Pactise Questions/Discussion and Practise Questions on CPU scheduling.pdf
e8c08a2e73-41,0,,"Consider a multilevel feedback queue scheduler with three queues, numbered Q0 to Q2 (Q0 being the highest priority queue) and time quantum of 4 ms, 8 ms and 16ms respectively. If a process arrives in a higher priority queue, it will preempt any process in lower queue. Suppose that the following processes arrive for executing at the times indicated (numbers are in milliseconds). Assume no priority boosting.",,midsem,pool,Pactise Questions/Discussion and Practise Questions on CPU scheduling.pdf
e8c08a2e73-42,0,,Draw the scheduling of these processes with respect to time on X axis and different Queue’s on the Y axis.,,midsem,pool,Pactise Questions/Discussion and Practise Questions on CPU scheduling.pdf
e8c08a2e73-43,0,,Compute the average waiting and turnaround time.,,midsem,pool,Pactise Questions/Discussion and Practise Questions on CPU scheduling.pdf
e8c08a2e73-44,0,,"Figure below shows the timeline of how two CPU-bound (no I/O) jobs, A and B run over time on an OS using MLFQ (multi-level feedback queue) scheduler. Assume no other jobs are present in the system. Note that in the timeline after 225 till 500, A and B continue to get scheduled alternately with time quantum of 55 milliseconds and after 500milliseconds, the entire pattern repeats again, indefinitely (until the jobs are done)",,midsem,pool,Pactise Questions/Discussion and Practise Questions on CPU scheduling.pdf
e8c08a2e73-45,0,,How many queues do you think there are in this MLFQ scheduler?,,midsem,pool,Pactise Questions/Discussion and Practise Questions on CPU scheduling.pdf
e8c08a2e73-46,0,,How long is the time slice at the top-most (high priority) and the bottom-most (low priority) queue?,,midsem,pool,Pactise Questions/Discussion and Practise Questions on CPU scheduling.pdf
e8c08a2e73-47,0,,How often do processes get moved back to the topmost queue?,,midsem,pool,Pactise Questions/Discussion and Practise Questions on CPU scheduling.pdf
e8c08a2e73-48,0,,"Why does the scheduling policy MLFQ move processes to higher priority levels (i.e., the topmost queue) sometimes?",,midsem,pool,Pactise Questions/Discussion and Practise Questions on CPU scheduling.pdf
e04b54797f-0,0,,Briefly state the main steps that take place during transitioning from user mode to kernel mode via a system call.,,midsem,pool,Pactise Questions/Practise Questions on CPU virtualization.pdf
e04b54797f-1,0,,"State the sequence of important steps that take place during a system call clearly mentioning whether it is done by the OS, H/W or user program?",,midsem,pool,Pactise Questions/Practise Questions on CPU virtualization.pdf
e04b54797f-2,0,,"During the context switch mechanism, saving/restoring of two types of register context happens. Clearly explain the differences between them.",,midsem,pool,Pactise Questions/Practise Questions on CPU virtualization.pdf
e04b54797f-3,0,,A process executes following line of C code “if (fork()!=0) {fork();} fork();”. How many NEW processes are created?,,midsem,pool,Pactise Questions/Practise Questions on CPU virtualization.pdf
e04b54797f-4,0,,"Consider a parent process P that has forked a child process C in the program below. int a = 5; int fd = open(...) //opening a file int ret = fork(); if(ret>0) { close(fd); a = 6; ... } else if(ret==0) { printf(""a=%d\n"", a); read(fd, something); } After the new process is forked, suppose that the parent process is scheduled first, before the child process. Once the parent resumes after fork, it closes the file descriptor and changes the value of a variable as shown above. Assume that the child process is scheduled for the first time only after the parent completes these two changes. (a) What is the value of the variable a as printed in the child process, when it is scheduled next? Explain.",,midsem,pool,Pactise Questions/Practise Questions on CPU virtualization.pdf
e04b54797f-5,0,,"Consider a parent process that has forked a child in the code snippet below. int count = 0; ret = fork(); if(ret == 0) { printf(""count in child=%d\n"", count); } else { count = 1; } The parent executes the statement ”count = 1” before the child executes for the first time. Now, what is the value of count printed by the code above? Assume that the OS implements a regular fork (not a copy-on-write fork).",,midsem,pool,Pactise Questions/Practise Questions on CPU virtualization.pdf
e04b54797f-6,0,,"Consider a process that has requested to read some data from the disk and blocks. Subsequently, the data from the disk arrives and the interrupt is serviced. However, the process doesn’t start running immediately. What is the state of this process at this stage?",,midsem,pool,Pactise Questions/Practise Questions on CPU virtualization.pdf
e04b54797f-7,0,,"Consider a process P1 that forks P2, P2 forks P3, and P3 forks P4. P1 and P2 continue to execute while P3 terminates. Now, when P4 terminates, which process must wait for and reap P4?",,midsem,pool,Pactise Questions/Practise Questions on CPU virtualization.pdf
e04b54797f-8,0,,"Consider the following program: main(){ int fd; fd = open(""outfile"", O_CREAT|O_RDWR); // Line 1 fork(); // Line 2 write(fd, ""hello"", 5); exit(0); } (a) Assume that all system calls succeed on a uniprocessor system. Also, assume that a system call cannot be interrupted in the middle of its execution. What will be the contents of the “outfile” file, after all processes have successfully exited?",,midsem,pool,Pactise Questions/Practise Questions on CPU virtualization.pdf
e04b54797f-9,0,,"Consider the following three processes that arrive in a system at the specified times, along with the duration of their CPU bursts. Process P1 arrives at time t=0, and has a CPU burst of 10 time units. P2 arrives at t=2, and has a CPU burst of 2 units. P3 arrives at t=3, and has a CPU burst of 3 units. Assume that the processes execute only once for the duration of their CPU burst, and terminate immediately. Calculate the time of completion of the three processes under each of the following scheduling policies. (a) First Come First Serve",,midsem,pool,Pactise Questions/Practise Questions on CPU virtualization.pdf
e04b54797f-10,0,,"Consider the following set of processes, with the length of the CPU burst given in milliseconds. Process Burst Time Priority P1 10 3 P2 1 1 P3 2 3 P4 1 4 P5 5 2. The processes are assumed to have arrived in the order P1, P2, P3, P4, P5 all at time 0. (a) Draw four Gantt charts that illustrate the execution of these processes using the following scheduling algorithms: FCFS, SJF, non-preemptive priority (a smaller priority number implies a higher priority), and RR (quantum = 1).",,midsem,pool,Pactise Questions/Practise Questions on CPU virtualization.pdf
e04b54797f-11,0,,"Consider the following set of processes, with the length of the CPU burst and arrival time given in milliseconds. Process Burst Time Arrival time P1 8 0 P2 4 0.4 P3 1 1. (a) Draw four Gantt charts that illustrate the execution of these processes using the following scheduling algorithms: FCFS, SJF, Clairvoyant SJF (the algorithm can look into the future and wait for a shorter process that will arrive).",,midsem,pool,Pactise Questions/Practise Questions on CPU virtualization.pdf
e04b54797f-12,0,,"In the context of Round Robin (RR) scheduling, answer the following: (a) What are the major strengths and weaknesses of the RR approach?",,midsem,pool,Pactise Questions/Practise Questions on CPU virtualization.pdf
e04b54797f-13,0,,"In the context of Round Robin (RR) scheduling, answer the following: (b) How does reducing the time quanta of RR change its behavior/performance?",,midsem,pool,Pactise Questions/Practise Questions on CPU virtualization.pdf
e04b54797f-14,0,,"In the context of Round Robin (RR) scheduling, answer the following: (c) If a random job is picked to run next at each quantum, how would that change its performance (is it better, worse, or quite similar)?",,midsem,pool,Pactise Questions/Practise Questions on CPU virtualization.pdf
e04b54797f-15,0,,Consider a variant of the Round Robin (RR) scheduling algorithm in which the entries in the ready queue are pointers to the PCBs. (a) What would be the effect of putting two pointers to the same process in the ready queue?,,midsem,pool,Pactise Questions/Practise Questions on CPU virtualization.pdf
e04b54797f-16,0,,"In a particular workload given in table below, Jobs A and B are completely CPU-bound processes. Job C requires 1 unit of CPU followed by 4 time units of I/O, in a pattern repeated thrice, followed by 1 unit of CPU. For each job sequence, C stands for CPU and I stands for I/O. Job ID Arrival Execution pattern Length A 0 CCCCCCCCCCC 10 B 1 CCCCCCCCCCCC 11 C 2 CIIIICIIIICIIIIC 16. An example job schedule of a FIFO scheduling policy (without preemption) would look like: AAAAAAAAAABBBBBBBBBBBCxxxxCxxxxCxxxxC where x represents an idle CPU. Note here Job A began at time 0 and finished at time 10. Determine the job schedule for each of the following scheduling policies: (a) Round Robin with a 1-unit time quantum",,midsem,pool,Pactise Questions/Practise Questions on CPU virtualization.pdf
e04b54797f-17,0,,"Consider a multilevel feedback queue scheduler with three queues, numbered Q0 to Q2 (Q0 being the highest priority queue) and time quantum of 4 ms, 8 ms and 16ms respectively. If a process arrives in a higher priority queue, it will preempt any process in lower queue. Suppose that the following processes arrive for executing at the times indicated (numbers are in milliseconds). Assume no priority boosting. (a) Draw the scheduling of these processes with respect to time on X axis and different Queue’s on the Y axis.",,midsem,pool,Pactise Questions/Practise Questions on CPU virtualization.pdf
e04b54797f-18,0,,"Figure below shows the timeline of how two CPU-bound (no I/O) jobs, A and B run over time on an OS using MLFQ (multi-level feedback queue) scheduler. Assume no other jobs are present in the system. Note that in the timeline after 225 till 500, A and B continue to get scheduled alternately with time quantum of 55 milliseconds and after 500 milliseconds, the entire pattern repeats again, indefinitely (until the jobs are done). (a) How many queues do you think there are in this MLFQ scheduler?",,midsem,pool,Pactise Questions/Practise Questions on CPU virtualization.pdf
5503749da7-0,0,,"Answer yes/no, and provide a brief explanation.
Is it necessary for threads in a process to have separate stacks?
Is it necessary for threads in a process to have separate copies of the program executable?",,midsem,pool,Pactise Questions/Practise Questions on Concurrency.docx
5503749da7-1,0,,"Can one have concurrent execution of threads/processes without having parallelism? If yes, describe how. If not, explain why not.",,midsem,pool,Pactise Questions/Practise Questions on Concurrency.docx
5503749da7-2,0,,"Consider a multithreaded webserver running on a machine with N parallel CPU cores. The server has M worker threads. Every incoming request is put in a request queue, and served by one of the free worker threads. The server is fully saturated and has a certain throughput at saturation. Under which circumstances will increasing M lead to an increase in the saturation throughput of the server?",,midsem,pool,Pactise Questions/Practise Questions on Concurrency.docx
5503749da7-3,0,,Consider a process that uses a user level threading library to spawn 10 user level threads. The library maps these 10 threads on to 2 kernel threads. The process is executing on a 8-core system. What is the maximum number of threads of a process that can be executing in parallel?,,midsem,pool,Pactise Questions/Practise Questions on Concurrency.docx
5503749da7-4,0,,"Consider a user level threading library that multiplexes N > 1 user level threads over M ≥ 1 kernel threads. The library manages the concurrent scheduling of the multiple user threads that map to the same kernel thread internally, and the programmer using the library has no visibility or control on this scheduling or on the mapping between user threads and kernel threads. The N user level threads all access and update a shared data structure. When (or, under what conditions) should the user level threads use mutexes to guarantee the consistency of the shared data structure?
Only if M > 1.
Only if N ≥ M.
Only if the M kernel threads can run in parallel on a multi-core machine.
User level threads should always use mutexes to protect shared data.",,midsem,pool,Pactise Questions/Practise Questions on Concurrency.docx
5503749da7-5,0,,Creating user level threads in a Linux application via any threading library always leads to the creation of corresponding kernel-level threads. [T/F],,midsem,pool,Pactise Questions/Practise Questions on Concurrency.docx
5503749da7-6,0,,"Consider a Linux application with two threads T1 and T2 that both share and access a common variable x. Thread T1 uses a pthread mutex lock to protect its access to x. Now, if thread T2 tries to write to x without locking, then the Linux kernel generates a trap. [T/F]
1

In a single processor system, the kernel can simply disable interrupts to safely access kernel data structures, and does not need to use any spin locks. [T/F]
In the pthread condition variable API, a process calling wait on the condition variable must do so with a mutex held. State one problem that would occur if the API were to allow calls to wait without requiring a mutex to be held.
Consider N threads in a process that share a global variable in the program. If one thread makes a change to the variable, is this change visible to other threads? (Yes/No)
Consider N threads in a process. If one thread passes certain arguments to a function in the program, are these arguments visible to the other threads? (Yes/No)
Consider a user program thread that has locked a pthread mutex lock (that blocks when waiting for lock to be released) in user space. In modern operating systems, can this thread be context switched out or interrupted while holding the lock? (Yes/No)
Repeat the previous question when the thread holds a pthread spinlock in user space.
Consider a process that has switched to kernel mode and has acquired a spinlock to modify a kernel data structure. In modern operating systems, will this process be interrupted by external hardware before it releases the spinlock? (Yes/No)
Consider a process that has switched to kernel mode and has acquired a spinlock to modify a kernel data structure. In modern operating systems, will this process initiate a disk read before it releases the spinlock? (Yes/No)
When a user space process executes the wakeup/signal system call on a pthread condition variable, does it always lead to an immediate context switch of the process that calls signal (immediately after the signal instruction)? (Yes/No)
a). Multiple threads that are part of the same process have their own program counter and stack pointer values. True/False?
  b). Multiple threads that are part of the same process have their own copies of global variables. True/False?
A lecturer is about to ask his students to not talk in the class. Just as he is about to make the announcement a student starts talking, so he waits until the talking is finished. Just as he is about to make the announcement (for the second time) another student starts talking, so he waits until this conversation is finished. This process continues forever. This is an example of: (A) a critical section  (B) starvation (C) FCFS  (D) deadlock
Suppose we have N process which use 2 critical sections which are protected using locks. You can assume that the critical sections are independent of each other, the processes implement the critical region protocol correctly and that there is no starvation. What is the maximum number of suspended processes?  


Suppose you try to enforce mutual exclusion among two process as follows:  
Will this code enforce mutual exclusion, bounded-wait and no deadlock? 

With respect to a simple spin lock implementation using test-and-set atomic instruction, select which of the following statements are TRUE:  
I. It requires a preemptive scheduler to work correctly on single processor
II. The implementation is starvation free.
III. The processes/threads get access to CS in FIFO order.
IV. Performance issue (wastage of CPU cycles) when there is high contention
V. Good for multi processor scenario and small CS
(a) Provide two programming examples of multithreading giving improved performance over a single-threaded solution.
 (b) Provide two programming examples of multithreading that would not improve performance over a single-threaded solution.
(c) What resources are used when a thread is created? How do they differ from those used when a process is created?
Several processes wish to read and write data shared between them. Some processes only want to read, while others want to update the shared data. Multiple readers may concurrently access the data. However, a writer must not access the data concurrently with anyone else, either a reader or a writer. Write down pseudocode to implement the functions readLock, readUnlock, writeLock, and writeUnlock that are invoked by the readers and writers to realize read/write locks. You must use condition variables and mutexes only in your solution.
Consider the readers and writers problem discussed above. Recall that multiple readers can be allowed to read concurrently, while only one writer at a time can access the critical section. Write down pseudocode to implement the functions readLock, readUnlock, writeLock, and writeUnlock that are invoked by the readers and writers to realize read/write locks. You must use only semaphores, and no other synchronization mechanism, in your solution. Further, you must avoid using more semaphores than is necessary. Clearly list all the variables (semaphores, and any other flags/counters you may need) and their initial values at the start of your solution. Use the notation down(x) and up(x) to invoke atomic down and up operations on a semaphore x that are available via the OS API. Use sensible names for your variables.

2",,midsem,pool,Pactise Questions/Practise Questions on Concurrency.docx
5503749da7-7,0,,"Consider the readers and writers problem as discussed above. We wish to implement synchronization between readers and writers, while giving preference to writers, where no waiting writer should be kept waiting for longer than necessary. For example, suppose reader process
R1 is actively reading. And a writer process W1 and reader process R2 arrive while R1 is reading. While it might be fine to allow R2 in, this could prolong the waiting time of W1 beyond the absolute minimum of waiting until R1 finishes. Therefore, if we want writer preference,
R2 should not be allowed before W1. Your goal is to write down pseudocode for read lock, read unlock, write lock, and write unlock functions that the processes should call, in order to realize read/write locks with writer preference. You must use only simple locks/mutexes and conditional variables in your solution. Please pick sensible names for your variables so that your solution is readable.",,midsem,pool,Pactise Questions/Practise Questions on Concurrency.docx
5503749da7-8,0,,"Write a solution to the readers-writers problem with preference to writers discussed above, but using only semaphores.",,midsem,pool,Pactise Questions/Practise Questions on Concurrency.docx
5503749da7-9,0,,"Consider the famous dining philosophers’ problem. N philosophers are sitting around a table with N forks between them. Each philosopher must pick up both forks on her left and right before she can start eating. If each philosopher first picks the fork on her left (or right), then all will deadlock while waiting for the other fork. The goal is to come up with an algorithm that lets all philosophers eat, without deadlock or starvation. Write a solution to this problem using condition variables.",,midsem,pool,Pactise Questions/Practise Questions on Concurrency.docx
5503749da7-10,0,1.0,"Consider a clinic with one doctor and a very large waiting room (of infinite capacity). Any patient entering the clinic will wait in the waiting room until the doctor is free to see her. Similarly, the the doctor also waits for a patient to arrive to treat. All communication between the patients and the doctor happens via a shared memory buffer. Any of the several patient processes, or the doctor process can write to it. Once the patient “enters the doctors office”, she conveys her symptoms to the doctor using a call to consultDoctor(), which updates the shared memory with the patient’s symptoms. The doctor then calls treatPatient() to access the buffer and update it with details of the treatment. Finally, the patient process must call noteTreatment() to see the updated treatment details in the shared buffer, before leaving the doctor’s office. A template code for the patient and doctor processes is shown below. Enhance this code to correctly synchronize between the patient and the doctor processes. Your code should ensure that no race conditions occur due to several patients overwriting the shared buffer concurrently. Similarly, you must ensure that the doctor accesses the buffer only when there is valid new patient information in it, and the patient sees the treatment only after the doctor has written it to the buffer. You must use only semaphores to solve this problem. Clearly list the semaphore variables you use and their initial values first. Please pick sensible names for your variables.
Semaphore variables and initial values:
Patient process:
consultDoctor();
noteTreatment();
Doctor process: 
while(1) {
treatPatient(); 
}",,midsem,pool,Pactise Questions/Practise Questions on Concurrency.docx
5503749da7-11,0,1.0,"Consider a producer-consumer situation, where a process P produces an integer using the function produceNext() and sends it to process C. Process C receives the integer from P and consumes it in the function consumeNext(). After consuming this integer, C must let P know, and P must produce the next integer only after learning that C has consumed the earlier one. Assume that P and C get a pointer to a shared memory segment of 8 bytes, that can store any two 4-byte integer-sized fields, as shown below. Both fields in the shared memory structure are zeroed out initially. P and C can read or write from it, just as they would with any other data object. Briefly describe how you would solve the producer-consumer problem described above, using only this shared memory as a means of communication and synchronization between processes P and C. You must not use any other synchronization or communication primitive. You are provided template code below which gets a pointer to the shared memory, and pro-duces/consumes integers. You must write the code for communicating the integer between the processes using the shared memory, with synchronization logic as required.
struct shmem_structure {
int field1;
int field2;
};
Producer:
struct shmem_structure *shptr = get_shared_memory_structure();
while(1) {
int produced = produceNext();

}
Consumer:
struct shmem_ structure *shptr = get_shared_memory_structure();
while(1) {
int consumed; //fill this value from producer
consumeNext(consumed);
}

Consider a multithreaded banking application. The main process receives requests to tranfer money from one account to the other, and each request is handled by a separate worker thread in the application. All threads access shared data of all user bank accounts. Bank accounts are represented by a unique integer account number, a balance, and a lock of type mylock (much like a pthreads mutex) as shown below.
struct account { 
int accountnum; 
int balance;
mylock lock;
};
Each thread that receives a transfer request must implement the transfer function shown below, which transfers money from one account to the other. Add correct locking (by calling the dolock(&lock) and unlock(&lock) functions on a mylock variable) to the tranfer function below, so that no race conditions occur when several worker threads concurrently perform transfers. Note that you must use the fine-grained per account lock provided as part of the account object itself, and not a global lock of your own. Also make sure your solution is deadlock free, when multiple threads access the same pair of accounts concurrently.
void transfer(struct account *from, struct account *to, int amount) {
from->balance -= amount; // dont write anything... to->balance += amount; // ...between these two lines
}
Consider a process with three threads A, B, and C. The default thread of the process receives multiple requests, and places them in a request queue that is accessible by all the three threads A, B, and C. For each request, we require that the request must first be processed by thread A, then B, then C, then B again, and finally by A before it can be removed and discarded from the queue. Thread A must read the next request from the queue only after it is finished with all the above steps of the previous one. Write down code for the functions run by the threads A, B, and C, to enable this synchronization. You can only worry about the synchronization logic and ignore the application specific processing done by the threads. You may use any synchronization primitive of your choice to solve this question.

6",,midsem,pool,Pactise Questions/Practise Questions on Concurrency.docx
5503749da7-12,0,,"Consider two threads A and B that perform two operations each. Let the operations of thread A be A1 and A2; let the operations of thread B be B1 and B2. We require that threads A and B each perform their first operation before either can proceed to the second operation. That is, we require that A1 be run before B2 and B1 before A2. Consider the following solutions based on semaphores for this problem (the code run by threads A and B is shown in two columns next to each other). For each solution, explain whether the solution is correct or not. If it is incorrect, you must also point out why the solution is incorrect.
(a) sem A1Done = 0; sem B1Done = 0;
//Thread A	//Thread B
A1	B1
down(B1Done)	down(A1Done)
up(A1Done)	up(B1Done)
A2	B2
(b) sem A1Done = 0; sem B1Done = 0;
//Thread A	//Thread B
A1	B1
down(B1Done)	up(B1Done)
up(A1Done)	down(A1Done)
A2	B2
(c) sem A1Done = 0; sem B1Done = 0;
//Thread A	//Thread B
A1	B1
up(A1Done)	up(B1Done)
down(B1Done)	down(A1Done)
A2	B2

7

Now consider a generalization of the above problem for the case of N threads that want to each execute their first operation before any thread proceeds to the second operation. Below is the code that each thread runs in order to achieve this synchronization. count is an integer shared variable, and mutex is a mutex binary semaphore that protects this shared variable. step1Done is a semaphore initialized to zero. You are told that this code is wrong and does not work correctly. Further, you can fix it by changing it slightly (e.g., adding one statement, or rearranging the code in some way). Suggest the change to be made to the code in the snippet below to fix it. You must use only semaphores and no other synchronization mechanism.
//run first step
down(mutex);
count++;
up(mutex);
if(count == N)
up(step1Done);
down(step1Done);
//run second step
The cigarette smokers problem is a classical synchronization problem that involves 4 threads: one agent and three smokers. The smokers require three ingredients to smoke a cigarette: tobacco, paper, and matches. Each smoker has one of the three ingredients and waits for the other two, smokes the cigar once he obtains all ingredients, and repeats this forever. The agent repeatedly puts out two ingredients at a time and makes them available. In the correct solution of this problem, the smoker with the complementary ingredient should finish smoking his cigar. Consider the following solution to the problem. The shared variables are three semaphores tobacco, paper and matches initialized to 0, and semaphore doneSmoking initialized to 1. The agent code performs down(doneSmoking), then picks two of the three ingredients at random and performs up on the corresponding two semaphores, and repeats. The smoker with tobacco runs the following code in a loop.
down(paper)
down(matches)
//make and smoke cigar 
up(doneSmoking)
Similarly, the smoker with matches waits for tobacco and paper, and the smoker with paper waits for tobacco and matches, before signaling the agent that they are done smoking. Does the code above solve the synchronization problem correctly? If you answer yes, provide a justification for why the code is correct. If you answer no, describe what the error is and also provide a correct solution to the problem. (If you think the code is incorrect and are providing another solution, you may change the code of both the agent and the smokers. You can also introduce new variables as necessary. You must use only semaphores to solve the problem.)

8",,midsem,pool,Pactise Questions/Practise Questions on Concurrency.docx
5503749da7-13,0,,"Consider a server program running in an online market place firm. The program receives buy and sell orders for one type of commodity from external clients. For every buy or sell request received by the server, the main process spawns a new buy or sell thread. We require that every buy thread waits until a sell thread arrives, and vice versa. A matched pair of buy and sell threads will both return a response to the clients and exit. You may assume that all buy/sell requests are identical to each other, so that any buy thread can be matched with any sell thread. The code executed by the buy thread is shown below (the code of the sell thread would be symmetric). You have to write the synchronization logic that must be run at the start of the execution of the thread to enable it to wait for a matching sell thread to arrive (if none exists already). Once the threads are matched, you may assume that the function completeBuy() takes care of the application logic for exchanging information with the matching thread, communicating with the client, and finishing the transaction. You may use any synchronization technique of your choice.
//declare any variables here
buy_thread_function: 
//start of sync logic
//end of sync logic 
completeBuy();",,midsem,pool,Pactise Questions/Practise Questions on Concurrency.docx
5503749da7-14,0,,"Consider the following classical synchronization problem called the barbershop problem. A barbershop consists of a room with N chairs. If a customer enters the barbershop and all chairs are occupied, then the customer leaves the shop. If the barber is busy, but chairs are available, then the customer sits in one of the free chairs and awaits his turn. The barber moves onto the next waiting seated customer after he finishes one hair cut. If there are no customers to be served, the barber goes to sleep. If the barber is asleep when a customer arrives, the customer wakes up the barber to give him a hair cut. A waiting customer vacates his chair after his hair cut completes. Your goal is to write the pseudocode for the customer and barber threads below with suitable synchronization. You must use only semaphores to solve this problem. Use the standard notation of invoking up/down functions on a semaphore variable.
The following variables (3 semaphores and a count) are provided to you for your solution. You must use these variables and declare any additional variables if required.
semaphore mutex = 1, customers = 0, barber = 0; 
int waiting_count = 0;
Some functions to invoke in your customer and barber threads are:
A customer who finds the waiting room full should call the function leave() to exit the shop permanently. This function does not return.
A customer should invoke the function getHairCut() in order to get his hair cut. This function returns when the hair cut completes.
The barber thread should call cutHair() to give a hair cut. When the barber invokes this function, there should be exactly one customer invoking getHairCut() concurrently.

10",,midsem,pool,Pactise Questions/Practise Questions on Concurrency.docx
323fd2fe1f-0,0,,Briefly state four distinct reasons (or advantages) why modern OS support/implement memory virtualization,,midsem,pool,Pactise Questions/Practice Problems on Memory Virtualization.pdf
323fd2fe1f-1,0,,Specific to CPU virtualization mechanism,,midsem,pool,Pactise Questions/Practice Problems on Memory Virtualization.pdf
323fd2fe1f-2,0,,Specific to Memory virtualization mechanism,,midsem,pool,Pactise Questions/Practice Problems on Memory Virtualization.pdf
323fd2fe1f-3,0,,Common to both CPU and Memory virtualization mechanism,,midsem,pool,Pactise Questions/Practice Problems on Memory Virtualization.pdf
323fd2fe1f-4,0,,What was the base and bounds register of segment 0 set to?,,midsem,pool,Pactise Questions/Practice Problems on Memory Virtualization.pdf
323fd2fe1f-5,0,,What was the base and bound registers of segment 1 set to?,,midsem,pool,Pactise Questions/Practice Problems on Memory Virtualization.pdf
323fd2fe1f-6,0,,How many virtual pages are fast pages?,,midsem,pool,Pactise Questions/Practice Problems on Memory Virtualization.pdf
323fd2fe1f-7,0,,How many virtual pages are normal pages?,,midsem,pool,Pactise Questions/Practice Problems on Memory Virtualization.pdf
323fd2fe1f-8,0,,"What is the maximum size of an address space in bytes (use exponential notation for convenience, e.g., 23)?",,midsem,pool,Pactise Questions/Practice Problems on Memory Virtualization.pdf
323fd2fe1f-9,0,,"If TLB fetch time is T (with hit ratio as H) and Memory access time is M, what is the time taken for a memory reference (assume all referenced pages in memory) whose entry is in fast page",,midsem,pool,Pactise Questions/Practice Problems on Memory Virtualization.pdf
323fd2fe1f-10,0,,"Consider a system with paging-based memory management, whose architecture allows for a 4GB virtual address space for processes. The size of logical pages and physical frames is 4KB. The system has 8GB of physical RAM. The system allows a maximum of 1K (=1024) processes to run concurrently. Assuming the OS uses hierarchical paging, calculate the maximum memory space required to store the page tables of all processes in the system. Assume that each page table entry requires an additional 10 bits (beyond the frame number) to store various flags. Assume page table entries are rounded up to the nearest byte. Consider the memory required for both outer and inner page tables in your calculations.",,midsem,pool,Pactise Questions/Practice Problems on Memory Virtualization.pdf
323fd2fe1f-11,0,,"Translate the virtual addresses above to logical page numbers referenced by the process. That is, write down the reference string of 20 page numbers corresponding to the virtual address accesses above. Assume pages are numbered starting from 0, 1, ...",,midsem,pool,Pactise Questions/Practice Problems on Memory Virtualization.pdf
323fd2fe1f-12,0,,"Calculate the number of page faults generated by the accesses above, assuming a FIFO page replacement algorithm. You must also correctly point out which page accesses in the reference string shown by you in part (a) are responsible for the page faults.",,midsem,pool,Pactise Questions/Practice Problems on Memory Virtualization.pdf
323fd2fe1f-13,0,,Repeat (b) above for the LRU page replacement algorithm.,,midsem,pool,Pactise Questions/Practice Problems on Memory Virtualization.pdf
323fd2fe1f-14,0,,"What would be the lowest number of page faults achievable in this example, assuming an optimal page replacement algorithm were to be used? Repeat (b) above for the optimal algorithm.",,midsem,pool,Pactise Questions/Practice Problems on Memory Virtualization.pdf
323fd2fe1f-15,0,,"Define total memory access time as the time to access code/data from an address in physical memory, including the time to resolve the address (via the TLB or page tables) and the actual physical memory access itself. When a virtual address is resolved by the TLB, experiments on a machine have empirically observed the total memory access time to be (an approximately constant value of) th. Similarly, when the virtual address is not in the TLB, the total memory access time is observed to be tm. If the average total memory access time of the system (averaged across all memory accesses, including TLB hits as well as misses) is observed to be tx, calculate what fraction of memory addresses are resolved by the TLB. In other words, derive an expression for the TLB hit rate in terms of th, tm, and tx. You may assume tm > th.",,midsem,pool,Pactise Questions/Practice Problems on Memory Virtualization.pdf
323fd2fe1f-16,0,,"For NUM PAGES = 32, fill the table with number of TLB hits, misses and page faults that occur during the test code.",,midsem,pool,Pactise Questions/Practice Problems on Memory Virtualization.pdf
323fd2fe1f-17,0,,"For NUM PAGES = 1024, fill the table with number of TLB hits, misses and page faults that occur during the test code.",,midsem,pool,Pactise Questions/Practice Problems on Memory Virtualization.pdf
323fd2fe1f-18,0,,"For NUM PAGES = 2048, fill the table with number of TLB hits, misses and page faults that occur during the test code.",,midsem,pool,Pactise Questions/Practice Problems on Memory Virtualization.pdf
323fd2fe1f-19,0,,Translate virtual address 20 to physical address.,,midsem,pool,Pactise Questions/Practice Problems on Memory Virtualization.pdf
323fd2fe1f-20,0,,Translate virtual address 40 to physical address.,,midsem,pool,Pactise Questions/Practice Problems on Memory Virtualization.pdf
323fd2fe1f-21,0,,What is the number of logical pages of a process?,,midsem,pool,Pactise Questions/Practice Problems on Memory Virtualization.pdf
323fd2fe1f-22,0,,What is the number of physical frames in the system?,,midsem,pool,Pactise Questions/Practice Problems on Memory Virtualization.pdf
323fd2fe1f-23,0,,What is the number of PTEs that can be stored in a page?,,midsem,pool,Pactise Questions/Practice Problems on Memory Virtualization.pdf
323fd2fe1f-24,0,,How many pages are required to store the innermost PTEs?,,midsem,pool,Pactise Questions/Practice Problems on Memory Virtualization.pdf
323fd2fe1f-25,0,,"Derive an expression for l in terms of v, p, k, and e.",,midsem,pool,Pactise Questions/Practice Problems on Memory Virtualization.pdf
323fd2fe1f-26,0,,"Derive an expression for v0 in terms of l, v, p, k, and e.",,midsem,pool,Pactise Questions/Practice Problems on Memory Virtualization.pdf
323fd2fe1f-27,0,,"What is the total number of pages that are required to store the page table entries of a process, across all levels of the hierarchical page table?",,midsem,pool,Pactise Questions/Practice Problems on Memory Virtualization.pdf
323fd2fe1f-28,0,,Virtual address 7,,midsem,pool,Pactise Questions/Practice Problems on Memory Virtualization.pdf
323fd2fe1f-29,0,,Virtual address 20,,midsem,pool,Pactise Questions/Practice Problems on Memory Virtualization.pdf
323fd2fe1f-30,0,,Virtual address 70,,midsem,pool,Pactise Questions/Practice Problems on Memory Virtualization.pdf
323fd2fe1f-31,0,,Virtual address 80,,midsem,pool,Pactise Questions/Practice Problems on Memory Virtualization.pdf
323fd2fe1f-32,0,,"Out of the 6 memory accesses, how many result in a TLB miss? Clearly indicate the accesses that result in a miss. Assume that the TLB cache is empty before the accesses begin.",,midsem,pool,Pactise Questions/Practice Problems on Memory Virtualization.pdf
323fd2fe1f-33,0,,"Out of the 6 memory accesses, how many result in a page fault? Clearly indicate the accesses that result in a page fault.",,midsem,pool,Pactise Questions/Practice Problems on Memory Virtualization.pdf
323fd2fe1f-34,0,,"Upon accessing the logical address 60, which physical address is eventually accessed by the system (after servicing any page faults that may arise)? Show suitable calculations.",,midsem,pool,Pactise Questions/Practice Problems on Memory Virtualization.pdf
323fd2fe1f-35,0,,"What is the maximum number of levels in the page table of a process, including both the outermost page directory and the innermost page tables?",,midsem,pool,Pactise Questions/Practice Problems on Memory Virtualization.pdf
323fd2fe1f-36,0,,Indicate which bits of the virtual address are used to index into each of the levels of the page table.,,midsem,pool,Pactise Questions/Practice Problems on Memory Virtualization.pdf
323fd2fe1f-37,0,,Calculate the maximum number of pages that may be required to store all the page table entries of a process across all levels of the page table.,,midsem,pool,Pactise Questions/Practice Problems on Memory Virtualization.pdf
323fd2fe1f-38,0,,Size of the page table of a process,,midsem,pool,Pactise Questions/Practice Problems on Memory Virtualization.pdf
323fd2fe1f-39,0,,TLB hit rate,,midsem,pool,Pactise Questions/Practice Problems on Memory Virtualization.pdf
323fd2fe1f-40,0,,Internal fragmentation of main memory,,midsem,pool,Pactise Questions/Practice Problems on Memory Virtualization.pdf
323fd2fe1f-41,0,,Which logical page number does this virtual address correspond to?,,midsem,pool,Pactise Questions/Practice Problems on Memory Virtualization.pdf
323fd2fe1f-42,0,,Which physical address does this virtual address translate to?,,midsem,pool,Pactise Questions/Practice Problems on Memory Virtualization.pdf
323fd2fe1f-43,0,,Calculate the maximum number of pages required to store all levels of the page table of a process in this system.,,midsem,pool,Pactise Questions/Practice Problems on Memory Virtualization.pdf
323fd2fe1f-44,0,,"Assuming the demand paging system is using an LRU replacement policy, how many page faults do the 8 page accesses above generate? Indicate the accesses which cause the faults.",,midsem,pool,Pactise Questions/Practice Problems on Memory Virtualization.pdf
323fd2fe1f-45,0,,What is the minimum number of page faults that would be generated by an optimal page replacement policy? Indicate the accesses which cause the faults.,,midsem,pool,Pactise Questions/Practice Problems on Memory Virtualization.pdf
323fd2fe1f-46,0,,What is the minimum possible size (in pages) of the page table of this process?,,midsem,pool,Pactise Questions/Practice Problems on Memory Virtualization.pdf
323fd2fe1f-47,0,,What is the maximum possible size (in pages) of the page table of this process?,,midsem,pool,Pactise Questions/Practice Problems on Memory Virtualization.pdf
323fd2fe1f-48,0,,"For each of these two policies, you must state if the policy can suffer from Belady’s anomaly (yes/no). Further, if you answer yes, you must provide an example of the occurrence of the anomaly.",,midsem,pool,Pactise Questions/Practice Problems on Memory Virtualization.pdf
323fd2fe1f-49,0,,(a) FIFO,,midsem,pool,Pactise Questions/Practice Problems on Memory Virtualization.pdf
